id,name_en,name_ar,category,uses,side_effects
1,"Panadol Extra Tablets","بنادول أقراص إكسترا",Painkillers,"تُستخدم بنادول أقراص إكسترا كمسكن قوي وفعال لآلام الهيكل العظمي والمفاصل، وخافض سريع لحرارة الجسم المرتفعة (الحمى). يُستخدم بكفاءة لعلاج الصداع أو الصداع النصفي، آلام الدورة الشهرية لدى النساء، والتهابات الحلق المرافقة لنزلات البرد وتخفيف آلام الأسنان.","يعتبر آمناً جداً عند الاستخدام المعتدل، ولكن الجرعات الزائدة المتكررة قد تسبب إجهاداً شديداً لوظائف الكبد، وفي حالات نادرة قد يحدث طفح جلدي طفيف."
2,"Panadol Advance 500mg Tablets","بنادول أقراص أدفانس 500 مجم",Painkillers,"تُستخدم بنادول أقراص أدفانس 500 مجم كمسكن قوي وفعال لآلام الهيكل العظمي والمفاصل، وخافض سريع لحرارة الجسم المرتفعة (الحمى). يُستخدم بكفاءة لعلاج الصداع أو الصداع النصفي، آلام الدورة الشهرية لدى النساء، والتهابات الحلق المرافقة لنزلات البرد وتخفيف آلام الأسنان.","يعتبر آمناً جداً عند الاستخدام المعتدل، ولكن الجرعات الزائدة المتكررة قد تسبب إجهاداً شديداً لوظائف الكبد، وفي حالات نادرة قد يحدث طفح جلدي طفيف."
3,"Panadol 1000mg Tablets","بنادول أقراص 1000 مجم",Painkillers,"تُستخدم بنادول أقراص 1000 مجم كمسكن قوي وفعال لآلام الهيكل العظمي والمفاصل، وخافض سريع لحرارة الجسم المرتفعة (الحمى). يُستخدم بكفاءة لعلاج الصداع أو الصداع النصفي، آلام الدورة الشهرية لدى النساء، والتهابات الحلق المرافقة لنزلات البرد وتخفيف آلام الأسنان.","يعتبر آمناً جداً عند الاستخدام المعتدل، ولكن الجرعات الزائدة المتكررة قد تسبب إجهاداً شديداً لوظائف الكبد، وفي حالات نادرة قد يحدث طفح جلدي طفيف."
4,"Panadol Night Tablets","بنادول نايت أقراص",Painkillers,"تُستخدم بنادول نايت أقراص كمسكن قوي وفعال لآلام الهيكل العظمي والمفاصل، وخافض سريع لحرارة الجسم المرتفعة (الحمى). يُستخدم بكفاءة لعلاج الصداع أو الصداع النصفي، آلام الدورة الشهرية لدى النساء، والتهابات الحلق المرافقة لنزلات البرد وتخفيف آلام الأسنان.","يعتبر آمناً جداً عند الاستخدام المعتدل، ولكن الجرعات الزائدة المتكررة قد تسبب إجهاداً شديداً لوظائف الكبد، وفي حالات نادرة قد يحدث طفح جلدي طفيف."
5,"Panadol Cold and Flu","بنادول كولد آند فلو",Painkillers,"تُستخدم بنادول كولد آند فلو كمسكن قوي وفعال لآلام الهيكل العظمي والمفاصل، وخافض سريع لحرارة الجسم المرتفعة (الحمى). يُستخدم بكفاءة لعلاج الصداع أو الصداع النصفي، آلام الدورة الشهرية لدى النساء، والتهابات الحلق المرافقة لنزلات البرد وتخفيف آلام الأسنان.","يعتبر آمناً جداً عند الاستخدام المعتدل، ولكن الجرعات الزائدة المتكررة قد تسبب إجهاداً شديداً لوظائف الكبد، وفي حالات نادرة قد يحدث طفح جلدي طفيف."
6,"Panadol Syrup","بنادول شراب",Painkillers,"تُستخدم بنادول شراب كمسكن قوي وفعال لآلام الهيكل العظمي والمفاصل، وخافض سريع لحرارة الجسم المرتفعة (الحمى). يُستخدم بكفاءة لعلاج الصداع أو الصداع النصفي، آلام الدورة الشهرية لدى النساء، والتهابات الحلق المرافقة لنزلات البرد وتخفيف آلام الأسنان.","يعتبر آمناً جداً عند الاستخدام المعتدل، ولكن الجرعات الزائدة المتكررة قد تسبب إجهاداً شديداً لوظائف الكبد، وفي حالات نادرة قد يحدث طفح جلدي طفيف."
7,"Panadol Suppositories","بنادول لبوس",Painkillers,"تُستخدم بنادول لبوس كمسكن قوي وفعال لآلام الهيكل العظمي والمفاصل، وخافض سريع لحرارة الجسم المرتفعة (الحمى). يُستخدم بكفاءة لعلاج الصداع أو الصداع النصفي، آلام الدورة الشهرية لدى النساء، والتهابات الحلق المرافقة لنزلات البرد وتخفيف آلام الأسنان.","يعتبر آمناً جداً عند الاستخدام المعتدل، ولكن الجرعات الزائدة المتكررة قد تسبب إجهاداً شديداً لوظائف الكبد، وفي حالات نادرة قد يحدث طفح جلدي طفيف."
8,"Panadol Ampoules","بنادول أمبولات",Painkillers,"تُستخدم بنادول أمبولات كمسكن قوي وفعال لآلام الهيكل العظمي والمفاصل، وخافض سريع لحرارة الجسم المرتفعة (الحمى). يُستخدم بكفاءة لعلاج الصداع أو الصداع النصفي، آلام الدورة الشهرية لدى النساء، والتهابات الحلق المرافقة لنزلات البرد وتخفيف آلام الأسنان.","يعتبر آمناً جداً عند الاستخدام المعتدل، ولكن الجرعات الزائدة المتكررة قد تسبب إجهاداً شديداً لوظائف الكبد، وفي حالات نادرة قد يحدث طفح جلدي طفيف."
9,"Panadol SR Capsules","بنادول أقراص ممتدة",Painkillers,"تُستخدم بنادول أقراص ممتدة كمسكن قوي وفعال لآلام الهيكل العظمي والمفاصل، وخافض سريع لحرارة الجسم المرتفعة (الحمى). يُستخدم بكفاءة لعلاج الصداع أو الصداع النصفي، آلام الدورة الشهرية لدى النساء، والتهابات الحلق المرافقة لنزلات البرد وتخفيف آلام الأسنان.","يعتبر آمناً جداً عند الاستخدام المعتدل، ولكن الجرعات الزائدة المتكررة قد تسبب إجهاداً شديداً لوظائف الكبد، وفي حالات نادرة قد يحدث طفح جلدي طفيف."
10,"Cetal Tablets","سيتال أقراص",Painkillers,"تُستخدم سيتال أقراص كمسكن قوي وفعال لآلام الهيكل العظمي والمفاصل، وخافض سريع لحرارة الجسم المرتفعة (الحمى). يُستخدم بكفاءة لعلاج الصداع أو الصداع النصفي، آلام الدورة الشهرية لدى النساء، والتهابات الحلق المرافقة لنزلات البرد وتخفيف آلام الأسنان.","يعتبر آمناً جداً عند الاستخدام المعتدل، ولكن الجرعات الزائدة المتكررة قد تسبب إجهاداً شديداً لوظائف الكبد، وفي حالات نادرة قد يحدث طفح جلدي طفيف."
11,"Cetal Syrup","سيتال شراب",Painkillers,"تُستخدم سيتال شراب كمسكن قوي وفعال لآلام الهيكل العظمي والمفاصل، وخافض سريع لحرارة الجسم المرتفعة (الحمى). يُستخدم بكفاءة لعلاج الصداع أو الصداع النصفي، آلام الدورة الشهرية لدى النساء، والتهابات الحلق المرافقة لنزلات البرد وتخفيف آلام الأسنان.","يعتبر آمناً جداً عند الاستخدام المعتدل، ولكن الجرعات الزائدة المتكررة قد تسبب إجهاداً شديداً لوظائف الكبد، وفي حالات نادرة قد يحدث طفح جلدي طفيف."
12,"Cetal Suppositories","سيتال لبوس",Painkillers,"تُستخدم سيتال لبوس كمسكن قوي وفعال لآلام الهيكل العظمي والمفاصل، وخافض سريع لحرارة الجسم المرتفعة (الحمى). يُستخدم بكفاءة لعلاج الصداع أو الصداع النصفي، آلام الدورة الشهرية لدى النساء، والتهابات الحلق المرافقة لنزلات البرد وتخفيف آلام الأسنان.","يعتبر آمناً جداً عند الاستخدام المعتدل، ولكن الجرعات الزائدة المتكررة قد تسبب إجهاداً شديداً لوظائف الكبد، وفي حالات نادرة قد يحدث طفح جلدي طفيف."
13,"Adol Tablets","أدول أقراص",Painkillers,"تُستخدم أدول أقراص كمسكن قوي وفعال لآلام الهيكل العظمي والمفاصل، وخافض سريع لحرارة الجسم المرتفعة (الحمى). يُستخدم بكفاءة لعلاج الصداع أو الصداع النصفي، آلام الدورة الشهرية لدى النساء، والتهابات الحلق المرافقة لنزلات البرد وتخفيف آلام الأسنان.","يعتبر آمناً جداً عند الاستخدام المعتدل، ولكن الجرعات الزائدة المتكررة قد تسبب إجهاداً شديداً لوظائف الكبد، وفي حالات نادرة قد يحدث طفح جلدي طفيف."
14,"Adol Syrup","أدول شراب",Painkillers,"تُستخدم أدول شراب كمسكن قوي وفعال لآلام الهيكل العظمي والمفاصل، وخافض سريع لحرارة الجسم المرتفعة (الحمى). يُستخدم بكفاءة لعلاج الصداع أو الصداع النصفي، آلام الدورة الشهرية لدى النساء، والتهابات الحلق المرافقة لنزلات البرد وتخفيف آلام الأسنان.","يعتبر آمناً جداً عند الاستخدام المعتدل، ولكن الجرعات الزائدة المتكررة قد تسبب إجهاداً شديداً لوظائف الكبد، وفي حالات نادرة قد يحدث طفح جلدي طفيف."
15,"Adol Suppositories","أدول لبوس",Painkillers,"تُستخدم أدول لبوس كمسكن قوي وفعال لآلام الهيكل العظمي والمفاصل، وخافض سريع لحرارة الجسم المرتفعة (الحمى). يُستخدم بكفاءة لعلاج الصداع أو الصداع النصفي، آلام الدورة الشهرية لدى النساء، والتهابات الحلق المرافقة لنزلات البرد وتخفيف آلام الأسنان.","يعتبر آمناً جداً عند الاستخدام المعتدل، ولكن الجرعات الزائدة المتكررة قد تسبب إجهاداً شديداً لوظائف الكبد، وفي حالات نادرة قد يحدث طفح جلدي طفيف."
16,"Paramol Tablets","باراموال أقراص",Painkillers,"تُستخدم باراموال أقراص كمسكن قوي وفعال لآلام الهيكل العظمي والمفاصل، وخافض سريع لحرارة الجسم المرتفعة (الحمى). يُستخدم بكفاءة لعلاج الصداع أو الصداع النصفي، آلام الدورة الشهرية لدى النساء، والتهابات الحلق المرافقة لنزلات البرد وتخفيف آلام الأسنان.","يعتبر آمناً جداً عند الاستخدام المعتدل، ولكن الجرعات الزائدة المتكررة قد تسبب إجهاداً شديداً لوظائف الكبد، وفي حالات نادرة قد يحدث طفح جلدي طفيف."
17,"Abimol Tablets","أبيمول أقراص",Painkillers,"تُستخدم أبيمول أقراص كمسكن قوي وفعال لآلام الهيكل العظمي والمفاصل، وخافض سريع لحرارة الجسم المرتفعة (الحمى). يُستخدم بكفاءة لعلاج الصداع أو الصداع النصفي، آلام الدورة الشهرية لدى النساء، والتهابات الحلق المرافقة لنزلات البرد وتخفيف آلام الأسنان.","يعتبر آمناً جداً عند الاستخدام المعتدل، ولكن الجرعات الزائدة المتكررة قد تسبب إجهاداً شديداً لوظائف الكبد، وفي حالات نادرة قد يحدث طفح جلدي طفيف."
18,"Megafen Tablets","ميجافين أقراص",Painkillers,"تُستخدم ميجافين أقراص كمضاد للالتهابات غير الستيرويدية (NSAID) يعمل كمسكن قوي للآلام المتوسطة إلى الشديدة، ويُستخدم بشكل واسع لخفض الحرارة، وتقليل التورم والالتهاب المرافق لالتهاب المفاصل، الكدمات، آلام الأسنان المبرحة والآلام الروماتيزمية.","شائعاً ما يسبب اضطرابات في المعدة كالتهاب الجدار المعدي أو الحموضة وحرقان الصدر، ويحظر استخدامه لمرضى قرحة المعدة أو الربو الشديد."
19,"Brufen 400mg Tablets","بروفين أقراص 400 مجم",Painkillers,"تُستخدم بروفين أقراص 400 مجم كمضاد للالتهابات غير الستيرويدية (NSAID) يعمل كمسكن قوي للآلام المتوسطة إلى الشديدة، ويُستخدم بشكل واسع لخفض الحرارة، وتقليل التورم والالتهاب المرافق لالتهاب المفاصل، الكدمات، آلام الأسنان المبرحة والآلام الروماتيزمية.","شائعاً ما يسبب اضطرابات في المعدة كالتهاب الجدار المعدي أو الحموضة وحرقان الصدر، ويحظر استخدامه لمرضى قرحة المعدة أو الربو الشديد."
20,"Brufen 600mg Tablets","بروفين أقراص 600 مجم",Painkillers,"تُستخدم بروفين أقراص 600 مجم كمضاد للالتهابات غير الستيرويدية (NSAID) يعمل كمسكن قوي للآلام المتوسطة إلى الشديدة، ويُستخدم بشكل واسع لخفض الحرارة، وتقليل التورم والالتهاب المرافق لالتهاب المفاصل، الكدمات، آلام الأسنان المبرحة والآلام الروماتيزمية.","شائعاً ما يسبب اضطرابات في المعدة كالتهاب الجدار المعدي أو الحموضة وحرقان الصدر، ويحظر استخدامه لمرضى قرحة المعدة أو الربو الشديد."
21,"Brufen Syrup","بروفين شراب",Painkillers,"تُستخدم بروفين شراب كمضاد للالتهابات غير الستيرويدية (NSAID) يعمل كمسكن قوي للآلام المتوسطة إلى الشديدة، ويُستخدم بشكل واسع لخفض الحرارة، وتقليل التورم والالتهاب المرافق لالتهاب المفاصل، الكدمات، آلام الأسنان المبرحة والآلام الروماتيزمية.","شائعاً ما يسبب اضطرابات في المعدة كالتهاب الجدار المعدي أو الحموضة وحرقان الصدر، ويحظر استخدامه لمرضى قرحة المعدة أو الربو الشديد."
22,"Brufen 200mg Tablets","بروفين أقراص 200 مجم",Painkillers,"تُستخدم بروفين أقراص 200 مجم كمضاد للالتهابات غير الستيرويدية (NSAID) يعمل كمسكن قوي للآلام المتوسطة إلى الشديدة، ويُستخدم بشكل واسع لخفض الحرارة، وتقليل التورم والالتهاب المرافق لالتهاب المفاصل، الكدمات، آلام الأسنان المبرحة والآلام الروماتيزمية.","شائعاً ما يسبب اضطرابات في المعدة كالتهاب الجدار المعدي أو الحموضة وحرقان الصدر، ويحظر استخدامه لمرضى قرحة المعدة أو الربو الشديد."
23,"Voltaren 50mg Tablets","فولتارين أقراص 50 مجم",Painkillers,"تُستخدم فولتارين أقراص 50 مجم كمضاد التهاب ومسكن قوي لآلام العظام الشديدة، الهجمات الروماتيزمية الحادة، هشاشة العظام، وآلام ما بعد العمليات الجراحية الموضعية والكسور.","قد يسبب الاستخدام المطول ألماً في المعدة أو قرحة معدية، وارتفاعاً طفيفاً في ضغط الدم، ولا يُنصح باستخدامه لمرضى القلب دون استشارة طبيب."
24,"Voltaren 75mg Ampoules","فولتارين أمبولات 75 مجم",Painkillers,"تُستخدم فولتارين أمبولات 75 مجم كمضاد التهاب ومسكن قوي لآلام العظام الشديدة، الهجمات الروماتيزمية الحادة، هشاشة العظام، وآلام ما بعد العمليات الجراحية الموضعية والكسور.","قد يسبب الاستخدام المطول ألماً في المعدة أو قرحة معدية، وارتفاعاً طفيفاً في ضغط الدم، ولا يُنصح باستخدامه لمرضى القلب دون استشارة طبيب."
25,"Voltaren Gel","فولتارين جل",Painkillers,"تُستخدم فولتارين جل كمضاد التهاب ومسكن قوي لآلام العظام الشديدة، الهجمات الروماتيزمية الحادة، هشاشة العظام، وآلام ما بعد العمليات الجراحية الموضعية والكسور.","قد يسبب الاستخدام المطول ألماً في المعدة أو قرحة معدية، وارتفاعاً طفيفاً في ضغط الدم، ولا يُنصح باستخدامه لمرضى القلب دون استشارة طبيب."
26,"Voltaren Suppositories","فولتارين لبوس",Painkillers,"تُستخدم فولتارين لبوس كمضاد التهاب ومسكن قوي لآلام العظام الشديدة، الهجمات الروماتيزمية الحادة، هشاشة العظام، وآلام ما بعد العمليات الجراحية الموضعية والكسور.","قد يسبب الاستخدام المطول ألماً في المعدة أو قرحة معدية، وارتفاعاً طفيفاً في ضغط الدم، ولا يُنصح باستخدامه لمرضى القلب دون استشارة طبيب."
27,"Cataflam 50mg Tablets","كتافلام أقراص 50 مجم",Painkillers,"تُستخدم كتافلام أقراص 50 مجم كمضاد التهاب ومسكن قوي لآلام العظام الشديدة، الهجمات الروماتيزمية الحادة، هشاشة العظام، وآلام ما بعد العمليات الجراحية الموضعية والكسور.","قد يسبب الاستخدام المطول ألماً في المعدة أو قرحة معدية، وارتفاعاً طفيفاً في ضغط الدم، ولا يُنصح باستخدامه لمرضى القلب دون استشارة طبيب."
28,"Ketofan 100mg Tablets","كيتوفان أقراص 100 مجم",Painkillers,"تُستخدم كيتوفان أقراص 100 مجم كمسكن قوي للآلام الجسدية والعضلية والتهابات الأوتار والالتواءات الرياضية الحادة، بالإضافة لتسكين آلام الأسنان العميقة.","أعراض هضمية كالغثيان وألم محيط المعدة، ويجب تجنبه في حالات مرضى القرحة أو القصور الكلوي الشديد."
29,"Ketofan Ampoules","كيتوفان أمبولات",Painkillers,"تُستخدم كيتوفان أمبولات كمسكن قوي للآلام الجسدية والعضلية والتهابات الأوتار والالتواءات الرياضية الحادة، بالإضافة لتسكين آلام الأسنان العميقة.","أعراض هضمية كالغثيان وألم محيط المعدة، ويجب تجنبه في حالات مرضى القرحة أو القصور الكلوي الشديد."
30,"Celebrex 200mg Capsules","سيليبريكس كبسولات 200 مجم",Painkillers,"تُستخدم سيليبريكس كبسولات 200 مجم كمسكن وآمن نسبياً على المعدة يستهدف تخفيف أعراض الفصال العظمي الدائم، التهاب المفاصل الروماتويدي المزمن، وتسكين آلام أسفل الظهر الحادة.","آمن على المعدة بشكل أفضل من المسكنات العادية، لكنه قد يزيد من خطر حدوث الجلطات لمرضى القلب والأوعية الدموية عند الاستخدام بجرعات عالية."
31,"Arcoxia 90mg Tablets","أركوكسيا أقراص 90 مجم",Painkillers,"تُستخدم أركوكسيا أقراص 90 مجم كمسكن وآمن نسبياً على المعدة يستهدف تخفيف أعراض الفصال العظمي الدائم، التهاب المفاصل الروماتويدي المزمن، وتسكين آلام أسفل الظهر الحادة.","آمن على المعدة بشكل أفضل من المسكنات العادية، لكنه قد يزيد من خطر حدوث الجلطات لمرضى القلب والأوعية الدموية عند الاستخدام بجرعات عالية."
32,"Mobic 15mg Tablets","موبيك أقراص 15 مجم",Painkillers,"تُستخدم موبيك أقراص 15 مجم كمسكن وآمن نسبياً على المعدة يستهدف تخفيف أعراض الفصال العظمي الدائم، التهاب المفاصل الروماتويدي المزمن، وتسكين آلام أسفل الظهر الحادة.","آمن على المعدة بشكل أفضل من المسكنات العادية، لكنه قد يزيد من خطر حدوث الجلطات لمرضى القلب والأوعية الدموية عند الاستخدام بجرعات عالية."
33,"Indocid Capsules","إندوسيد كبسولات",Painkillers,"تُستخدم إندوسيد كبسولات كمسكن قوي وفعال لآلام الهيكل العظمي والمفاصل، وخافض سريع لحرارة الجسم المرتفعة (الحمى). يُستخدم بكفاءة لعلاج الصداع أو الصداع النصفي، آلام الدورة الشهرية لدى النساء، والتهابات الحلق المرافقة لنزلات البرد وتخفيف آلام الأسنان.","يعتبر آمناً جداً عند الاستخدام المعتدل، ولكن الجرعات الزائدة المتكررة قد تسبب إجهاداً شديداً لوظائف الكبد، وفي حالات نادرة قد يحدث طفح جلدي طفيف."
34,"Novaldol Tablets","نوفالدول أقراص",Painkillers,"تُستخدم نوفالدول أقراص كمسكن قوي وفعال لآلام الهيكل العظمي والمفاصل، وخافض سريع لحرارة الجسم المرتفعة (الحمى). يُستخدم بكفاءة لعلاج الصداع أو الصداع النصفي، آلام الدورة الشهرية لدى النساء، والتهابات الحلق المرافقة لنزلات البرد وتخفيف آلام الأسنان.","يعتبر آمناً جداً عند الاستخدام المعتدل، ولكن الجرعات الزائدة المتكررة قد تسبب إجهاداً شديداً لوظائف الكبد، وفي حالات نادرة قد يحدث طفح جلدي طفيف."
35,"Augmentin 625mg Tablets","أوجمنتين أقراص 625 مجم",Antibiotics,"تُستخدم أوجمنتين أقراص 625 مجم كمضاد حيوي واسع المجال بتركيبة البنسلين، يُستخدم بفعالية فائقة للقضاء على الالتهابات البكتيرية في الجهاز التنفسي العلوي والسفلي (كالتهاب اللوزتين والجيوب الأنفية والالتهاب الرئوي)، بالإضافة لمعالجة التهابات الأذن والمسالك البولية وعدوى الأسنان.","قد يصاحبه إسهال أو اضطرابات هضمية خفيفة. يجب التوقف فوراً ومراجعة الطبيب إذا ظهر طفح جلدي كثيف أو تورم يشير لحساسية من البنسلين."
36,"Augmentin 1g Tablets","أوجمنتين أقراص 1 جرام",Antibiotics,"تُستخدم أوجمنتين أقراص 1 جرام كمضاد حيوي واسع المجال بتركيبة البنسلين، يُستخدم بفعالية فائقة للقضاء على الالتهابات البكتيرية في الجهاز التنفسي العلوي والسفلي (كالتهاب اللوزتين والجيوب الأنفية والالتهاب الرئوي)، بالإضافة لمعالجة التهابات الأذن والمسالك البولية وعدوى الأسنان.","قد يصاحبه إسهال أو اضطرابات هضمية خفيفة. يجب التوقف فوراً ومراجعة الطبيب إذا ظهر طفح جلدي كثيف أو تورم يشير لحساسية من البنسلين."
37,"Augmentin 457mg Suspension","أوجمنتين معلق 457 مجم",Antibiotics,"تُستخدم أوجمنتين معلق 457 مجم كمضاد حيوي واسع المجال بتركيبة البنسلين، يُستخدم بفعالية فائقة للقضاء على الالتهابات البكتيرية في الجهاز التنفسي العلوي والسفلي (كالتهاب اللوزتين والجيوب الأنفية والالتهاب الرئوي)، بالإضافة لمعالجة التهابات الأذن والمسالك البولية وعدوى الأسنان.","قد يصاحبه إسهال أو اضطرابات هضمية خفيفة. يجب التوقف فوراً ومراجعة الطبيب إذا ظهر طفح جلدي كثيف أو تورم يشير لحساسية من البنسلين."
38,"Augmentin Ampoules","أوجمنتين أمبولات",Antibiotics,"تُستخدم أوجمنتين أمبولات كمضاد حيوي واسع المجال بتركيبة البنسلين، يُستخدم بفعالية فائقة للقضاء على الالتهابات البكتيرية في الجهاز التنفسي العلوي والسفلي (كالتهاب اللوزتين والجيوب الأنفية والالتهاب الرئوي)، بالإضافة لمعالجة التهابات الأذن والمسالك البولية وعدوى الأسنان.","قد يصاحبه إسهال أو اضطرابات هضمية خفيفة. يجب التوقف فوراً ومراجعة الطبيب إذا ظهر طفح جلدي كثيف أو تورم يشير لحساسية من البنسلين."
39,"Amoxil 500mg Capsules","أموكسيل كبسولات 500 مجم",Antibiotics,"تُستخدم أموكسيل كبسولات 500 مجم كمضاد حيوي واسع المجال بتركيبة البنسلين، يُستخدم بفعالية فائقة للقضاء على الالتهابات البكتيرية في الجهاز التنفسي العلوي والسفلي (كالتهاب اللوزتين والجيوب الأنفية والالتهاب الرئوي)، بالإضافة لمعالجة التهابات الأذن والمسالك البولية وعدوى الأسنان.","قد يصاحبه إسهال أو اضطرابات هضمية خفيفة. يجب التوقف فوراً ومراجعة الطبيب إذا ظهر طفح جلدي كثيف أو تورم يشير لحساسية من البنسلين."
40,"Amoxil 250mg Suspension","أموكسيل معلق 250 مجم",Antibiotics,"تُستخدم أموكسيل معلق 250 مجم كمضاد حيوي واسع المجال بتركيبة البنسلين، يُستخدم بفعالية فائقة للقضاء على الالتهابات البكتيرية في الجهاز التنفسي العلوي والسفلي (كالتهاب اللوزتين والجيوب الأنفية والالتهاب الرئوي)، بالإضافة لمعالجة التهابات الأذن والمسالك البولية وعدوى الأسنان.","قد يصاحبه إسهال أو اضطرابات هضمية خفيفة. يجب التوقف فوراً ومراجعة الطبيب إذا ظهر طفح جلدي كثيف أو تورم يشير لحساسية من البنسلين."
41,"Flumox 500mg Capsules","فلوموكس كبسولات 500 مجم",Antibiotics,"تُستخدم فلوموكس كبسولات 500 مجم كمضاد حيوي واسع المجال بتركيبة البنسلين، يُستخدم بفعالية فائقة للقضاء على الالتهابات البكتيرية في الجهاز التنفسي العلوي والسفلي (كالتهاب اللوزتين والجيوب الأنفية والالتهاب الرئوي)، بالإضافة لمعالجة التهابات الأذن والمسالك البولية وعدوى الأسنان.","قد يصاحبه إسهال أو اضطرابات هضمية خفيفة. يجب التوقف فوراً ومراجعة الطبيب إذا ظهر طفح جلدي كثيف أو تورم يشير لحساسية من البنسلين."
42,"Flumox 1g Tablets","فلوموكس أقراص 1 جرام",Antibiotics,"تُستخدم فلوموكس أقراص 1 جرام كمضاد حيوي واسع المجال بتركيبة البنسلين، يُستخدم بفعالية فائقة للقضاء على الالتهابات البكتيرية في الجهاز التنفسي العلوي والسفلي (كالتهاب اللوزتين والجيوب الأنفية والالتهاب الرئوي)، بالإضافة لمعالجة التهابات الأذن والمسالك البولية وعدوى الأسنان.","قد يصاحبه إسهال أو اضطرابات هضمية خفيفة. يجب التوقف فوراً ومراجعة الطبيب إذا ظهر طفح جلدي كثيف أو تورم يشير لحساسية من البنسلين."
43,"Curam 625mg Tablets","كيورام أقراص 625 مجم",Antibiotics,"تُستخدم كيورام أقراص 625 مجم كمضاد حيوي واسع المجال بتركيبة البنسلين، يُستخدم بفعالية فائقة للقضاء على الالتهابات البكتيرية في الجهاز التنفسي العلوي والسفلي (كالتهاب اللوزتين والجيوب الأنفية والالتهاب الرئوي)، بالإضافة لمعالجة التهابات الأذن والمسالك البولية وعدوى الأسنان.","قد يصاحبه إسهال أو اضطرابات هضمية خفيفة. يجب التوقف فوراً ومراجعة الطبيب إذا ظهر طفح جلدي كثيف أو تورم يشير لحساسية من البنسلين."
44,"Hibiotic 500mg Capsules","هايبيوتيك كبسولات 500 مجم",Antibiotics,"تُستخدم هايبيوتيك كبسولات 500 مجم كمضاد حيوي واسع المجال بتركيبة البنسلين، يُستخدم بفعالية فائقة للقضاء على الالتهابات البكتيرية في الجهاز التنفسي العلوي والسفلي (كالتهاب اللوزتين والجيوب الأنفية والالتهاب الرئوي)، بالإضافة لمعالجة التهابات الأذن والمسالك البولية وعدوى الأسنان.","قد يصاحبه إسهال أو اضطرابات هضمية خفيفة. يجب التوقف فوراً ومراجعة الطبيب إذا ظهر طفح جلدي كثيف أو تورم يشير لحساسية من البنسلين."
45,"Zithromax 500mg Tablets","زيثروماكس أقراص 500 مجم",Antibiotics,"تُستخدم زيثروماكس أقراص 500 مجم كمضاد حيوي قوي يُستخدم لعلاج التهابات الجهاز التنفسي الحادة، التهاب الشعب الهوائية المزمن، والتهابات الحلق لدى المرضى الذين يعانون من حساسية تجاه البنسلين، كما يعالج بعض أنواع العدوى الجلدية.","غثيان أو قيء بسيط مع إسهال، وفي حالات نادرة جداً قد يسبب تسارعاً في ضربات القلب أو تغيراً في حاسة التذوق."
46,"Xithrone 500mg Tablets","زيثيرون أقراص 500 مجم",Antibiotics,"تُستخدم زيثيرون أقراص 500 مجم كمضاد حيوي قوي يُستخدم لعلاج التهابات الجهاز التنفسي الحادة، التهاب الشعب الهوائية المزمن، والتهابات الحلق لدى المرضى الذين يعانون من حساسية تجاه البنسلين، كما يعالج بعض أنواع العدوى الجلدية.","غثيان أو قيء بسيط مع إسهال، وفي حالات نادرة جداً قد يسبب تسارعاً في ضربات القلب أو تغيراً في حاسة التذوق."
47,"Klacid 500mg Tablets","كلاسيد أقراص 500 مجم",Antibiotics,"تُستخدم كلاسيد أقراص 500 مجم كمضاد حيوي قوي يُستخدم لعلاج التهابات الجهاز التنفسي الحادة، التهاب الشعب الهوائية المزمن، والتهابات الحلق لدى المرضى الذين يعانون من حساسية تجاه البنسلين، كما يعالج بعض أنواع العدوى الجلدية.","غثيان أو قيء بسيط مع إسهال، وفي حالات نادرة جداً قد يسبب تسارعاً في ضربات القلب أو تغيراً في حاسة التذوق."
48,"Klacid 250mg Suspension","كلاسيد معلق 250 مجم",Antibiotics,"تُستخدم كلاسيد معلق 250 مجم كمضاد حيوي قوي يُستخدم لعلاج التهابات الجهاز التنفسي الحادة، التهاب الشعب الهوائية المزمن، والتهابات الحلق لدى المرضى الذين يعانون من حساسية تجاه البنسلين، كما يعالج بعض أنواع العدوى الجلدية.","غثيان أو قيء بسيط مع إسهال، وفي حالات نادرة جداً قد يسبب تسارعاً في ضربات القلب أو تغيراً في حاسة التذوق."
49,"Rovamycine 3MIU Tablets","روفاميسين أقراص 3 مليون",Antibiotics,"تُستخدم روفاميسين أقراص 3 مليون كمضاد حيوي قوي يُستخدم لعلاج التهابات الجهاز التنفسي الحادة، التهاب الشعب الهوائية المزمن، والتهابات الحلق لدى المرضى الذين يعانون من حساسية تجاه البنسلين، كما يعالج بعض أنواع العدوى الجلدية.","غثيان أو قيء بسيط مع إسهال، وفي حالات نادرة جداً قد يسبب تسارعاً في ضربات القلب أو تغيراً في حاسة التذوق."
50,"Ciprobay 500mg Tablets","سيبروباي أقراص 500 مجم",Antibiotics,"تُستخدم سيبروباي أقراص 500 مجم كمضاد حيوي شديد الفعالية موجه خصيصاً لعلاج التهابات المسالك البولية المعقدة، التهاب البروستاتا، والعدوى البكتيرية المعوية القوية التي تسبب الإسهال الحاد.","قد يسبب التهابات واضحة في الأوتار وألماً عضلياً، ويحظر إعطاؤه للأطفال والنساء الحوامل لعدم أمانه على نمو المفاصل والعظام."
51,"Ciprobay 400mg IV","سيبروباي 400 مجم للوريد",Antibiotics,"تُستخدم سيبروباي 400 مجم للوريد كمضاد حيوي شديد الفعالية موجه خصيصاً لعلاج التهابات المسالك البولية المعقدة، التهاب البروستاتا، والعدوى البكتيرية المعوية القوية التي تسبب الإسهال الحاد.","قد يسبب التهابات واضحة في الأوتار وألماً عضلياً، ويحظر إعطاؤه للأطفال والنساء الحوامل لعدم أمانه على نمو المفاصل والعظام."
52,"Ciprocin 500mg Tablets","سيبروسين أقراص 500 مجم",Antibiotics,"تُستخدم سيبروسين أقراص 500 مجم كمضاد حيوي شديد الفعالية موجه خصيصاً لعلاج التهابات المسالك البولية المعقدة، التهاب البروستاتا، والعدوى البكتيرية المعوية القوية التي تسبب الإسهال الحاد.","قد يسبب التهابات واضحة في الأوتار وألماً عضلياً، ويحظر إعطاؤه للأطفال والنساء الحوامل لعدم أمانه على نمو المفاصل والعظام."
53,"Tarivid 400mg Tablets","تاريفيد أقراص 400 مجم",Antibiotics,"تُستخدم تاريفيد أقراص 400 مجم كمضاد حيوي شديد الفعالية موجه خصيصاً لعلاج التهابات المسالك البولية المعقدة، التهاب البروستاتا، والعدوى البكتيرية المعوية القوية التي تسبب الإسهال الحاد.","قد يسبب التهابات واضحة في الأوتار وألماً عضلياً، ويحظر إعطاؤه للأطفال والنساء الحوامل لعدم أمانه على نمو المفاصل والعظام."
54,"Tavanic 500mg Tablets","تافانيك أقراص 500 مجم",Antibiotics,"تُستخدم تافانيك أقراص 500 مجم كمضاد حيوي شديد الفعالية موجه خصيصاً لعلاج التهابات المسالك البولية المعقدة، التهاب البروستاتا، والعدوى البكتيرية المعوية القوية التي تسبب الإسهال الحاد.","قد يسبب التهابات واضحة في الأوتار وألماً عضلياً، ويحظر إعطاؤه للأطفال والنساء الحوامل لعدم أمانه على نمو المفاصل والعظام."
55,"Rocephin 1g Vials","روسيفين فيال 1 جرام",Antibiotics,"تُستخدم روسيفين فيال 1 جرام كمضاد حيوي آمن وفعال لعلاج التهابات الحلق، عدوى الجلد والأنسجة الرخوة، والتهابات الأذن الوسطى خصوصاً لدى الأطفال والمراهقين.","جيد التحمل عادةً، ولكنه قد يسبب اضطرابات خفيفة في المعدة كالإسهال أو ردود فعل تحسسية جلدية كالحكة."
56,"Garamycin Ampoules","جاراميسين أمبولات",Antibiotics,"تُستخدم جاراميسين أمبولات كدهان جلدي طبي قوي يحتوي على مركبات علاجية مكثفة تستخدم لعلاج الالتهابات الجلدية المريعة أو حب الشباب المستعصي والأكزيما، يخفف على الفور الاحمرار ويسرع التئام وتقشير نسيج الغشاء الخارجي لاستبداله بخلايا صحيحة قوية.","تحتاج لحذر، فالاستخدام العشوائي الدائم أو التعرض المباشر للشمس بعدها قد يُحدث ترققاً شديداً أو تمدداً في الجلد يتسبب في إحمرار وأوعية دموية مسلوخة وغير مقبولة أبداً."
57,"Dalacin 300mg Capsules","دالاسين كبسولات 300 مجم",Antibiotics,"تُستخدم دالاسين كبسولات 300 مجم للقضاء القوي على البكتيريا اللاهوائية وعلاج عدوى العظام والمفاصل، وخراجات الأسنان العميقة، والعدوى الجلدية البكتيرية المقاومة.","قد تؤدي الجرعات العالية للإصابة بإسهال شديد ومستمر مما يستدعي التوقف ومراجعة الطبيب، وأحياناً اضطرابات في القولون."
58,"Flagyl 500mg Tablets","فلاجيل أقراص 500 مجم",Antibiotics,"تُستخدم فلاجيل أقراص 500 مجم كمطهر معوي ومعالج جذري لاضطرابات حركة الأمعاء، سواء بإيقاف حالات الإسهال الشديد الناتجة عن عدوى معوية، أو في أنواع أخرى لتحريك الأمعاء برفق لعلاج الإمساك المتحجر المستمر.","مضادات الإسهال قد تتسبب أحياناً في نتائج عكسية كالإمساك الدائم، بينما تسبب الملينات مغصاً ومغصاً معوياً مع كثرة الاستخدام."
59,"Flagyl 200mg Suspension","فلاجيل معلق 200 مجم",Antibiotics,"تُستخدم فلاجيل معلق 200 مجم كمطهر معوي ومعالج جذري لاضطرابات حركة الأمعاء، سواء بإيقاف حالات الإسهال الشديد الناتجة عن عدوى معوية، أو في أنواع أخرى لتحريك الأمعاء برفق لعلاج الإمساك المتحجر المستمر.","مضادات الإسهال قد تتسبب أحياناً في نتائج عكسية كالإمساك الدائم، بينما تسبب الملينات مغصاً ومغصاً معوياً مع كثرة الاستخدام."
60,"Flagyl Ampoules","فلاجيل أمبولات",Antibiotics,"تُستخدم فلاجيل أمبولات كمطهر معوي ومعالج جذري لاضطرابات حركة الأمعاء، سواء بإيقاف حالات الإسهال الشديد الناتجة عن عدوى معوية، أو في أنواع أخرى لتحريك الأمعاء برفق لعلاج الإمساك المتحجر المستمر.","مضادات الإسهال قد تتسبب أحياناً في نتائج عكسية كالإمساك الدائم، بينما تسبب الملينات مغصاً ومغصاً معوياً مع كثرة الاستخدام."
61,"Antinal 250mg Tablets","أنتينال أقراص 250 مجم",Antibiotics,"تُستخدم أنتينال أقراص 250 مجم كمطهر معوي ومعالج جذري لاضطرابات حركة الأمعاء، سواء بإيقاف حالات الإسهال الشديد الناتجة عن عدوى معوية، أو في أنواع أخرى لتحريك الأمعاء برفق لعلاج الإمساك المتحجر المستمر.","مضادات الإسهال قد تتسبب أحياناً في نتائج عكسية كالإمساك الدائم، بينما تسبب الملينات مغصاً ومغصاً معوياً مع كثرة الاستخدام."
62,"Antinal Suspension","أنتينال معلق",Antibiotics,"تُستخدم أنتينال معلق كمطهر معوي ومعالج جذري لاضطرابات حركة الأمعاء، سواء بإيقاف حالات الإسهال الشديد الناتجة عن عدوى معوية، أو في أنواع أخرى لتحريك الأمعاء برفق لعلاج الإمساك المتحجر المستمر.","مضادات الإسهال قد تتسبب أحياناً في نتائج عكسية كالإمساك الدائم، بينما تسبب الملينات مغصاً ومغصاً معوياً مع كثرة الاستخدام."
63,"Amrizole Tablets","أمريزول أقراص",Antibiotics,"تُستخدم أمريزول أقراص كمطهر معوي ومعالج جذري لاضطرابات حركة الأمعاء، سواء بإيقاف حالات الإسهال الشديد الناتجة عن عدوى معوية، أو في أنواع أخرى لتحريك الأمعاء برفق لعلاج الإمساك المتحجر المستمر.","مضادات الإسهال قد تتسبب أحياناً في نتائج عكسية كالإمساك الدائم، بينما تسبب الملينات مغصاً ومغصاً معوياً مع كثرة الاستخدام."
64,"Amrizole Suspension","أمريزول معلق",Antibiotics,"تُستخدم أمريزول معلق كمطهر معوي ومعالج جذري لاضطرابات حركة الأمعاء، سواء بإيقاف حالات الإسهال الشديد الناتجة عن عدوى معوية، أو في أنواع أخرى لتحريك الأمعاء برفق لعلاج الإمساك المتحجر المستمر.","مضادات الإسهال قد تتسبب أحياناً في نتائج عكسية كالإمساك الدائم، بينما تسبب الملينات مغصاً ومغصاً معوياً مع كثرة الاستخدام."
65,"Nanazoxid Tablets","ننازوكسيد أقراص",Antibiotics,"تُستخدم ننازوكسيد أقراص كمطهر معوي ومعالج جذري لاضطرابات حركة الأمعاء، سواء بإيقاف حالات الإسهال الشديد الناتجة عن عدوى معوية، أو في أنواع أخرى لتحريك الأمعاء برفق لعلاج الإمساك المتحجر المستمر.","مضادات الإسهال قد تتسبب أحياناً في نتائج عكسية كالإمساك الدائم، بينما تسبب الملينات مغصاً ومغصاً معوياً مع كثرة الاستخدام."
66,"Nanazoxid Suspension","ننازوكسيد معلق",Antibiotics,"تُستخدم ننازوكسيد معلق كمطهر معوي ومعالج جذري لاضطرابات حركة الأمعاء، سواء بإيقاف حالات الإسهال الشديد الناتجة عن عدوى معوية، أو في أنواع أخرى لتحريك الأمعاء برفق لعلاج الإمساك المتحجر المستمر.","مضادات الإسهال قد تتسبب أحياناً في نتائج عكسية كالإمساك الدائم، بينما تسبب الملينات مغصاً ومغصاً معوياً مع كثرة الاستخدام."
67,"Erythrocin 500mg Tablets","إيريثروسين أقراص 500 مجم",Antibiotics,"تُستخدم إيريثروسين أقراص 500 مجم كمضاد حيوي قوي يُستخدم لعلاج التهابات الجهاز التنفسي الحادة، التهاب الشعب الهوائية المزمن، والتهابات الحلق لدى المرضى الذين يعانون من حساسية تجاه البنسلين، كما يعالج بعض أنواع العدوى الجلدية.","غثيان أو قيء بسيط مع إسهال، وفي حالات نادرة جداً قد يسبب تسارعاً في ضربات القلب أو تغيراً في حاسة التذوق."
68,"Rulide 150mg Tablets","رليد أقراص 150 مجم",Antibiotics,"تُستخدم رليد أقراص 150 مجم كمضاد حيوي قوي يُستخدم لعلاج التهابات الجهاز التنفسي الحادة، التهاب الشعب الهوائية المزمن، والتهابات الحلق لدى المرضى الذين يعانون من حساسية تجاه البنسلين، كما يعالج بعض أنواع العدوى الجلدية.","غثيان أو قيء بسيط مع إسهال، وفي حالات نادرة جداً قد يسبب تسارعاً في ضربات القلب أو تغيراً في حاسة التذوق."
69,"Tetralysal 300mg Capsules","تترالايسل كبسولات 300 مجم",Antibiotics,"تُستخدم تترالايسل كبسولات 300 مجم كمضاد حيوي واسع المجال بتركيبة البنسلين، يُستخدم بفعالية فائقة للقضاء على الالتهابات البكتيرية في الجهاز التنفسي العلوي والسفلي (كالتهاب اللوزتين والجيوب الأنفية والالتهاب الرئوي)، بالإضافة لمعالجة التهابات الأذن والمسالك البولية وعدوى الأسنان.","قد يصاحبه إسهال أو اضطرابات هضمية خفيفة. يجب التوقف فوراً ومراجعة الطبيب إذا ظهر طفح جلدي كثيف أو تورم يشير لحساسية من البنسلين."
70,"Vibramycin 100mg Capsules","فيبراميسين كبسولات 100 مجم",Antibiotics,"تُستخدم فيبراميسين كبسولات 100 مجم كمضاد حيوي واسع المجال بتركيبة البنسلين، يُستخدم بفعالية فائقة للقضاء على الالتهابات البكتيرية في الجهاز التنفسي العلوي والسفلي (كالتهاب اللوزتين والجيوب الأنفية والالتهاب الرئوي)، بالإضافة لمعالجة التهابات الأذن والمسالك البولية وعدوى الأسنان.","قد يصاحبه إسهال أو اضطرابات هضمية خفيفة. يجب التوقف فوراً ومراجعة الطبيب إذا ظهر طفح جلدي كثيف أو تورم يشير لحساسية من البنسلين."
71,"Fucidin Cream","فيوسيدين كريم",Antibiotics,"تُستخدم فيوسيدين كريم كدهان جلدي طبي قوي يحتوي على مركبات علاجية مكثفة تستخدم لعلاج الالتهابات الجلدية المريعة أو حب الشباب المستعصي والأكزيما، يخفف على الفور الاحمرار ويسرع التئام وتقشير نسيج الغشاء الخارجي لاستبداله بخلايا صحيحة قوية.","تحتاج لحذر، فالاستخدام العشوائي الدائم أو التعرض المباشر للشمس بعدها قد يُحدث ترققاً شديداً أو تمدداً في الجلد يتسبب في إحمرار وأوعية دموية مسلوخة وغير مقبولة أبداً."
72,"Fucidin Ointment","فيوسيدين مرهم",Antibiotics,"تُستخدم فيوسيدين مرهم كدهان جلدي طبي قوي يحتوي على مركبات علاجية مكثفة تستخدم لعلاج الالتهابات الجلدية المريعة أو حب الشباب المستعصي والأكزيما، يخفف على الفور الاحمرار ويسرع التئام وتقشير نسيج الغشاء الخارجي لاستبداله بخلايا صحيحة قوية.","تحتاج لحذر، فالاستخدام العشوائي الدائم أو التعرض المباشر للشمس بعدها قد يُحدث ترققاً شديداً أو تمدداً في الجلد يتسبب في إحمرار وأوعية دموية مسلوخة وغير مقبولة أبداً."
73,"Congestal Tablets","كونجستال أقراص","Cold & Flu","تُستخدم كونجستال أقراص كتركيبة طبية دوائية متكاملة مصممة بنجاح، وتحتوي دمجاً لمسكن للألم، مزيل فعال لاحتقان الجيوب الأنفية ومضاد للحساسية. وتعتبر الخيار الأمثل والناجز لعلاج نزلات البرد الحادة والإنفلونزا.","قد يسبب جفافاً ملحوظاً في الفم ودواراً بسيطاً. يُمنع صرف مثل هذه التركيبات ذات مزيلات الاحتقان لمرضى الضغط المرتفع لما قد تتسبب فيه من ارتفاع ضغط قوي."
74,"Congestal Syrup","كونجستال شراب","Cold & Flu","تُستخدم كونجستال شراب كتركيبة طبية دوائية متكاملة مصممة بنجاح، وتحتوي دمجاً لمسكن للألم، مزيل فعال لاحتقان الجيوب الأنفية ومضاد للحساسية. وتعتبر الخيار الأمثل والناجز لعلاج نزلات البرد الحادة والإنفلونزا.","قد يسبب جفافاً ملحوظاً في الفم ودواراً بسيطاً. يُمنع صرف مثل هذه التركيبات ذات مزيلات الاحتقان لمرضى الضغط المرتفع لما قد تتسبب فيه من ارتفاع ضغط قوي."
75,"Comtrex Tablets","كومتريكس أقراص","Cold & Flu","تُستخدم كومتريكس أقراص كتركيبة طبية دوائية متكاملة مصممة بنجاح، وتحتوي دمجاً لمسكن للألم، مزيل فعال لاحتقان الجيوب الأنفية ومضاد للحساسية. وتعتبر الخيار الأمثل والناجز لعلاج نزلات البرد الحادة والإنفلونزا.","قد يسبب جفافاً ملحوظاً في الفم ودواراً بسيطاً. يُمنع صرف مثل هذه التركيبات ذات مزيلات الاحتقان لمرضى الضغط المرتفع لما قد تتسبب فيه من ارتفاع ضغط قوي."
76,"Actifed Tablets","أكتيفد أقراص","Cold & Flu","تُستخدم أكتيفد أقراص كتركيبة طبية دوائية متكاملة مصممة بنجاح، وتحتوي دمجاً لمسكن للألم، مزيل فعال لاحتقان الجيوب الأنفية ومضاد للحساسية. وتعتبر الخيار الأمثل والناجز لعلاج نزلات البرد الحادة والإنفلونزا.","قد يسبب جفافاً ملحوظاً في الفم ودواراً بسيطاً. يُمنع صرف مثل هذه التركيبات ذات مزيلات الاحتقان لمرضى الضغط المرتفع لما قد تتسبب فيه من ارتفاع ضغط قوي."
77,"Actifed Syrup","أكتيفد شراب","Cold & Flu","تُستخدم أكتيفد شراب كتركيبة طبية دوائية متكاملة مصممة بنجاح، وتحتوي دمجاً لمسكن للألم، مزيل فعال لاحتقان الجيوب الأنفية ومضاد للحساسية. وتعتبر الخيار الأمثل والناجز لعلاج نزلات البرد الحادة والإنفلونزا.","قد يسبب جفافاً ملحوظاً في الفم ودواراً بسيطاً. يُمنع صرف مثل هذه التركيبات ذات مزيلات الاحتقان لمرضى الضغط المرتفع لما قد تتسبب فيه من ارتفاع ضغط قوي."
78,"Flurest Tablets","فلورست أقراص","Cold & Flu","تُستخدم فلورست أقراص كتركيبة طبية دوائية متكاملة مصممة بنجاح، وتحتوي دمجاً لمسكن للألم، مزيل فعال لاحتقان الجيوب الأنفية ومضاد للحساسية. وتعتبر الخيار الأمثل والناجز لعلاج نزلات البرد الحادة والإنفلونزا.","قد يسبب جفافاً ملحوظاً في الفم ودواراً بسيطاً. يُمنع صرف مثل هذه التركيبات ذات مزيلات الاحتقان لمرضى الضغط المرتفع لما قد تتسبب فيه من ارتفاع ضغط قوي."
79,"Flurest Syrup","فلورست شراب","Cold & Flu","تُستخدم فلورست شراب كتركيبة طبية دوائية متكاملة مصممة بنجاح، وتحتوي دمجاً لمسكن للألم، مزيل فعال لاحتقان الجيوب الأنفية ومضاد للحساسية. وتعتبر الخيار الأمثل والناجز لعلاج نزلات البرد الحادة والإنفلونزا.","قد يسبب جفافاً ملحوظاً في الفم ودواراً بسيطاً. يُمنع صرف مثل هذه التركيبات ذات مزيلات الاحتقان لمرضى الضغط المرتفع لما قد تتسبب فيه من ارتفاع ضغط قوي."
80,"Trifed Tablets","ترايفد أقراص","Cold & Flu","تُستخدم ترايفد أقراص كتركيبة طبية دوائية متكاملة مصممة بنجاح، وتحتوي دمجاً لمسكن للألم، مزيل فعال لاحتقان الجيوب الأنفية ومضاد للحساسية. وتعتبر الخيار الأمثل والناجز لعلاج نزلات البرد الحادة والإنفلونزا.","قد يسبب جفافاً ملحوظاً في الفم ودواراً بسيطاً. يُمنع صرف مثل هذه التركيبات ذات مزيلات الاحتقان لمرضى الضغط المرتفع لما قد تتسبب فيه من ارتفاع ضغط قوي."
81,"Sinucon Tablets","سينوكون أقراص","Cold & Flu","تُستخدم سينوكون أقراص كتركيبة طبية دوائية متكاملة مصممة بنجاح، وتحتوي دمجاً لمسكن للألم، مزيل فعال لاحتقان الجيوب الأنفية ومضاد للحساسية. وتعتبر الخيار الأمثل والناجز لعلاج نزلات البرد الحادة والإنفلونزا.","قد يسبب جفافاً ملحوظاً في الفم ودواراً بسيطاً. يُمنع صرف مثل هذه التركيبات ذات مزيلات الاحتقان لمرضى الضغط المرتفع لما قد تتسبب فيه من ارتفاع ضغط قوي."
82,"Liminal Tablets","ليمينال أقراص","Cold & Flu","تُستخدم ليمينال أقراص كتركيبة طبية دوائية متكاملة مصممة بنجاح، وتحتوي دمجاً لمسكن للألم، مزيل فعال لاحتقان الجيوب الأنفية ومضاد للحساسية. وتعتبر الخيار الأمثل والناجز لعلاج نزلات البرد الحادة والإنفلونزا.","قد يسبب جفافاً ملحوظاً في الفم ودواراً بسيطاً. يُمنع صرف مثل هذه التركيبات ذات مزيلات الاحتقان لمرضى الضغط المرتفع لما قد تتسبب فيه من ارتفاع ضغط قوي."
83,"Otrivin Nasal Spray","أوتريفين بخاخ أنف","Cold & Flu","تُستخدم أوتريفين بخاخ أنف كتركيبة طبية دوائية متكاملة مصممة بنجاح، وتحتوي دمجاً لمسكن للألم، مزيل فعال لاحتقان الجيوب الأنفية ومضاد للحساسية. وتعتبر الخيار الأمثل والناجز لعلاج نزلات البرد الحادة والإنفلونزا.","قد يسبب جفافاً ملحوظاً في الفم ودواراً بسيطاً. يُمنع صرف مثل هذه التركيبات ذات مزيلات الاحتقان لمرضى الضغط المرتفع لما قد تتسبب فيه من ارتفاع ضغط قوي."
84,"Otrivin Nasal Drops","أوتريفين نقط أنف","Cold & Flu","تُستخدم أوتريفين نقط أنف كتركيبة طبية دوائية متكاملة مصممة بنجاح، وتحتوي دمجاً لمسكن للألم، مزيل فعال لاحتقان الجيوب الأنفية ومضاد للحساسية. وتعتبر الخيار الأمثل والناجز لعلاج نزلات البرد الحادة والإنفلونزا.","قد يسبب جفافاً ملحوظاً في الفم ودواراً بسيطاً. يُمنع صرف مثل هذه التركيبات ذات مزيلات الاحتقان لمرضى الضغط المرتفع لما قد تتسبب فيه من ارتفاع ضغط قوي."
85,"Afrin Nasal Spray","أفرين بخاخ أنف","Cold & Flu","تُستخدم أفرين بخاخ أنف كتركيبة طبية دوائية متكاملة مصممة بنجاح، وتحتوي دمجاً لمسكن للألم، مزيل فعال لاحتقان الجيوب الأنفية ومضاد للحساسية. وتعتبر الخيار الأمثل والناجز لعلاج نزلات البرد الحادة والإنفلونزا.","قد يسبب جفافاً ملحوظاً في الفم ودواراً بسيطاً. يُمنع صرف مثل هذه التركيبات ذات مزيلات الاحتقان لمرضى الضغط المرتفع لما قد تتسبب فيه من ارتفاع ضغط قوي."
86,"Sinecod Syrup","سينيكود شراب","Cold & Flu","تُستخدم سينيكود شراب كمهدئ مباشر لنوبات السعال الجاف المتعب (الكحة الناشفة الخالية من الإفرازات والبلغم تماماً)، والذي ينتج إما عن حساسية الجهاز التنفسي، التدخين المفرط، أو السعال المستمر الذي يمزق مجرى الهواء.","الغالبية العظمى منها تسبب النعاس الملحوظ والدوخة (لتثبيط مركز السعال)، لذلك ينصح بضرورة أخذها للراحة المسائية، ويمنع بشدة إعطائها للأطفال الأقل سناً."
87,"Sinecod Tablets","سينيكود أقراص","Cold & Flu","تُستخدم سينيكود أقراص كمهدئ مباشر لنوبات السعال الجاف المتعب (الكحة الناشفة الخالية من الإفرازات والبلغم تماماً)، والذي ينتج إما عن حساسية الجهاز التنفسي، التدخين المفرط، أو السعال المستمر الذي يمزق مجرى الهواء.","الغالبية العظمى منها تسبب النعاس الملحوظ والدوخة (لتثبيط مركز السعال)، لذلك ينصح بضرورة أخذها للراحة المسائية، ويمنع بشدة إعطائها للأطفال الأقل سناً."
88,"Prospan Syrup","بروسبان شراب","Cold & Flu","تُستخدم بروسبان شراب كمذيب علمي قوي وطارد محفز للبلغم. يوصف للسعال الرطب القوي والمصحوب بإفرازات ومخاط سميك لزج؛ حيث يعمل بفاعلية على تكسير ترابط البلغم في عمق الصدر لمساعدة المريض على طرده بشكل أسهل.","علاج آمن جداً وخالي من أي تأثيرات مهدئة، غير أن مقدار التميع الزائد قد يشعر بعض المرضى بغثيان خفيف جداً. ويفضل معه الإكثار من شرب السوائل الدفيئة."
89,"Oplex Syrup","أوبلكس شراب","Cold & Flu","تُستخدم أوبلكس شراب كمهدئ مباشر لنوبات السعال الجاف المتعب (الكحة الناشفة الخالية من الإفرازات والبلغم تماماً)، والذي ينتج إما عن حساسية الجهاز التنفسي، التدخين المفرط، أو السعال المستمر الذي يمزق مجرى الهواء.","الغالبية العظمى منها تسبب النعاس الملحوظ والدوخة (لتثبيط مركز السعال)، لذلك ينصح بضرورة أخذها للراحة المسائية، ويمنع بشدة إعطائها للأطفال الأقل سناً."
90,"Bronchicum Syrup","برونشيكم شراب","Cold & Flu","تُستخدم برونشيكم شراب كمذيب علمي قوي وطارد محفز للبلغم. يوصف للسعال الرطب القوي والمصحوب بإفرازات ومخاط سميك لزج؛ حيث يعمل بفاعلية على تكسير ترابط البلغم في عمق الصدر لمساعدة المريض على طرده بشكل أسهل.","علاج آمن جداً وخالي من أي تأثيرات مهدئة، غير أن مقدار التميع الزائد قد يشعر بعض المرضى بغثيان خفيف جداً. ويفضل معه الإكثار من شرب السوائل الدفيئة."
91,"Mucosolvan Tablets","ميوكوسولفان أقراص","Cold & Flu","تُستخدم ميوكوسولفان أقراص كمذيب علمي قوي وطارد محفز للبلغم. يوصف للسعال الرطب القوي والمصحوب بإفرازات ومخاط سميك لزج؛ حيث يعمل بفاعلية على تكسير ترابط البلغم في عمق الصدر لمساعدة المريض على طرده بشكل أسهل.","علاج آمن جداً وخالي من أي تأثيرات مهدئة، غير أن مقدار التميع الزائد قد يشعر بعض المرضى بغثيان خفيف جداً. ويفضل معه الإكثار من شرب السوائل الدفيئة."
92,"Mucosolvan Syrup","ميوكوسولفان شراب","Cold & Flu","تُستخدم ميوكوسولفان شراب كمذيب علمي قوي وطارد محفز للبلغم. يوصف للسعال الرطب القوي والمصحوب بإفرازات ومخاط سميك لزج؛ حيث يعمل بفاعلية على تكسير ترابط البلغم في عمق الصدر لمساعدة المريض على طرده بشكل أسهل.","علاج آمن جداً وخالي من أي تأثيرات مهدئة، غير أن مقدار التميع الزائد قد يشعر بعض المرضى بغثيان خفيف جداً. ويفضل معه الإكثار من شرب السوائل الدفيئة."
93,"Mucosolvan Ampoules","ميوكوسولفان أمبولات","Cold & Flu","تُستخدم ميوكوسولفان أمبولات كمذيب علمي قوي وطارد محفز للبلغم. يوصف للسعال الرطب القوي والمصحوب بإفرازات ومخاط سميك لزج؛ حيث يعمل بفاعلية على تكسير ترابط البلغم في عمق الصدر لمساعدة المريض على طرده بشكل أسهل.","علاج آمن جداً وخالي من أي تأثيرات مهدئة، غير أن مقدار التميع الزائد قد يشعر بعض المرضى بغثيان خفيف جداً. ويفضل معه الإكثار من شرب السوائل الدفيئة."
94,"Bisolvon Tablets","بيسولفون أقراص","Cold & Flu","تُستخدم بيسولفون أقراص كمذيب علمي قوي وطارد محفز للبلغم. يوصف للسعال الرطب القوي والمصحوب بإفرازات ومخاط سميك لزج؛ حيث يعمل بفاعلية على تكسير ترابط البلغم في عمق الصدر لمساعدة المريض على طرده بشكل أسهل.","علاج آمن جداً وخالي من أي تأثيرات مهدئة، غير أن مقدار التميع الزائد قد يشعر بعض المرضى بغثيان خفيف جداً. ويفضل معه الإكثار من شرب السوائل الدفيئة."
95,"Bisolvon Syrup","بيسولفون شراب","Cold & Flu","تُستخدم بيسولفون شراب كمذيب علمي قوي وطارد محفز للبلغم. يوصف للسعال الرطب القوي والمصحوب بإفرازات ومخاط سميك لزج؛ حيث يعمل بفاعلية على تكسير ترابط البلغم في عمق الصدر لمساعدة المريض على طرده بشكل أسهل.","علاج آمن جداً وخالي من أي تأثيرات مهدئة، غير أن مقدار التميع الزائد قد يشعر بعض المرضى بغثيان خفيف جداً. ويفضل معه الإكثار من شرب السوائل الدفيئة."
96,"ACC 200mg Sachets","دانكارن 200 مجم أكياس","Cold & Flu","تُستخدم دانكارن 200 مجم أكياس كتركيبة طبية دوائية متكاملة مصممة بنجاح، وتحتوي دمجاً لمسكن للألم، مزيل فعال لاحتقان الجيوب الأنفية ومضاد للحساسية. وتعتبر الخيار الأمثل والناجز لعلاج نزلات البرد الحادة والإنفلونزا.","قد يسبب جفافاً ملحوظاً في الفم ودواراً بسيطاً. يُمنع صرف مثل هذه التركيبات ذات مزيلات الاحتقان لمرضى الضغط المرتفع لما قد تتسبب فيه من ارتفاع ضغط قوي."
97,"Zyrtec 10mg Tablets","زيرتك أقراص 10 مجم",Allergy,"تُستخدم زيرتك أقراص 10 مجم كمضادات لهستامين الجسم نشطة وفعالة، تستخدم بامتياز لتخفيف وعلاج أعراض الحساسية الموسمية المُزعجة بشدة، سيلان الأنف والعطس المتكرر، إدماع العينين، والطفح الجلدي دون التأثير السلبي على التركيز المعتاد.","باعتباره الجيل الحديث فهو لا يسبب النعاس تقريباً ويمكن مزاولة اليوم معها بنشاط بالغ، قد يُلاحظ فقط صداع بسيط أو جفاف خفيف في الحلق والفم."
98,"Zyrtec Syrup","زيرتك شراب",Allergy,"تُستخدم زيرتك شراب كمضادات لهستامين الجسم نشطة وفعالة، تستخدم بامتياز لتخفيف وعلاج أعراض الحساسية الموسمية المُزعجة بشدة، سيلان الأنف والعطس المتكرر، إدماع العينين، والطفح الجلدي دون التأثير السلبي على التركيز المعتاد.","باعتباره الجيل الحديث فهو لا يسبب النعاس تقريباً ويمكن مزاولة اليوم معها بنشاط بالغ، قد يُلاحظ فقط صداع بسيط أو جفاف خفيف في الحلق والفم."
99,"Zyrcal Tablets","زيركال أقراص",Allergy,"تُستخدم زيركال أقراص كمضادات لهستامين الجسم نشطة وفعالة، تستخدم بامتياز لتخفيف وعلاج أعراض الحساسية الموسمية المُزعجة بشدة، سيلان الأنف والعطس المتكرر، إدماع العينين، والطفح الجلدي دون التأثير السلبي على التركيز المعتاد.","باعتباره الجيل الحديث فهو لا يسبب النعاس تقريباً ويمكن مزاولة اليوم معها بنشاط بالغ، قد يُلاحظ فقط صداع بسيط أو جفاف خفيف في الحلق والفم."
100,"Telfast 120mg Tablets","تيلفاست أقراص 120 مجم",Allergy,"تُستخدم تيلفاست أقراص 120 مجم كمضادات لهستامين الجسم نشطة وفعالة، تستخدم بامتياز لتخفيف وعلاج أعراض الحساسية الموسمية المُزعجة بشدة، سيلان الأنف والعطس المتكرر، إدماع العينين، والطفح الجلدي دون التأثير السلبي على التركيز المعتاد.","باعتباره الجيل الحديث فهو لا يسبب النعاس تقريباً ويمكن مزاولة اليوم معها بنشاط بالغ، قد يُلاحظ فقط صداع بسيط أو جفاف خفيف في الحلق والفم."
101,"Telfast 180mg Tablets","تيلفاست أقراص 180 مجم",Allergy,"تُستخدم تيلفاست أقراص 180 مجم كمضادات لهستامين الجسم نشطة وفعالة، تستخدم بامتياز لتخفيف وعلاج أعراض الحساسية الموسمية المُزعجة بشدة، سيلان الأنف والعطس المتكرر، إدماع العينين، والطفح الجلدي دون التأثير السلبي على التركيز المعتاد.","باعتباره الجيل الحديث فهو لا يسبب النعاس تقريباً ويمكن مزاولة اليوم معها بنشاط بالغ، قد يُلاحظ فقط صداع بسيط أو جفاف خفيف في الحلق والفم."
102,"Claritine 10mg Tablets","كلاريتين أقراص 10 مجم",Allergy,"تُستخدم كلاريتين أقراص 10 مجم كمضادات لهستامين الجسم نشطة وفعالة، تستخدم بامتياز لتخفيف وعلاج أعراض الحساسية الموسمية المُزعجة بشدة، سيلان الأنف والعطس المتكرر، إدماع العينين، والطفح الجلدي دون التأثير السلبي على التركيز المعتاد.","باعتباره الجيل الحديث فهو لا يسبب النعاس تقريباً ويمكن مزاولة اليوم معها بنشاط بالغ، قد يُلاحظ فقط صداع بسيط أو جفاف خفيف في الحلق والفم."
103,"Claritine Syrup","كلاريتين شراب",Allergy,"تُستخدم كلاريتين شراب كمضادات لهستامين الجسم نشطة وفعالة، تستخدم بامتياز لتخفيف وعلاج أعراض الحساسية الموسمية المُزعجة بشدة، سيلان الأنف والعطس المتكرر، إدماع العينين، والطفح الجلدي دون التأثير السلبي على التركيز المعتاد.","باعتباره الجيل الحديث فهو لا يسبب النعاس تقريباً ويمكن مزاولة اليوم معها بنشاط بالغ، قد يُلاحظ فقط صداع بسيط أو جفاف خفيف في الحلق والفم."
104,"Levocet Tablets","ليفوسيت أقراص",Allergy,"تُستخدم ليفوسيت أقراص كمضادات لهستامين الجسم نشطة وفعالة، تستخدم بامتياز لتخفيف وعلاج أعراض الحساسية الموسمية المُزعجة بشدة، سيلان الأنف والعطس المتكرر، إدماع العينين، والطفح الجلدي دون التأثير السلبي على التركيز المعتاد.","باعتباره الجيل الحديث فهو لا يسبب النعاس تقريباً ويمكن مزاولة اليوم معها بنشاط بالغ، قد يُلاحظ فقط صداع بسيط أو جفاف خفيف في الحلق والفم."
105,"Histazine Tablets","هيستازين أقراص",Allergy,"تُستخدم هيستازين أقراص كمضادات لهستامين الجسم نشطة وفعالة، تستخدم بامتياز لتخفيف وعلاج أعراض الحساسية الموسمية المُزعجة بشدة، سيلان الأنف والعطس المتكرر، إدماع العينين، والطفح الجلدي دون التأثير السلبي على التركيز المعتاد.","باعتباره الجيل الحديث فهو لا يسبب النعاس تقريباً ويمكن مزاولة اليوم معها بنشاط بالغ، قد يُلاحظ فقط صداع بسيط أو جفاف خفيف في الحلق والفم."
106,"Polaramine Tablets","بولاراميين أقراص",Allergy,"تُستخدم بولاراميين أقراص كمضاد كلاسيكي قوي للحساسية المفرطة والحكة الجلدية الشديدة التي تتطلب تركيبة مهدئة ومسكنة لرد الفعل التحسسي المزعج والمتطور.","تأثير منوم واضح ورغبة شديدة في النعاس وجفاف الفم المستمر. يمنع معه تماماً القيادة أو استخدام الآليات الثقيلة لوقت العلاج."
107,"Phenergan Tablets","فينيرجان أقراص",Allergy,"تُستخدم فينيرجان أقراص كمضاد كلاسيكي قوي للحساسية المفرطة والحكة الجلدية الشديدة التي تتطلب تركيبة مهدئة ومسكنة لرد الفعل التحسسي المزعج والمتطور.","تأثير منوم واضح ورغبة شديدة في النعاس وجفاف الفم المستمر. يمنع معه تماماً القيادة أو استخدام الآليات الثقيلة لوقت العلاج."
108,"Phenergan Syrup","فينيرجان شراب",Allergy,"تُستخدم فينيرجان شراب كمضاد كلاسيكي قوي للحساسية المفرطة والحكة الجلدية الشديدة التي تتطلب تركيبة مهدئة ومسكنة لرد الفعل التحسسي المزعج والمتطور.","تأثير منوم واضح ورغبة شديدة في النعاس وجفاف الفم المستمر. يمنع معه تماماً القيادة أو استخدام الآليات الثقيلة لوقت العلاج."
109,"Avil Ampoules","أفيل أمبولات",Allergy,"تُستخدم أفيل أمبولات كمضاد كلاسيكي قوي للحساسية المفرطة والحكة الجلدية الشديدة التي تتطلب تركيبة مهدئة ومسكنة لرد الفعل التحسسي المزعج والمتطور.","تأثير منوم واضح ورغبة شديدة في النعاس وجفاف الفم المستمر. يمنع معه تماماً القيادة أو استخدام الآليات الثقيلة لوقت العلاج."
110,"Periactin Tablets","بيرياكتين أقراص",Allergy,"تُستخدم بيرياكتين أقراص كمضادات لهستامين الجسم نشطة وفعالة، تستخدم بامتياز لتخفيف وعلاج أعراض الحساسية الموسمية المُزعجة بشدة، سيلان الأنف والعطس المتكرر، إدماع العينين، والطفح الجلدي دون التأثير السلبي على التركيز المعتاد.","باعتباره الجيل الحديث فهو لا يسبب النعاس تقريباً ويمكن مزاولة اليوم معها بنشاط بالغ، قد يُلاحظ فقط صداع بسيط أو جفاف خفيف في الحلق والفم."
111,"Concor 5mg Tablets","كونكور أقراص 5 مجم","Blood pressure & Heart","تُستخدم كونكور أقراص 5 مجم كحاصرات ذكية لمستقبلات بيتا، تعمل بشكل علمي لدعم عضلة القلب، وتقليل عبء الضربات المتسارعة المجهدة، بالإضافة لخفض ضغط الدم المرتفع والوقاية الفعالة من نوبات الذبحات الصدرية.","قد يشعر المريض بنوع من الدوار العابر المستمر وبطء ضربات القلب والشعور ببرودة واضحة في الأطراف، ولا يصلح لمرضى الربو الشديد."
112,"Concor 10mg Tablets","كونكور أقراص 10 مجم","Blood pressure & Heart","تُستخدم كونكور أقراص 10 مجم كحاصرات ذكية لمستقبلات بيتا، تعمل بشكل علمي لدعم عضلة القلب، وتقليل عبء الضربات المتسارعة المجهدة، بالإضافة لخفض ضغط الدم المرتفع والوقاية الفعالة من نوبات الذبحات الصدرية.","قد يشعر المريض بنوع من الدوار العابر المستمر وبطء ضربات القلب والشعور ببرودة واضحة في الأطراف، ولا يصلح لمرضى الربو الشديد."
113,"Norvasc 5mg Tablets","نورفاسك أقراص 5 مجم","Blood pressure & Heart","تُستخدم نورفاسك أقراص 5 مجم كعلاج مفصلي لمرضى الضغط المرتفع يعمل كمرخي للأوعية الدموية المتشنجة لتسمح بسهولة تدفق وسريان الدم للقلب وبقية أعضاء الجسم بانسيابية متزنة دون ضغوط.","قد يسبب الاستخدام الدائم تورماً واضحاً جداً في الكاحلين والقدمين واحتباساً للماء تحت الجلد، وصداع الرأس العابر مع احمرار وبريق الوجه."
114,"Norvasc 10mg Tablets","نورفاسك أقراص 10 مجم","Blood pressure & Heart","تُستخدم نورفاسك أقراص 10 مجم كعلاج مفصلي لمرضى الضغط المرتفع يعمل كمرخي للأوعية الدموية المتشنجة لتسمح بسهولة تدفق وسريان الدم للقلب وبقية أعضاء الجسم بانسيابية متزنة دون ضغوط.","قد يسبب الاستخدام الدائم تورماً واضحاً جداً في الكاحلين والقدمين واحتباساً للماء تحت الجلد، وصداع الرأس العابر مع احمرار وبريق الوجه."
115,"Amlopin 5mg Tablets","أملوبين أقراص 5 مجم","Blood pressure & Heart","تُستخدم أملوبين أقراص 5 مجم كحاصرات ذكية لمستقبلات بيتا، تعمل بشكل علمي لدعم عضلة القلب، وتقليل عبء الضربات المتسارعة المجهدة، بالإضافة لخفض ضغط الدم المرتفع والوقاية الفعالة من نوبات الذبحات الصدرية.","قد يشعر المريض بنوع من الدوار العابر المستمر وبطء ضربات القلب والشعور ببرودة واضحة في الأطراف، ولا يصلح لمرضى الربو الشديد."
116,"Inderal 10mg Tablets","إندرال أقراص 10 مجم","Blood pressure & Heart","تُستخدم إنديرال أقراص 10 مجم كحاصرات ذكية لمستقبلات بيتا، تعمل بشكل علمي لدعم عضلة القلب، وتقليل عبء الضربات المتسارعة المجهدة، بالإضافة لخفض ضغط الدم المرتفع والوقاية الفعالة من نوبات الذبحات الصدرية.","قد يشعر المريض بنوع من الدوار العابر المستمر وبطء ضربات القلب والشعور ببرودة واضحة في الأطراف، ولا يصلح لمرضى الربو الشديد."
117,"Inderal 40mg Tablets","إندرال أقراص 40 مجم","Blood pressure & Heart","تُستخدم إنديرال أقراص 40 مجم كحاصرات ذكية لمستقبلات بيتا، تعمل بشكل علمي لدعم عضلة القلب، وتقليل عبء الضربات المتسارعة المجهدة، بالإضافة لخفض ضغط الدم المرتفع والوقاية الفعالة من نوبات الذبحات الصدرية.","قد يشعر المريض بنوع من الدوار العابر المستمر وبطء ضربات القلب والشعور ببرودة واضحة في الأطراف، ولا يصلح لمرضى الربو الشديد."
118,"Inderal IM Injection","إندرال حقن عضل","Blood pressure & Heart","تُستخدم إنديرال حقن عضل كحاصرات ذكية لمستقبلات بيتا، تعمل بشكل علمي لدعم عضلة القلب، وتقليل عبء الضربات المتسارعة المجهدة، بالإضافة لخفض ضغط الدم المرتفع والوقاية الفعالة من نوبات الذبحات الصدرية.","قد يشعر المريض بنوع من الدوار العابر المستمر وبطء ضربات القلب والشعور ببرودة واضحة في الأطراف، ولا يصلح لمرضى الربو الشديد."
119,"Zestril 10mg Tablets","زيستريل أقراص 10 مجم","Blood pressure & Heart","تُستخدم زيستريل أقراص 10 مجم كموسع للشرايين ومخفض لضغط الدم يحمي عضلة القلب والكلى بمرور الوقت من الأضرار العنيفة لضغط الدم المرتفع ويقي المرضى من المضاعفات المستقبلية.","عائلة (ACE) كالزستريل كابوتين قد تصاحبها كأثر جانبي كحة وسعال جاف مزعج جداً تتطلب وقف الدواء بأمر الطبيب، بالإضافة لدوار عابر ملحوظ."
120,"Zestril 5mg Tablets","زيستريل أقراص 5 مجم","Blood pressure & Heart","تُستخدم زيستريل أقراص 5 مجم كموسع للشرايين ومخفض لضغط الدم يحمي عضلة القلب والكلى بمرور الوقت من الأضرار العنيفة لضغط الدم المرتفع ويقي المرضى من المضاعفات المستقبلية.","عائلة (ACE) كالزستريل كابوتين قد تصاحبها كأثر جانبي كحة وسعال جاف مزعج جداً تتطلب وقف الدواء بأمر الطبيب، بالإضافة لدوار عابر ملحوظ."
121,"Capoten 25mg Tablets","كابوتين أقراص 25 مجم","Blood pressure & Heart","تُستخدم كابوتين أقراص 25 مجم كموسع للشرايين ومخفض لضغط الدم يحمي عضلة القلب والكلى بمرور الوقت من الأضرار العنيفة لضغط الدم المرتفع ويقي المرضى من المضاعفات المستقبلية.","عائلة (ACE) كالزستريل كابوتين قد تصاحبها كأثر جانبي كحة وسعال جاف مزعج جداً تتطلب وقف الدواء بأمر الطبيب، بالإضافة لدوار عابر ملحوظ."
122,"Cozaar 50mg Tablets","كوزار أقراص 50 مجم","Blood pressure & Heart","تُستخدم كوزار أقراص 50 مجم كموسع للشرايين ومخفض لضغط الدم يحمي عضلة القلب والكلى بمرور الوقت من الأضرار العنيفة لضغط الدم المرتفع ويقي المرضى من المضاعفات المستقبلية.","عائلة (ACE) كالزستريل كابوتين قد تصاحبها كأثر جانبي كحة وسعال جاف مزعج جداً تتطلب وقف الدواء بأمر الطبيب، بالإضافة لدوار عابر ملحوظ."
123,"Diovan 160mg Tablets","ديوفان أقراص 160 مجم","Blood pressure & Heart","تُستخدم ديوفان أقراص 160 مجم كموسع للشرايين ومخفض لضغط الدم يحمي عضلة القلب والكلى بمرور الوقت من الأضرار العنيفة لضغط الدم المرتفع ويقي المرضى من المضاعفات المستقبلية.","عائلة (ACE) كالزستريل كابوتين قد تصاحبها كأثر جانبي كحة وسعال جاف مزعج جداً تتطلب وقف الدواء بأمر الطبيب، بالإضافة لدوار عابر ملحوظ."
124,"Aldomet 250mg Tablets","ألدوميت أقراص 250 مجم","Blood pressure & Heart","تُستخدم ألدوميت أقراص 250 مجم كأدوية مساندة لأداء الدورة الدموية، تستخدم إما كمدرات للبول للتخلص من السوائل المتجمعة في الرئة والأطراف السفلية، أو كمميعات قوية للدم لمنع حدوث التجلطات المفاجئة في الأوردة والشرايين المغذية.","مدرات البول قد تسبب الإجهاد العضلي لخسارة الأملاح (كالبوتاسيوم)، ومميعات الدم قد تزيد من خطر وطول مدة النزيف من الجروح أو الكدمات البسيطة."
125,"Cordarone 200mg Tablets","كوردارون أقراص 200 مجم","Blood pressure & Heart","تُستخدم كوردارون أقراص 200 مجم كأدوية مساندة لأداء الدورة الدموية، تستخدم إما كمدرات للبول للتخلص من السوائل المتجمعة في الرئة والأطراف السفلية، أو كمميعات قوية للدم لمنع حدوث التجلطات المفاجئة في الأوردة والشرايين المغذية.","مدرات البول قد تسبب الإجهاد العضلي لخسارة الأملاح (كالبوتاسيوم)، ومميعات الدم قد تزيد من خطر وطول مدة النزيف من الجروح أو الكدمات البسيطة."
126,"Lanoxin 0.25mg Tablets","لانوكسين أقراص 0.25 مجم","Blood pressure & Heart","تُستخدم لانوكسين أقراص 0.25 مجم كأدوية مساندة لأداء الدورة الدموية، تستخدم إما كمدرات للبول للتخلص من السوائل المتجمعة في الرئة والأطراف السفلية، أو كمميعات قوية للدم لمنع حدوث التجلطات المفاجئة في الأوردة والشرايين المغذية.","مدرات البول قد تسبب الإجهاد العضلي لخسارة الأملاح (كالبوتاسيوم)، ومميعات الدم قد تزيد من خطر وطول مدة النزيف من الجروح أو الكدمات البسيطة."
127,"Lasix 40mg Tablets","لازيكس أقراص 40 مجم","Blood pressure & Heart","تُستخدم لازيكس أقراص 40 مجم كأدوية مساندة لأداء الدورة الدموية، تستخدم إما كمدرات للبول للتخلص من السوائل المتجمعة في الرئة والأطراف السفلية، أو كمميعات قوية للدم لمنع حدوث التجلطات المفاجئة في الأوردة والشرايين المغذية.","مدرات البول قد تسبب الإجهاد العضلي لخسارة الأملاح (كالبوتاسيوم)، ومميعات الدم قد تزيد من خطر وطول مدة النزيف من الجروح أو الكدمات البسيطة."
128,"Lasix Ampoules","لازيكس أمبولات","Blood pressure & Heart","تُستخدم لازيكس أمبولات كأدوية مساندة لأداء الدورة الدموية، تستخدم إما كمدرات للبول للتخلص من السوائل المتجمعة في الرئة والأطراف السفلية، أو كمميعات قوية للدم لمنع حدوث التجلطات المفاجئة في الأوردة والشرايين المغذية.","مدرات البول قد تسبب الإجهاد العضلي لخسارة الأملاح (كالبوتاسيوم)، ومميعات الدم قد تزيد من خطر وطول مدة النزيف من الجروح أو الكدمات البسيطة."
129,"Aldactone 25mg Tablets","ألداكتون أقراص 25 مجم","Blood pressure & Heart","تُستخدم ألداكتون أقراص 25 مجم كحاصرات ذكية لمستقبلات بيتا، تعمل بشكل علمي لدعم عضلة القلب، وتقليل عبء الضربات المتسارعة المجهدة، بالإضافة لخفض ضغط الدم المرتفع والوقاية الفعالة من نوبات الذبحات الصدرية.","قد يشعر المريض بنوع من الدوار العابر المستمر وبطء ضربات القلب والشعور ببرودة واضحة في الأطراف، ولا يصلح لمرضى الربو الشديد."
130,"Aspocid 100mg Tablets","أسبوسيد أقراص 100 مجم","Blood pressure & Heart","تُستخدم أسبوسيد أقراص 100 مجم كحاصرات ذكية لمستقبلات بيتا، تعمل بشكل علمي لدعم عضلة القلب، وتقليل عبء الضربات المتسارعة المجهدة، بالإضافة لخفض ضغط الدم المرتفع والوقاية الفعالة من نوبات الذبحات الصدرية.","قد يشعر المريض بنوع من الدوار العابر المستمر وبطء ضربات القلب والشعور ببرودة واضحة في الأطراف، ولا يصلح لمرضى الربو الشديد."
131,"Cardiprin 100mg Tablets","كارديبرين أقراص 100 مجم","Blood pressure & Heart","تُستخدم كارديبرين أقراص 100 مجم كحاصرات ذكية لمستقبلات بيتا، تعمل بشكل علمي لدعم عضلة القلب، وتقليل عبء الضربات المتسارعة المجهدة، بالإضافة لخفض ضغط الدم المرتفع والوقاية الفعالة من نوبات الذبحات الصدرية.","قد يشعر المريض بنوع من الدوار العابر المستمر وبطء ضربات القلب والشعور ببرودة واضحة في الأطراف، ولا يصلح لمرضى الربو الشديد."
132,"Plavix 75mg Tablets","بلافيكس أقراص 75 مجم","Blood pressure & Heart","تُستخدم بلافيكس أقراص 75 مجم كأدوية مساندة لأداء الدورة الدموية، تستخدم إما كمدرات للبول للتخلص من السوائل المتجمعة في الرئة والأطراف السفلية، أو كمميعات قوية للدم لمنع حدوث التجلطات المفاجئة في الأوردة والشرايين المغذية.","مدرات البول قد تسبب الإجهاد العضلي لخسارة الأملاح (كالبوتاسيوم)، ومميعات الدم قد تزيد من خطر وطول مدة النزيف من الجروح أو الكدمات البسيطة."
133,"Xarelto 20mg Tablets","زاريلتو أقراص 20 مجم","Blood pressure & Heart","تُستخدم زاريلتو أقراص 20 مجم كحاصرات ذكية لمستقبلات بيتا، تعمل بشكل علمي لدعم عضلة القلب، وتقليل عبء الضربات المتسارعة المجهدة، بالإضافة لخفض ضغط الدم المرتفع والوقاية الفعالة من نوبات الذبحات الصدرية.","قد يشعر المريض بنوع من الدوار العابر المستمر وبطء ضربات القلب والشعور ببرودة واضحة في الأطراف، ولا يصلح لمرضى الربو الشديد."
134,"Isordil 10mg Tablets","إيزوردل أقراص 10 مجم","Blood pressure & Heart","تُستخدم إيزوردل أقراص 10 مجم كحاصرات ذكية لمستقبلات بيتا، تعمل بشكل علمي لدعم عضلة القلب، وتقليل عبء الضربات المتسارعة المجهدة، بالإضافة لخفض ضغط الدم المرتفع والوقاية الفعالة من نوبات الذبحات الصدرية.","قد يشعر المريض بنوع من الدوار العابر المستمر وبطء ضربات القلب والشعور ببرودة واضحة في الأطراف، ولا يصلح لمرضى الربو الشديد."
135,"Nitroglycerin Tablets","نتروجليسيرين أقراص","Blood pressure & Heart","تُستخدم نتروجليسيرين أقراص كحاصرات ذكية لمستقبلات بيتا، تعمل بشكل علمي لدعم عضلة القلب، وتقليل عبء الضربات المتسارعة المجهدة، بالإضافة لخفض ضغط الدم المرتفع والوقاية الفعالة من نوبات الذبحات الصدرية.","قد يشعر المريض بنوع من الدوار العابر المستمر وبطء ضربات القلب والشعور ببرودة واضحة في الأطراف، ولا يصلح لمرضى الربو الشديد."
136,"Ator 10mg Tablets","أطور أقراص 10 مجم","Blood pressure & Heart","تُستخدم أطور أقراص 10 مجم لتثبيط إنتاج الكبد المفرط للكوليسترول الضار والدهون الثلاثية الخبيثة، مما يحمي الشرايين بشكل فعال من التصلب والانسداد المفاجئ ويحافظ على صحة القلب الممتازة.","العمليات الحيوية للقلب قوية ولكن الدواء بجرعات زائدة قد يسبب ألماً وارهاقاً متواصلاً في بعض العضلات الرئيسية ومفصل الساق يتطلب الانتباه."
137,"Ator 20mg Tablets","أطور أقراص 20 مجم","Blood pressure & Heart","تُستخدم أطور أقراص 20 مجم لتثبيط إنتاج الكبد المفرط للكوليسترول الضار والدهون الثلاثية الخبيثة، مما يحمي الشرايين بشكل فعال من التصلب والانسداد المفاجئ ويحافظ على صحة القلب الممتازة.","العمليات الحيوية للقلب قوية ولكن الدواء بجرعات زائدة قد يسبب ألماً وارهاقاً متواصلاً في بعض العضلات الرئيسية ومفصل الساق يتطلب الانتباه."
138,"Ator 40mg Tablets","أطور أقراص 40 مجم","Blood pressure & Heart","تُستخدم أطور أقراص 40 مجم لتثبيط إنتاج الكبد المفرط للكوليسترول الضار والدهون الثلاثية الخبيثة، مما يحمي الشرايين بشكل فعال من التصلب والانسداد المفاجئ ويحافظ على صحة القلب الممتازة.","العمليات الحيوية للقلب قوية ولكن الدواء بجرعات زائدة قد يسبب ألماً وارهاقاً متواصلاً في بعض العضلات الرئيسية ومفصل الساق يتطلب الانتباه."
139,"Lipitor 10mg Tablets","ليبيتور أقراص 10 مجم","Blood pressure & Heart","تُستخدم ليبيتور أقراص 10 مجم لتثبيط إنتاج الكبد المفرط للكوليسترول الضار والدهون الثلاثية الخبيثة، مما يحمي الشرايين بشكل فعال من التصلب والانسداد المفاجئ ويحافظ على صحة القلب الممتازة.","العمليات الحيوية للقلب قوية ولكن الدواء بجرعات زائدة قد يسبب ألماً وارهاقاً متواصلاً في بعض العضلات الرئيسية ومفصل الساق يتطلب الانتباه."
140,"Lipitor 20mg Tablets","ليبيتور أقراص 20 مجم","Blood pressure & Heart","تُستخدم ليبيتور أقراص 20 مجم لتثبيط إنتاج الكبد المفرط للكوليسترول الضار والدهون الثلاثية الخبيثة، مما يحمي الشرايين بشكل فعال من التصلب والانسداد المفاجئ ويحافظ على صحة القلب الممتازة.","العمليات الحيوية للقلب قوية ولكن الدواء بجرعات زائدة قد يسبب ألماً وارهاقاً متواصلاً في بعض العضلات الرئيسية ومفصل الساق يتطلب الانتباه."
141,"Crestor 10mg Tablets","كرستور أقراص 10 مجم","Blood pressure & Heart","تُستخدم كرستور أقراص 10 مجم لتثبيط إنتاج الكبد المفرط للكوليسترول الضار والدهون الثلاثية الخبيثة، مما يحمي الشرايين بشكل فعال من التصلب والانسداد المفاجئ ويحافظ على صحة القلب الممتازة.","العمليات الحيوية للقلب قوية ولكن الدواء بجرعات زائدة قد يسبب ألماً وارهاقاً متواصلاً في بعض العضلات الرئيسية ومفصل الساق يتطلب الانتباه."
142,"Zocor 20mg Tablets","زوكور أقراص 20 مجم","Blood pressure & Heart","تُستخدم زوكور أقراص 20 مجم لتثبيط إنتاج الكبد المفرط للكوليسترول الضار والدهون الثلاثية الخبيثة، مما يحمي الشرايين بشكل فعال من التصلب والانسداد المفاجئ ويحافظ على صحة القلب الممتازة.","العمليات الحيوية للقلب قوية ولكن الدواء بجرعات زائدة قد يسبب ألماً وارهاقاً متواصلاً في بعض العضلات الرئيسية ومفصل الساق يتطلب الانتباه."
143,"Glucophage 500mg Tablets","جلوكوفاج أقراص 500 مجم",Diabetes,"تُستخدم جلوكوفاج أقراص 500 مجم كمنظم حيوي وأساسي لسكر الدم يعمل على زيادة حساسية الجسم للإنسولين وتقليل إنتاج الكبد اللحظي للسكر. يعتبر طوق النجاة الأول عالمياً لمرضى السكري من النوع الثاني.","اضطرابات الجهاز الهضمي المؤقتة هي العرض الأشهر (الإسهال الشديد، ألآم البطن، والانتفاخ)، ويفضل تناوله في وسط الوجبات لتقليل هذا الأثر."
144,"Glucophage 1000mg Tablets","جلوكوفاج أقراص 1000 مجم",Diabetes,"تُستخدم جلوكوفاج أقراص 1000 مجم كمنظم حيوي وأساسي لسكر الدم يعمل على زيادة حساسية الجسم للإنسولين وتقليل إنتاج الكبد اللحظي للسكر. يعتبر طوق النجاة الأول عالمياً لمرضى السكري من النوع الثاني.","اضطرابات الجهاز الهضمي المؤقتة هي العرض الأشهر (الإسهال الشديد، ألآم البطن، والانتفاخ)، ويفضل تناوله في وسط الوجبات لتقليل هذا الأثر."
145,"Glucophage XR 1000mg Tablets","جلوكوفاج XR أقراص 1000 مجم",Diabetes,"تُستخدم جلوكوفاج XR أقراص 1000 مجم كمنظم حيوي وأساسي لسكر الدم يعمل على زيادة حساسية الجسم للإنسولين وتقليل إنتاج الكبد اللحظي للسكر. يعتبر طوق النجاة الأول عالمياً لمرضى السكري من النوع الثاني.","اضطرابات الجهاز الهضمي المؤقتة هي العرض الأشهر (الإسهال الشديد، ألآم البطن، والانتفاخ)، ويفضل تناوله في وسط الوجبات لتقليل هذا الأثر."
146,"Amaryl 1mg Tablets","أماريل أقراص 1 مجم",Diabetes,"تُستخدم أماريل أقراص 1 مجم كمحفز قوي للبنكرياس لإنتاج وضخ المزيد من الإنسولين في مجرى الدم للسيطرة المباشرة على مستويات السكر المرتفعة بعد الوجبات لمرضى النوع الثاني.","أكثر أعراضه الجانبية شيوعاً وخطراً هي نوبات هبوط السكر المفاجئ (الدوخة، التعرق، الرعشة) خصوصاً للمريض الذي يهمل وجبته بعد الدواء."
147,"Amaryl 2mg Tablets","أماريل أقراص 2 مجم",Diabetes,"تُستخدم أماريل أقراص 2 مجم كمحفز قوي للبنكرياس لإنتاج وضخ المزيد من الإنسولين في مجرى الدم للسيطرة المباشرة على مستويات السكر المرتفعة بعد الوجبات لمرضى النوع الثاني.","أكثر أعراضه الجانبية شيوعاً وخطراً هي نوبات هبوط السكر المفاجئ (الدوخة، التعرق، الرعشة) خصوصاً للمريض الذي يهمل وجبته بعد الدواء."
148,"Amaryl 4mg Tablets","أماريل أقراص 4 مجم",Diabetes,"تُستخدم أماريل أقراص 4 مجم كمحفز قوي للبنكرياس لإنتاج وضخ المزيد من الإنسولين في مجرى الدم للسيطرة المباشرة على مستويات السكر المرتفعة بعد الوجبات لمرضى النوع الثاني.","أكثر أعراضه الجانبية شيوعاً وخطراً هي نوبات هبوط السكر المفاجئ (الدوخة، التعرق، الرعشة) خصوصاً للمريض الذي يهمل وجبته بعد الدواء."
149,"Diamicron 30mg Tablets","دياميكرون أقراص 30 مجم",Diabetes,"تُستخدم دياميكرون أقراص 30 مجم كمحفز قوي للبنكرياس لإنتاج وضخ المزيد من الإنسولين في مجرى الدم للسيطرة المباشرة على مستويات السكر المرتفعة بعد الوجبات لمرضى النوع الثاني.","أكثر أعراضه الجانبية شيوعاً وخطراً هي نوبات هبوط السكر المفاجئ (الدوخة، التعرق، الرعشة) خصوصاً للمريض الذي يهمل وجبته بعد الدواء."
150,"Diamicron 60mg Tablets","دياميكرون أقراص 60 مجم",Diabetes,"تُستخدم دياميكرون أقراص 60 مجم كمحفز قوي للبنكرياس لإنتاج وضخ المزيد من الإنسولين في مجرى الدم للسيطرة المباشرة على مستويات السكر المرتفعة بعد الوجبات لمرضى النوع الثاني.","أكثر أعراضه الجانبية شيوعاً وخطراً هي نوبات هبوط السكر المفاجئ (الدوخة، التعرق، الرعشة) خصوصاً للمريض الذي يهمل وجبته بعد الدواء."
151,"Galvus 50mg Tablets","جالفوس أقراص 50 مجم",Diabetes,"تُستخدم جالفوس أقراص 50 مجم كجيل حديث من أدوية السكري يعمل إما على منع تكسر الهرمونات المحفزة للإنسولين أو طرد الجلوكوز الزائد عن طريق البول، مما يحافظ على استقرار السكر ويحمي القلب والكلى.","المجموعة التي تعمل عبر البول (SGLT2) قد تسبب تكرار التبول وزيادة ملحوظة في خطر الإصابة بعدوى المسالك البولية الفطرية المتككرة."
152,"Januvia 100mg Tablets","جانوفيا أقراص 100 مجم",Diabetes,"تُستخدم جانوفيا أقراص 100 مجم كمنظم حيوي وأساسي لسكر الدم يعمل على زيادة حساسية الجسم للإنسولين وتقليل إنتاج الكبد اللحظي للسكر. يعتبر طوق النجاة الأول عالمياً لمرضى السكري من النوع الثاني.","اضطرابات الجهاز الهضمي المؤقتة هي العرض الأشهر (الإسهال الشديد، ألآم البطن، والانتفاخ)، ويفضل تناوله في وسط الوجبات لتقليل هذا الأثر."
153,"Janumet 50/1000mg Tablets","جانوميت أقراص",Diabetes,"تُستخدم جانوميت أقراص كجيل حديث من أدوية السكري يعمل إما على منع تكسر الهرمونات المحفزة للإنسولين أو طرد الجلوكوز الزائد عن طريق البول، مما يحافظ على استقرار السكر ويحمي القلب والكلى.","المجموعة التي تعمل عبر البول (SGLT2) قد تسبب تكرار التبول وزيادة ملحوظة في خطر الإصابة بعدوى المسالك البولية الفطرية المتككرة."
154,"Jardiance 10mg Tablets","جارديانس أقراص 10 مجم",Diabetes,"تُستخدم جارديانس أقراص 10 مجم كجيل حديث من أدوية السكري يعمل إما على منع تكسر الهرمونات المحفزة للإنسولين أو طرد الجلوكوز الزائد عن طريق البول، مما يحافظ على استقرار السكر ويحمي القلب والكلى.","المجموعة التي تعمل عبر البول (SGLT2) قد تسبب تكرار التبول وزيادة ملحوظة في خطر الإصابة بعدوى المسالك البولية الفطرية المتككرة."
155,"Jardiance 25mg Tablets","جارديانس أقراص 25 مجم",Diabetes,"تُستخدم جارديانس أقراص 25 مجم كجيل حديث من أدوية السكري يعمل إما على منع تكسر الهرمونات المحفزة للإنسولين أو طرد الجلوكوز الزائد عن طريق البول، مما يحافظ على استقرار السكر ويحمي القلب والكلى.","المجموعة التي تعمل عبر البول (SGLT2) قد تسبب تكرار التبول وزيادة ملحوظة في خطر الإصابة بعدوى المسالك البولية الفطرية المتككرة."
156,"Synjardy 5mg Tablets","سينجاردي أقراص",Diabetes,"تُستخدم سينجاردي أقراص كجيل حديث من أدوية السكري يعمل إما على منع تكسر الهرمونات المحفزة للإنسولين أو طرد الجلوكوز الزائد عن طريق البول، مما يحافظ على استقرار السكر ويحمي القلب والكلى.","المجموعة التي تعمل عبر البول (SGLT2) قد تسبب تكرار التبول وزيادة ملحوظة في خطر الإصابة بعدوى المسالك البولية الفطرية المتككرة."
157,"Trulicity 1.5mg Injection","تروليسيتي حقن",Diabetes,"تُستخدم تروليسيتي حقن كمنظم حيوي وأساسي لسكر الدم يعمل على زيادة حساسية الجسم للإنسولين وتقليل إنتاج الكبد اللحظي للسكر. يعتبر طوق النجاة الأول عالمياً لمرضى السكري من النوع الثاني.","اضطرابات الجهاز الهضمي المؤقتة هي العرض الأشهر (الإسهال الشديد، ألآم البطن، والانتفاخ)، ويفضل تناوله في وسط الوجبات لتقليل هذا الأثر."
158,"Rybelsus 7mg Tablets","ريبيلسوس أقراص 7 مجم",Diabetes,"تُستخدم ريبيلسوس أقراص 7 مجم كمنظم حيوي وأساسي لسكر الدم يعمل على زيادة حساسية الجسم للإنسولين وتقليل إنتاج الكبد اللحظي للسكر. يعتبر طوق النجاة الأول عالمياً لمرضى السكري من النوع الثاني.","اضطرابات الجهاز الهضمي المؤقتة هي العرض الأشهر (الإسهال الشديد، ألآم البطن، والانتفاخ)، ويفضل تناوله في وسط الوجبات لتقليل هذا الأثر."
159,"Lantus 100IU/ml Vials","لانتوس فيال 100 وحدة",Diabetes,"تُستخدم لانتوس فيال 100 وحدة كمنظم حيوي وأساسي لسكر الدم يعمل على زيادة حساسية الجسم للإنسولين وتقليل إنتاج الكبد اللحظي للسكر. يعتبر طوق النجاة الأول عالمياً لمرضى السكري من النوع الثاني.","اضطرابات الجهاز الهضمي المؤقتة هي العرض الأشهر (الإسهال الشديد، ألآم البطن، والانتفاخ)، ويفضل تناوله في وسط الوجبات لتقليل هذا الأثر."
160,"Novorapid 100IU/ml","نوفورابيد 100 وحدة",Diabetes,"تُستخدم نوفورابيد 100 وحدة كمنظم حيوي وأساسي لسكر الدم يعمل على زيادة حساسية الجسم للإنسولين وتقليل إنتاج الكبد اللحظي للسكر. يعتبر طوق النجاة الأول عالمياً لمرضى السكري من النوع الثاني.","اضطرابات الجهاز الهضمي المؤقتة هي العرض الأشهر (الإسهال الشديد، ألآم البطن، والانتفاخ)، ويفضل تناوله في وسط الوجبات لتقليل هذا الأثر."
161,"Mixtard 30 Vial","ميكستارد فيال 30",Diabetes,"تُستخدم ميكستارد فيال 30 كمنظم حيوي وأساسي لسكر الدم يعمل على زيادة حساسية الجسم للإنسولين وتقليل إنتاج الكبد اللحظي للسكر. يعتبر طوق النجاة الأول عالمياً لمرضى السكري من النوع الثاني.","اضطرابات الجهاز الهضمي المؤقتة هي العرض الأشهر (الإسهال الشديد، ألآم البطن، والانتفاخ)، ويفضل تناوله في وسط الوجبات لتقليل هذا الأثر."
162,"Levemir Flexpen","ليفيمير فليكس بن",Diabetes,"تُستخدم ليفيمير فليكس بن كمنظم حيوي وأساسي لسكر الدم يعمل على زيادة حساسية الجسم للإنسولين وتقليل إنتاج الكبد اللحظي للسكر. يعتبر طوق النجاة الأول عالمياً لمرضى السكري من النوع الثاني.","اضطرابات الجهاز الهضمي المؤقتة هي العرض الأشهر (الإسهال الشديد، ألآم البطن، والانتفاخ)، ويفضل تناوله في وسط الوجبات لتقليل هذا الأثر."
163,"Nexium 40mg Tablets","نيكسيوم أقراص 40 مجم","Stomach & GI","تُستخدم نيكسيوم أقراص 40 مجم كمثبط ذكي لمضخات البروتون لمنع إفراز حمض المعدة بقوة. وهو العلاج الأساسي والممتاز لحرقان فم المعدة، الارتجاع المريئي المتعب، والشفاء الموضعي لقرحة المعدة والإثنا عشر.","الاستعمال القصير غالباً آمن بلا أعراض سوى صداع خفيف أو إمساك. الاستخدام المستمر الطويل قد يقلل من امتصاص الجسم لفيتامين ب١٢ وأملاح الكالسيوم."
164,"Nexium 20mg Tablets","نيكسيوم أقراص 20 مجم","Stomach & GI","تُستخدم نيكسيوم أقراص 20 مجم كمثبط ذكي لمضخات البروتون لمنع إفراز حمض المعدة بقوة. وهو العلاج الأساسي والممتاز لحرقان فم المعدة، الارتجاع المريئي المتعب، والشفاء الموضعي لقرحة المعدة والإثنا عشر.","الاستعمال القصير غالباً آمن بلا أعراض سوى صداع خفيف أو إمساك. الاستخدام المستمر الطويل قد يقلل من امتصاص الجسم لفيتامين ب١٢ وأملاح الكالسيوم."
165,"Nexium IV Vials","نيكسيوم حقن وريدية","Stomach & GI","تُستخدم نيكسيوم حقن وريدية كمثبط ذكي لمضخات البروتون لمنع إفراز حمض المعدة بقوة. وهو العلاج الأساسي والممتاز لحرقان فم المعدة، الارتجاع المريئي المتعب، والشفاء الموضعي لقرحة المعدة والإثنا عشر.","الاستعمال القصير غالباً آمن بلا أعراض سوى صداع خفيف أو إمساك. الاستخدام المستمر الطويل قد يقلل من امتصاص الجسم لفيتامين ب١٢ وأملاح الكالسيوم."
166,"Losec 20mg Capsules","لوسيك كبسولات 20 مجم","Stomach & GI","تُستخدم لوسيك كبسولات 20 مجم كمثبط ذكي لمضخات البروتون لمنع إفراز حمض المعدة بقوة. وهو العلاج الأساسي والممتاز لحرقان فم المعدة، الارتجاع المريئي المتعب، والشفاء الموضعي لقرحة المعدة والإثنا عشر.","الاستعمال القصير غالباً آمن بلا أعراض سوى صداع خفيف أو إمساك. الاستخدام المستمر الطويل قد يقلل من امتصاص الجسم لفيتامين ب١٢ وأملاح الكالسيوم."
167,"Controloc 40mg Tablets","كونترولوك أقراص 40 مجم","Stomach & GI","تُستخدم كونترولوك أقراص 40 مجم كمثبط ذكي لمضخات البروتون لمنع إفراز حمض المعدة بقوة. وهو العلاج الأساسي والممتاز لحرقان فم المعدة، الارتجاع المريئي المتعب، والشفاء الموضعي لقرحة المعدة والإثنا عشر.","الاستعمال القصير غالباً آمن بلا أعراض سوى صداع خفيف أو إمساك. الاستخدام المستمر الطويل قد يقلل من امتصاص الجسم لفيتامين ب١٢ وأملاح الكالسيوم."
168,"Pantaloc 40mg Tablets","بانتالوك أقراص 40 مجم","Stomach & GI","تُستخدم بانتالوك أقراص 40 مجم كمثبط ذكي لمضخات البروتون لمنع إفراز حمض المعدة بقوة. وهو العلاج الأساسي والممتاز لحرقان فم المعدة، الارتجاع المريئي المتعب، والشفاء الموضعي لقرحة المعدة والإثنا عشر.","الاستعمال القصير غالباً آمن بلا أعراض سوى صداع خفيف أو إمساك. الاستخدام المستمر الطويل قد يقلل من امتصاص الجسم لفيتامين ب١٢ وأملاح الكالسيوم."
169,"Zantac 150mg Tablets","زانتاك أقراص 150 مجم","Stomach & GI","تُستخدم زانتاك أقراص 150 مجم لتخفيف حموضة المعدة الزائدة وعلاج عسر الهضم الحمضي، ويفضل استخدامه قبل وجبات الطعام لتجنب الارتجاع والحرقان المزعج.","آمن جداً وقليل الأعراض الجانبية، قد يسبب صداعاً عابراً أو دواراً بسيطاً لكبار السن."
170,"Gaviscon Suspension","جافيسكون معلق","Stomach & GI","تُستخدم جافيسكون معلق كمعادل حموضة سريع ومهدئ فوري لحرقة المعدة وعسر الهضم، حيث يغلف جدار المعدة والمريء ليحميهما من ارتداد الحمض.","الإكثار منه قد يخل بتوازن وظائف الجهاز الهضمي ليسبب الإمساك (في المحتويات الغنية بالألومنيوم) أو الإسهال (في الغنية بالماغنسيوم)."
171,"Gaviscon Tablets","جافيسكون أقراص","Stomach & GI","تُستخدم جافيسكون أقراص كمعادل حموضة سريع ومهدئ فوري لحرقة المعدة وعسر الهضم، حيث يغلف جدار المعدة والمريء ليحميهما من ارتداد الحمض.","الإكثار منه قد يخل بتوازن وظائف الجهاز الهضمي ليسبب الإمساك (في المحتويات الغنية بالألومنيوم) أو الإسهال (في الغنية بالماغنسيوم)."
172,"Maalox Suspension","مالوكس معلق","Stomach & GI","تُستخدم مالوكس معلق كمعادل حموضة سريع ومهدئ فوري لحرقة المعدة وعسر الهضم، حيث يغلف جدار المعدة والمريء ليحميهما من ارتداد الحمض.","الإكثار منه قد يخل بتوازن وظائف الجهاز الهضمي ليسبب الإمساك (في المحتويات الغنية بالألومنيوم) أو الإسهال (في الغنية بالماغنسيوم)."
173,"Maalox Tablets","مالوكس أقراص مضغ","Stomach & GI","تُستخدم مالوكس أقراص مضغ كمعادل حموضة سريع ومهدئ فوري لحرقة المعدة وعسر الهضم، حيث يغلف جدار المعدة والمريء ليحميهما من ارتداد الحمض.","الإكثار منه قد يخل بتوازن وظائف الجهاز الهضمي ليسبب الإمساك (في المحتويات الغنية بالألومنيوم) أو الإسهال (في الغنية بالماغنسيوم)."
174,"Motilium 10mg Tablets","موتيليوم أقراص 10 مجم","Stomach & GI","تُستخدم موتيليوم أقراص 10 مجم كمثبط ذكي لمضخات البروتون لمنع إفراز حمض المعدة بقوة. وهو العلاج الأساسي والممتاز لحرقان فم المعدة، الارتجاع المريئي المتعب، والشفاء الموضعي لقرحة المعدة والإثنا عشر.","الاستعمال القصير غالباً آمن بلا أعراض سوى صداع خفيف أو إمساك. الاستخدام المستمر الطويل قد يقلل من امتصاص الجسم لفيتامين ب١٢ وأملاح الكالسيوم."
175,"Motilium Suspension","موتيليوم معلق","Stomach & GI","تُستخدم موتيليوم معلق كمثبط ذكي لمضخات البروتون لمنع إفراز حمض المعدة بقوة. وهو العلاج الأساسي والممتاز لحرقان فم المعدة، الارتجاع المريئي المتعب، والشفاء الموضعي لقرحة المعدة والإثنا عشر.","الاستعمال القصير غالباً آمن بلا أعراض سوى صداع خفيف أو إمساك. الاستخدام المستمر الطويل قد يقلل من امتصاص الجسم لفيتامين ب١٢ وأملاح الكالسيوم."
176,"Primperan Tablets","بريمبيران أقراص","Stomach & GI","تُستخدم بريمبيران أقراص كمثبط ذكي لمضخات البروتون لمنع إفراز حمض المعدة بقوة. وهو العلاج الأساسي والممتاز لحرقان فم المعدة، الارتجاع المريئي المتعب، والشفاء الموضعي لقرحة المعدة والإثنا عشر.","الاستعمال القصير غالباً آمن بلا أعراض سوى صداع خفيف أو إمساك. الاستخدام المستمر الطويل قد يقلل من امتصاص الجسم لفيتامين ب١٢ وأملاح الكالسيوم."
177,"Primperan Ampoules","بريمبيران أمبولات","Stomach & GI","تُستخدم بريمبيران أمبولات كمثبط ذكي لمضخات البروتون لمنع إفراز حمض المعدة بقوة. وهو العلاج الأساسي والممتاز لحرقان فم المعدة، الارتجاع المريئي المتعب، والشفاء الموضعي لقرحة المعدة والإثنا عشر.","الاستعمال القصير غالباً آمن بلا أعراض سوى صداع خفيف أو إمساك. الاستخدام المستمر الطويل قد يقلل من امتصاص الجسم لفيتامين ب١٢ وأملاح الكالسيوم."
178,"Spasmomen 40mg Tablets","سبازمومين أقراص 40 مجم","Stomach & GI","تُستخدم سبازمومين أقراص 40 مجم كمضاد فوري للتقلصات والتشنجات يعمل على إرخاء عضلات القولون والجهاز الهضمي الملساء. يعتبر خياراً فعّالاً لمرضى متلازمة القولون العصبي، والتخلص من المغص المعوي والانتفاخ الخانق.","التركيبات التي تدمج مهدئاً (مثل بعض أصناف القولون) تسبب النعاس الخفيف وجفاف الفم، والأصناف غير المهدئة آمنة جداً وتترك أثراً جانبياً نادراً يتمثل في دوخة بسيطة."
179,"Colona Tablets","كولونا أقراص","Stomach & GI","تُستخدم كولونا أقراص كمضاد فوري للتقلصات والتشنجات يعمل على إرخاء عضلات القولون والجهاز الهضمي الملساء. يعتبر خياراً فعّالاً لمرضى متلازمة القولون العصبي، والتخلص من المغص المعوي والانتفاخ الخانق.","التركيبات التي تدمج مهدئاً (مثل بعض أصناف القولون) تسبب النعاس الخفيف وجفاف الفم، والأصناف غير المهدئة آمنة جداً وتترك أثراً جانبياً نادراً يتمثل في دوخة بسيطة."
180,"Librax Tablets","ليبراكس أقراص","Stomach & GI","تُستخدم ليبراكس أقراص كمضاد فوري للتقلصات والتشنجات يعمل على إرخاء عضلات القولون والجهاز الهضمي الملساء. يعتبر خياراً فعّالاً لمرضى متلازمة القولون العصبي، والتخلص من المغص المعوي والانتفاخ الخانق.","التركيبات التي تدمج مهدئاً (مثل بعض أصناف القولون) تسبب النعاس الخفيف وجفاف الفم، والأصناف غير المهدئة آمنة جداً وتترك أثراً جانبياً نادراً يتمثل في دوخة بسيطة."
181,"Duspatalin 200mg Capsules","دسباتالين كبسولات 200 مجم","Stomach & GI","تُستخدم دسباتالين كبسولات 200 مجم كمضاد فوري للتقلصات والتشنجات يعمل على إرخاء عضلات القولون والجهاز الهضمي الملساء. يعتبر خياراً فعّالاً لمرضى متلازمة القولون العصبي، والتخلص من المغص المعوي والانتفاخ الخانق.","التركيبات التي تدمج مهدئاً (مثل بعض أصناف القولون) تسبب النعاس الخفيف وجفاف الفم، والأصناف غير المهدئة آمنة جداً وتترك أثراً جانبياً نادراً يتمثل في دوخة بسيطة."
182,"Epicogel Suspension","إبيكوجيل معلق","Stomach & GI","تُستخدم إبيكوجيل معلق كمثبط ذكي لمضخات البروتون لمنع إفراز حمض المعدة بقوة. وهو العلاج الأساسي والممتاز لحرقان فم المعدة، الارتجاع المريئي المتعب، والشفاء الموضعي لقرحة المعدة والإثنا عشر.","الاستعمال القصير غالباً آمن بلا أعراض سوى صداع خفيف أو إمساك. الاستخدام المستمر الطويل قد يقلل من امتصاص الجسم لفيتامين ب١٢ وأملاح الكالسيوم."
183,"Gast-Reg Tablets","جاست-ريج أقراص","Stomach & GI","تُستخدم جاست-ريج أقراص كمثبط ذكي لمضخات البروتون لمنع إفراز حمض المعدة بقوة. وهو العلاج الأساسي والممتاز لحرقان فم المعدة، الارتجاع المريئي المتعب، والشفاء الموضعي لقرحة المعدة والإثنا عشر.","الاستعمال القصير غالباً آمن بلا أعراض سوى صداع خفيف أو إمساك. الاستخدام المستمر الطويل قد يقلل من امتصاص الجسم لفيتامين ب١٢ وأملاح الكالسيوم."
184,"Lactulose Syrup","لاكتيلوز شراب","Stomach & GI","تُستخدم لاكتيلوز شراب كمثبط ذكي لمضخات البروتون لمنع إفراز حمض المعدة بقوة. وهو العلاج الأساسي والممتاز لحرقان فم المعدة، الارتجاع المريئي المتعب، والشفاء الموضعي لقرحة المعدة والإثنا عشر.","الاستعمال القصير غالباً آمن بلا أعراض سوى صداع خفيف أو إمساك. الاستخدام المستمر الطويل قد يقلل من امتصاص الجسم لفيتامين ب١٢ وأملاح الكالسيوم."
185,"Dulcolax Tablets","ديولكولاكس أقراص","Stomach & GI","تُستخدم ديولكولاكس أقراص كمطهر معوي ومعالج جذري لاضطرابات حركة الأمعاء، سواء بإيقاف حالات الإسهال الشديد الناتجة عن عدوى معوية، أو في أنواع أخرى لتحريك الأمعاء برفق لعلاج الإمساك المتحجر المستمر.","مضادات الإسهال قد تتسبب أحياناً في نتائج عكسية كالإمساك الدائم، بينما تسبب الملينات مغصاً ومغصاً معوياً مع كثرة الاستخدام."
186,"Dulcolax Suppositories","ديولكولاكس لبوس","Stomach & GI","تُستخدم ديولكولاكس لبوس كمطهر معوي ومعالج جذري لاضطرابات حركة الأمعاء، سواء بإيقاف حالات الإسهال الشديد الناتجة عن عدوى معوية، أو في أنواع أخرى لتحريك الأمعاء برفق لعلاج الإمساك المتحجر المستمر.","مضادات الإسهال قد تتسبب أحياناً في نتائج عكسية كالإمساك الدائم، بينما تسبب الملينات مغصاً ومغصاً معوياً مع كثرة الاستخدام."
187,"Antinal Tablets 500mg","أنتينال أقراص 500 مجم","Stomach & GI","تُستخدم أنتينال أقراص 500 مجم كمطهر معوي ومعالج جذري لاضطرابات حركة الأمعاء، سواء بإيقاف حالات الإسهال الشديد الناتجة عن عدوى معوية، أو في أنواع أخرى لتحريك الأمعاء برفق لعلاج الإمساك المتحجر المستمر.","مضادات الإسهال قد تتسبب أحياناً في نتائج عكسية كالإمساك الدائم، بينما تسبب الملينات مغصاً ومغصاً معوياً مع كثرة الاستخدام."
188,"Smecta Sachets","سميكتا أكياس","Stomach & GI","تُستخدم سميكتا أكياس كمطهر معوي ومعالج جذري لاضطرابات حركة الأمعاء، سواء بإيقاف حالات الإسهال الشديد الناتجة عن عدوى معوية، أو في أنواع أخرى لتحريك الأمعاء برفق لعلاج الإمساك المتحجر المستمر.","مضادات الإسهال قد تتسبب أحياناً في نتائج عكسية كالإمساك الدائم، بينما تسبب الملينات مغصاً ومغصاً معوياً مع كثرة الاستخدام."
189,"Neurobion Tablets","نيوروبيون أقراص",Vitamins,"تُستخدم نيوروبيون أقراص كأداة علاجية متكاملة لدعم وتغذية وصيانة الخلايا العصبية المرهقة وتكوين غلاف العصب المتآكل. يستعان به بامتياز للتخلص الدائم من الإجهاد الذهني، وتسكين آلام والتهابات أعصاب الظهر والمفاصل المبرحة.","مفيدة جداً للجميع، ومع ذلك فقد يتسبب تناولها العشوائي على معدة خاوية في غثيان، وقد يلحظ المريض متغيّرات طبيعية كتلون البول لتبعات الفيتامين المستقلب، وهذا ليس مقلقاً."
190,"Neurobion Ampoules","نيوروبيون أمبولات",Vitamins,"تُستخدم نيوروبيون أمبولات كأداة علاجية متكاملة لدعم وتغذية وصيانة الخلايا العصبية المرهقة وتكوين غلاف العصب المتآكل. يستعان به بامتياز للتخلص الدائم من الإجهاد الذهني، وتسكين آلام والتهابات أعصاب الظهر والمفاصل المبرحة.","مفيدة جداً للجميع، ومع ذلك فقد يتسبب تناولها العشوائي على معدة خاوية في غثيان، وقد يلحظ المريض متغيّرات طبيعية كتلون البول لتبعات الفيتامين المستقلب، وهذا ليس مقلقاً."
191,"Milga Tablets","ميلجا أقراص",Vitamins,"تُستخدم ميلجا أقراص كأداة علاجية متكاملة لدعم وتغذية وصيانة الخلايا العصبية المرهقة وتكوين غلاف العصب المتآكل. يستعان به بامتياز للتخلص الدائم من الإجهاد الذهني، وتسكين آلام والتهابات أعصاب الظهر والمفاصل المبرحة.","مفيدة جداً للجميع، ومع ذلك فقد يتسبب تناولها العشوائي على معدة خاوية في غثيان، وقد يلحظ المريض متغيّرات طبيعية كتلون البول لتبعات الفيتامين المستقلب، وهذا ليس مقلقاً."
192,"Milga Ampoules","ميلجا أمبولات",Vitamins,"تُستخدم ميلجا أمبولات كأداة علاجية متكاملة لدعم وتغذية وصيانة الخلايا العصبية المرهقة وتكوين غلاف العصب المتآكل. يستعان به بامتياز للتخلص الدائم من الإجهاد الذهني، وتسكين آلام والتهابات أعصاب الظهر والمفاصل المبرحة.","مفيدة جداً للجميع، ومع ذلك فقد يتسبب تناولها العشوائي على معدة خاوية في غثيان، وقد يلحظ المريض متغيّرات طبيعية كتلون البول لتبعات الفيتامين المستقلب، وهذا ليس مقلقاً."
193,"Neuroton Capsules","نيوروتون كبسولات",Vitamins,"تُستخدم نيوروتون كبسولات كأداة علاجية متكاملة لدعم وتغذية وصيانة الخلايا العصبية المرهقة وتكوين غلاف العصب المتآكل. يستعان به بامتياز للتخلص الدائم من الإجهاد الذهني، وتسكين آلام والتهابات أعصاب الظهر والمفاصل المبرحة.","مفيدة جداً للجميع، ومع ذلك فقد يتسبب تناولها العشوائي على معدة خاوية في غثيان، وقد يلحظ المريض متغيّرات طبيعية كتلون البول لتبعات الفيتامين المستقلب، وهذا ليس مقلقاً."
194,"Thiotacid 600mg Tablets","ثيوتاسيد أقراص 600 مجم",Vitamins,"تُستخدم ثيوتاسيد أقراص 600 مجم كمضاد أكسدة قوي يُوصف عالمياً لعلاج التهابات الأعصاب الطرفية العميقة، وخاصة اعتلال الأعصاب الملحوظ الناتج عن مرض السكري (تنميل، حرقان، وخز مؤلم في الأطراف). يُستخدم بكفاءة كبرى لدعم وظائف الأعصاب وتحسين النواقل العصبية.","علاج ممتاز التحمل بشكل عام، لكن في حالات نادرة جداً قد يحدث بعض الانزعاج الخفيف في المعدة أو غثيان بسيط أو طفح جلدي."
195,"Thiotacid Ampoules","ثيوتاسيد أمبولات",Vitamins,"تُستخدم ثيوتاسيد أمبولات كمضاد أكسدة قوي يُوصف عالمياً لعلاج التهابات الأعصاب الطرفية العميقة، وخاصة اعتلال الأعصاب الملحوظ الناتج عن مرض السكري (تنميل، حرقان، وخز مؤلم في الأطراف). يُستخدم بكفاءة كبرى لدعم وظائف الأعصاب وتحسين النواقل العصبية.","علاج ممتاز التحمل بشكل عام، لكن في حالات نادرة جداً قد يحدث بعض الانزعاج الخفيف في المعدة أو غثيان بسيط أو طفح جلدي."
196,"Vitacef Capsules","فيتاسيف كبسولات",Vitamins,"تُستخدم فيتاسيف كبسولات كتركيبة طبية غذائية ممتازة ودقيقة لسد ثغرات ونقص التغذية اليومية، وتدعيم نشاط الجسم العضلي وتقوية جهاز المناعة. تستخدم بامتياز لفترات الإرهاق المستمر وفترات نقاهة ما بعد التعافي الشديد وللصحة العامة.","آمنة طالما أنها لا تتجاوز الحدود القصوى الموصوفة، وأي أعراض تقتصر عادة على غثيان خفيف أو إمساك معدي لتركيبات الحديد القوية."
197,"Beko Ampoules","بيكو أمبولات",Vitamins,"تُستخدم بيكو أمبولات كتركيبة طبية غذائية ممتازة ودقيقة لسد ثغرات ونقص التغذية اليومية، وتدعيم نشاط الجسم العضلي وتقوية جهاز المناعة. تستخدم بامتياز لفترات الإرهاق المستمر وفترات نقاهة ما بعد التعافي الشديد وللصحة العامة.","آمنة طالما أنها لا تتجاوز الحدود القصوى الموصوفة، وأي أعراض تقتصر عادة على غثيان خفيف أو إمساك معدي لتركيبات الحديد القوية."
198,"Ferrogradumet Tablets","فيروجراديوميت أقراص",Vitamins,"تُستخدم فيروجراديوميت أقراص كتركيبة طبية غذائية ممتازة ودقيقة لسد ثغرات ونقص التغذية اليومية، وتدعيم نشاط الجسم العضلي وتقوية جهاز المناعة. تستخدم بامتياز لفترات الإرهاق المستمر وفترات نقاهة ما بعد التعافي الشديد وللصحة العامة.","آمنة طالما أنها لا تتجاوز الحدود القصوى الموصوفة، وأي أعراض تقتصر عادة على غثيان خفيف أو إمساك معدي لتركيبات الحديد القوية."
199,"Ferro-F Tablets","فيرو-إف أقراص",Vitamins,"تُستخدم فيرو-إف أقراص كتركيبة طبية غذائية ممتازة ودقيقة لسد ثغرات ونقص التغذية اليومية، وتدعيم نشاط الجسم العضلي وتقوية جهاز المناعة. تستخدم بامتياز لفترات الإرهاق المستمر وفترات نقاهة ما بعد التعافي الشديد وللصحة العامة.","آمنة طالما أنها لا تتجاوز الحدود القصوى الموصوفة، وأي أعراض تقتصر عادة على غثيان خفيف أو إمساك معدي لتركيبات الحديد القوية."
200,"Haematogen Syrup","هيماتوجين شراب",Vitamins,"تُستخدم هيماتوجين شراب كتركيبة طبية غذائية ممتازة ودقيقة لسد ثغرات ونقص التغذية اليومية، وتدعيم نشاط الجسم العضلي وتقوية جهاز المناعة. تستخدم بامتياز لفترات الإرهاق المستمر وفترات نقاهة ما بعد التعافي الشديد وللصحة العامة.","آمنة طالما أنها لا تتجاوز الحدود القصوى الموصوفة، وأي أعراض تقتصر عادة على غثيان خفيف أو إمساك معدي لتركيبات الحديد القوية."
201,"Kerovit Capsules","كيروفيت كبسولات",Vitamins,"تُستخدم كيروفيت كبسولات كتركيبة طبية غذائية ممتازة ودقيقة لسد ثغرات ونقص التغذية اليومية، وتدعيم نشاط الجسم العضلي وتقوية جهاز المناعة. تستخدم بامتياز لفترات الإرهاق المستمر وفترات نقاهة ما بعد التعافي الشديد وللصحة العامة.","آمنة طالما أنها لا تتجاوز الحدود القصوى الموصوفة، وأي أعراض تقتصر عادة على غثيان خفيف أو إمساك معدي لتركيبات الحديد القوية."
202,"Materna Tablets","ماتيرنا أقراص",Vitamins,"تُستخدم ماتيرنا أقراص كتركيبة طبية غذائية ممتازة ودقيقة لسد ثغرات ونقص التغذية اليومية، وتدعيم نشاط الجسم العضلي وتقوية جهاز المناعة. تستخدم بامتياز لفترات الإرهاق المستمر وفترات نقاهة ما بعد التعافي الشديد وللصحة العامة.","آمنة طالما أنها لا تتجاوز الحدود القصوى الموصوفة، وأي أعراض تقتصر عادة على غثيان خفيف أو إمساك معدي لتركيبات الحديد القوية."
203,"Mineravit Tablets","مينيرافيت أقراص",Vitamins,"تُستخدم مينيرافيت أقراص كتركيبة طبية غذائية ممتازة ودقيقة لسد ثغرات ونقص التغذية اليومية، وتدعيم نشاط الجسم العضلي وتقوية جهاز المناعة. تستخدم بامتياز لفترات الإرهاق المستمر وفترات نقاهة ما بعد التعافي الشديد وللصحة العامة.","آمنة طالما أنها لا تتجاوز الحدود القصوى الموصوفة، وأي أعراض تقتصر عادة على غثيان خفيف أو إمساك معدي لتركيبات الحديد القوية."
204,"Osteocare Tablets","أوستيوكير أقراص",Vitamins,"تُستخدم أوستيوكير أقراص كتركيبة طبية غذائية ممتازة ودقيقة لسد ثغرات ونقص التغذية اليومية، وتدعيم نشاط الجسم العضلي وتقوية جهاز المناعة. تستخدم بامتياز لفترات الإرهاق المستمر وفترات نقاهة ما بعد التعافي الشديد وللصحة العامة.","آمنة طالما أنها لا تتجاوز الحدود القصوى الموصوفة، وأي أعراض تقتصر عادة على غثيان خفيف أو إمساك معدي لتركيبات الحديد القوية."
205,"Calcit D3 Tablets","كالسيت د3 أقراص",Vitamins,"تُستخدم كالسيت د3 أقراص كتركيبة طبية غذائية ممتازة ودقيقة لسد ثغرات ونقص التغذية اليومية، وتدعيم نشاط الجسم العضلي وتقوية جهاز المناعة. تستخدم بامتياز لفترات الإرهاق المستمر وفترات نقاهة ما بعد التعافي الشديد وللصحة العامة.","آمنة طالما أنها لا تتجاوز الحدود القصوى الموصوفة، وأي أعراض تقتصر عادة على غثيان خفيف أو إمساك معدي لتركيبات الحديد القوية."
206,"Cal-D-Mag Tablets","كال-د-ماج أقراص",Vitamins,"تُستخدم كال-د-ماج أقراص كتركيبة طبية غذائية ممتازة ودقيقة لسد ثغرات ونقص التغذية اليومية، وتدعيم نشاط الجسم العضلي وتقوية جهاز المناعة. تستخدم بامتياز لفترات الإرهاق المستمر وفترات نقاهة ما بعد التعافي الشديد وللصحة العامة.","آمنة طالما أنها لا تتجاوز الحدود القصوى الموصوفة، وأي أعراض تقتصر عادة على غثيان خفيف أو إمساك معدي لتركيبات الحديد القوية."
207,"Vitamin C 500mg Tablets","فيتامين ج 500 مجم",Vitamins,"تُستخدم فيتامين ج 500 مجم كتركيبة طبية غذائية ممتازة ودقيقة لسد ثغرات ونقص التغذية اليومية، وتدعيم نشاط الجسم العضلي وتقوية جهاز المناعة. تستخدم بامتياز لفترات الإرهاق المستمر وفترات نقاهة ما بعد التعافي الشديد وللصحة العامة.","آمنة طالما أنها لا تتجاوز الحدود القصوى الموصوفة، وأي أعراض تقتصر عادة على غثيان خفيف أو إمساك معدي لتركيبات الحديد القوية."
208,"Vitamin D 50000 IU Capsules","فيتامين د 50000 وحدة",Vitamins,"تُستخدم فيتامين د 50000 وحدة كتركيبة طبية غذائية ممتازة ودقيقة لسد ثغرات ونقص التغذية اليومية، وتدعيم نشاط الجسم العضلي وتقوية جهاز المناعة. تستخدم بامتياز لفترات الإرهاق المستمر وفترات نقاهة ما بعد التعافي الشديد وللصحة العامة.","آمنة طالما أنها لا تتجاوز الحدود القصوى الموصوفة، وأي أعراض تقتصر عادة على غثيان خفيف أو إمساك معدي لتركيبات الحديد القوية."
209,"Ventolin Inhaler","فنتولين بخاخ",Respiratory,"تُستخدم فنتولين بخاخ كموسع فوري للقصبات والشعب الهوائية المتشنجة والضائقة، يستعمل لإنقاذ مرضى أزمات الربو التنفسية وداء الانسداد الرئوي من ضيق التنفس وصفير الصدر لعودة تدفق الأكسيجين.","من أهم آثاره الجانبية المعروفة حدوث رجفة ملاحظة وخفيفة في اليدين مع خفقان متسارع بالقلب وجفاف الفم، وتزول هذه الأعراض تدريجياً."
210,"Ventolin Nebules","فنتولين نيبيولز",Respiratory,"تُستخدم فنتولين نيبيولز كموسع فوري للقصبات والشعب الهوائية المتشنجة والضائقة، يستعمل لإنقاذ مرضى أزمات الربو التنفسية وداء الانسداد الرئوي من ضيق التنفس وصفير الصدر لعودة تدفق الأكسيجين.","من أهم آثاره الجانبية المعروفة حدوث رجفة ملاحظة وخفيفة في اليدين مع خفقان متسارع بالقلب وجفاف الفم، وتزول هذه الأعراض تدريجياً."
211,"Ventolin Syrup","فنتولين شراب",Respiratory,"تُستخدم فنتولين شراب كموسع فوري للقصبات والشعب الهوائية المتشنجة والضائقة، يستعمل لإنقاذ مرضى أزمات الربو التنفسية وداء الانسداد الرئوي من ضيق التنفس وصفير الصدر لعودة تدفق الأكسيجين.","من أهم آثاره الجانبية المعروفة حدوث رجفة ملاحظة وخفيفة في اليدين مع خفقان متسارع بالقلب وجفاف الفم، وتزول هذه الأعراض تدريجياً."
212,"Serevent Inhaler","سيريفنت بخاخ",Respiratory,"تُستخدم سيريفنت بخاخ كدواء علاجي متخصص يوصف من قِبل الطبيب المختص بناء على الحالة المرضية السريرية للوصول للمعدل المطلوب للشفاء واستقرار العلامات الحيوية للجسم.","متفاوتة من مريض لآخر حيث يستجيب الجسم للمادة الفعالة إما بانسجام وتسكين للآلام أو بظهور أعراض كالإرهاق العام أو الإضطرابات الهضمية العابرة."
213,"Foradil Capsules Inhaler","فوراديل كبسولات للإنهيلر",Respiratory,"تُستخدم فوراديل كبسولات للإنهيلر كدواء علاجي متخصص يوصف من قِبل الطبيب المختص بناء على الحالة المرضية السريرية للوصول للمعدل المطلوب للشفاء واستقرار العلامات الحيوية للجسم.","متفاوتة من مريض لآخر حيث يستجيب الجسم للمادة الفعالة إما بانسجام وتسكين للآلام أو بظهور أعراض كالإرهاق العام أو الإضطرابات الهضمية العابرة."
214,"Pulmicort Inhaler","بولميكورت بخاخ",Respiratory,"تُستخدم بولميكورت بخاخ كموسع فوري للقصبات والشعب الهوائية المتشنجة والضائقة، يستعمل لإنقاذ مرضى أزمات الربو التنفسية وداء الانسداد الرئوي من ضيق التنفس وصفير الصدر لعودة تدفق الأكسيجين.","من أهم آثاره الجانبية المعروفة حدوث رجفة ملاحظة وخفيفة في اليدين مع خفقان متسارع بالقلب وجفاف الفم، وتزول هذه الأعراض تدريجياً."
215,"Pulmicort Nebules","بولميكورت نيبيولز",Respiratory,"تُستخدم بولميكورت نيبيولز كموسع فوري للقصبات والشعب الهوائية المتشنجة والضائقة، يستعمل لإنقاذ مرضى أزمات الربو التنفسية وداء الانسداد الرئوي من ضيق التنفس وصفير الصدر لعودة تدفق الأكسيجين.","من أهم آثاره الجانبية المعروفة حدوث رجفة ملاحظة وخفيفة في اليدين مع خفقان متسارع بالقلب وجفاف الفم، وتزول هذه الأعراض تدريجياً."
216,"Flixotide Inhaler","فليكسوتيد بخاخ",Respiratory,"تُستخدم فليكسوتيد بخاخ كدواء علاجي متخصص يوصف من قِبل الطبيب المختص بناء على الحالة المرضية السريرية للوصول للمعدل المطلوب للشفاء واستقرار العلامات الحيوية للجسم.","متفاوتة من مريض لآخر حيث يستجيب الجسم للمادة الفعالة إما بانسجام وتسكين للآلام أو بظهور أعراض كالإرهاق العام أو الإضطرابات الهضمية العابرة."
217,"Seretide Inhaler","سيريتيد بخاخ",Respiratory,"تُستخدم سيريتيد بخاخ كدواء علاجي متخصص يوصف من قِبل الطبيب المختص بناء على الحالة المرضية السريرية للوصول للمعدل المطلوب للشفاء واستقرار العلامات الحيوية للجسم.","متفاوتة من مريض لآخر حيث يستجيب الجسم للمادة الفعالة إما بانسجام وتسكين للآلام أو بظهور أعراض كالإرهاق العام أو الإضطرابات الهضمية العابرة."
218,"Symbicort Inhaler","سيمبيكورت بخاخ",Respiratory,"تُستخدم سيمبيكورت بخاخ كدواء علاجي متخصص يوصف من قِبل الطبيب المختص بناء على الحالة المرضية السريرية للوصول للمعدل المطلوب للشفاء واستقرار العلامات الحيوية للجسم.","متفاوتة من مريض لآخر حيث يستجيب الجسم للمادة الفعالة إما بانسجام وتسكين للآلام أو بظهور أعراض كالإرهاق العام أو الإضطرابات الهضمية العابرة."
219,"Spiriva Inhaler","سبيريفا بخاخ",Respiratory,"تُستخدم سبيريفا بخاخ كموسع فوري للقصبات والشعب الهوائية المتشنجة والضائقة، يستعمل لإنقاذ مرضى أزمات الربو التنفسية وداء الانسداد الرئوي من ضيق التنفس وصفير الصدر لعودة تدفق الأكسيجين.","من أهم آثاره الجانبية المعروفة حدوث رجفة ملاحظة وخفيفة في اليدين مع خفقان متسارع بالقلب وجفاف الفم، وتزول هذه الأعراض تدريجياً."
220,"Singulair 10mg Tablets","سينجولير أقراص 10 مجم",Respiratory,"تُستخدم سينجولير أقراص 10 مجم كموسع فوري للقصبات والشعب الهوائية المتشنجة والضائقة، يستعمل لإنقاذ مرضى أزمات الربو التنفسية وداء الانسداد الرئوي من ضيق التنفس وصفير الصدر لعودة تدفق الأكسيجين.","من أهم آثاره الجانبية المعروفة حدوث رجفة ملاحظة وخفيفة في اليدين مع خفقان متسارع بالقلب وجفاف الفم، وتزول هذه الأعراض تدريجياً."
221,"Singulair 5mg Chewable","سينجولير أقراص مضغ 5 مجم",Respiratory,"تُستخدم سينجولير أقراص مضغ 5 مجم كموسع فوري للقصبات والشعب الهوائية المتشنجة والضائقة، يستعمل لإنقاذ مرضى أزمات الربو التنفسية وداء الانسداد الرئوي من ضيق التنفس وصفير الصدر لعودة تدفق الأكسيجين.","من أهم آثاره الجانبية المعروفة حدوث رجفة ملاحظة وخفيفة في اليدين مع خفقان متسارع بالقلب وجفاف الفم، وتزول هذه الأعراض تدريجياً."
222,"Theophylline Tablets","ثيوفيلين أقراص",Respiratory,"تُستخدم ثيوفيلين أقراص كدواء علاجي متخصص يوصف من قِبل الطبيب المختص بناء على الحالة المرضية السريرية للوصول للمعدل المطلوب للشفاء واستقرار العلامات الحيوية للجسم.","متفاوتة من مريض لآخر حيث يستجيب الجسم للمادة الفعالة إما بانسجام وتسكين للآلام أو بظهور أعراض كالإرهاق العام أو الإضطرابات الهضمية العابرة."
223,"Dexatobrin Eye Drops","دكساتوبرين نقط للعين","Eye & Ear Drops","تُستخدم دكساتوبرين نقط للعين كقطرات دوائية مُعقمة ومُطوّرة خصيصاً للاستخدام العيني الحيوي الآمن، منها المرطبة مكثفة متكررة لعلاج جفاف العين وتهيج القرنية بسبب الشاشات، ومنها الطبية المعالجة للتحسس والالتهابات الجرثومية الظاهرة وتسكين ألم إرهاق ما بعد الليزك.","تعد بشكل كبير آمنة جداً. العرض المشترك هو الإحساس المؤقت فقط بحرقان أو غباشة عابرة للرؤية لثوان معدودة بعد تقطير المادة ولزوجتـها الفعّالة."
224,"Tobradex Eye Drops","توبراديكس نقط للعين","Eye & Ear Drops","تُستخدم توبراديكس نقط للعين كقطرات دوائية مُعقمة ومُطوّرة خصيصاً للاستخدام العيني الحيوي الآمن، منها المرطبة مكثفة متكررة لعلاج جفاف العين وتهيج القرنية بسبب الشاشات، ومنها الطبية المعالجة للتحسس والالتهابات الجرثومية الظاهرة وتسكين ألم إرهاق ما بعد الليزك.","تعد بشكل كبير آمنة جداً. العرض المشترك هو الإحساس المؤقت فقط بحرقان أو غباشة عابرة للرؤية لثوان معدودة بعد تقطير المادة ولزوجتـها الفعّالة."
225,"Tobradex Eye Ointment","توبراديكس مرهم للعين","Eye & Ear Drops","تُستخدم توبراديكس مرهم للعين كقطرات دوائية مُعقمة ومُطوّرة خصيصاً للاستخدام العيني الحيوي الآمن، منها المرطبة مكثفة متكررة لعلاج جفاف العين وتهيج القرنية بسبب الشاشات، ومنها الطبية المعالجة للتحسس والالتهابات الجرثومية الظاهرة وتسكين ألم إرهاق ما بعد الليزك.","تعد بشكل كبير آمنة جداً. العرض المشترك هو الإحساس المؤقت فقط بحرقان أو غباشة عابرة للرؤية لثوان معدودة بعد تقطير المادة ولزوجتـها الفعّالة."
226,"Maxitrol Eye Drops","ماكسيترول نقط للعين","Eye & Ear Drops","تُستخدم ماكسيترول نقط للعين كقطرات دوائية مُعقمة ومُطوّرة خصيصاً للاستخدام العيني الحيوي الآمن، منها المرطبة مكثفة متكررة لعلاج جفاف العين وتهيج القرنية بسبب الشاشات، ومنها الطبية المعالجة للتحسس والالتهابات الجرثومية الظاهرة وتسكين ألم إرهاق ما بعد الليزك.","تعد بشكل كبير آمنة جداً. العرض المشترك هو الإحساس المؤقت فقط بحرقان أو غباشة عابرة للرؤية لثوان معدودة بعد تقطير المادة ولزوجتـها الفعّالة."
227,"Garasone Eye Drops","جاراسون نقط للعين والأذن","Eye & Ear Drops","تُستخدم جاراسون نقط للعين والأذن كقطرات دوائية مُعقمة ومُطوّرة خصيصاً للاستخدام العيني الحيوي الآمن، منها المرطبة مكثفة متكررة لعلاج جفاف العين وتهيج القرنية بسبب الشاشات، ومنها الطبية المعالجة للتحسس والالتهابات الجرثومية الظاهرة وتسكين ألم إرهاق ما بعد الليزك.","تعد بشكل كبير آمنة جداً. العرض المشترك هو الإحساس المؤقت فقط بحرقان أو غباشة عابرة للرؤية لثوان معدودة بعد تقطير المادة ولزوجتـها الفعّالة."
228,"Vigamox Eye Drops","فيجاموكس نقط للعين","Eye & Ear Drops","تُستخدم فيجاموكس نقط للعين كقطرات دوائية مُعقمة ومُطوّرة خصيصاً للاستخدام العيني الحيوي الآمن، منها المرطبة مكثفة متكررة لعلاج جفاف العين وتهيج القرنية بسبب الشاشات، ومنها الطبية المعالجة للتحسس والالتهابات الجرثومية الظاهرة وتسكين ألم إرهاق ما بعد الليزك.","تعد بشكل كبير آمنة جداً. العرض المشترك هو الإحساس المؤقت فقط بحرقان أو غباشة عابرة للرؤية لثوان معدودة بعد تقطير المادة ولزوجتـها الفعّالة."
229,"Alphagan Eye Drops","ألفاجان نقط للعين","Eye & Ear Drops","تُستخدم ألفاجان نقط للعين كمضاد أكسدة قوي يُوصف عالمياً لعلاج التهابات الأعصاب الطرفية العميقة، وخاصة اعتلال الأعصاب الملحوظ الناتج عن مرض السكري (تنميل، حرقان، وخز مؤلم في الأطراف). يُستخدم بكفاءة كبرى لدعم وظائف الأعصاب وتحسين النواقل العصبية.","علاج ممتاز التحمل بشكل عام، لكن في حالات نادرة جداً قد يحدث بعض الانزعاج الخفيف في المعدة أو غثيان بسيط أو طفح جلدي."
230,"Cosopt Eye Drops","كوسوبت نقط للعين","Eye & Ear Drops","تُستخدم كوسوبت نقط للعين كقطرات دوائية مُعقمة ومُطوّرة خصيصاً للاستخدام العيني الحيوي الآمن، منها المرطبة مكثفة متكررة لعلاج جفاف العين وتهيج القرنية بسبب الشاشات، ومنها الطبية المعالجة للتحسس والالتهابات الجرثومية الظاهرة وتسكين ألم إرهاق ما بعد الليزك.","تعد بشكل كبير آمنة جداً. العرض المشترك هو الإحساس المؤقت فقط بحرقان أو غباشة عابرة للرؤية لثوان معدودة بعد تقطير المادة ولزوجتـها الفعّالة."
231,"Xalatan Eye Drops","زالاتان نقط للعين","Eye & Ear Drops","تُستخدم زالاتان نقط للعين كقطرات دوائية مُعقمة ومُطوّرة خصيصاً للاستخدام العيني الحيوي الآمن، منها المرطبة مكثفة متكررة لعلاج جفاف العين وتهيج القرنية بسبب الشاشات، ومنها الطبية المعالجة للتحسس والالتهابات الجرثومية الظاهرة وتسكين ألم إرهاق ما بعد الليزك.","تعد بشكل كبير آمنة جداً. العرض المشترك هو الإحساس المؤقت فقط بحرقان أو غباشة عابرة للرؤية لثوان معدودة بعد تقطير المادة ولزوجتـها الفعّالة."
232,"Optive Eye Drops","أوبتيف نقط للعين","Eye & Ear Drops","تُستخدم أوبتيف نقط للعين كقطرات دوائية مُعقمة ومُطوّرة خصيصاً للاستخدام العيني الحيوي الآمن، منها المرطبة مكثفة متكررة لعلاج جفاف العين وتهيج القرنية بسبب الشاشات، ومنها الطبية المعالجة للتحسس والالتهابات الجرثومية الظاهرة وتسكين ألم إرهاق ما بعد الليزك.","تعد بشكل كبير آمنة جداً. العرض المشترك هو الإحساس المؤقت فقط بحرقان أو غباشة عابرة للرؤية لثوان معدودة بعد تقطير المادة ولزوجتـها الفعّالة."
233,"Fresh Poly Eye Drops","فريش نقط للعين بولي","Eye & Ear Drops","تُستخدم فريش نقط للعين بولي كقطرات دوائية مُعقمة ومُطوّرة خصيصاً للاستخدام العيني الحيوي الآمن، منها المرطبة مكثفة متكررة لعلاج جفاف العين وتهيج القرنية بسبب الشاشات، ومنها الطبية المعالجة للتحسس والالتهابات الجرثومية الظاهرة وتسكين ألم إرهاق ما بعد الليزك.","تعد بشكل كبير آمنة جداً. العرض المشترك هو الإحساس المؤقت فقط بحرقان أو غباشة عابرة للرؤية لثوان معدودة بعد تقطير المادة ولزوجتـها الفعّالة."
234,"Refresh Tears Drops","ريفريش تيرز نقط","Eye & Ear Drops","تُستخدم ريفريش تيرز نقط كقطرات دوائية مُعقمة ومُطوّرة خصيصاً للاستخدام العيني الحيوي الآمن، منها المرطبة مكثفة متكررة لعلاج جفاف العين وتهيج القرنية بسبب الشاشات، ومنها الطبية المعالجة للتحسس والالتهابات الجرثومية الظاهرة وتسكين ألم إرهاق ما بعد الليزك.","تعد بشكل كبير آمنة جداً. العرض المشترك هو الإحساس المؤقت فقط بحرقان أو غباشة عابرة للرؤية لثوان معدودة بعد تقطير المادة ولزوجتـها الفعّالة."
235,"Tears Refresh Ointment","تيرز ريفريش مرهم للعين","Eye & Ear Drops","تُستخدم تيرز ريفريش مرهم للعين كقطرات دوائية مُعقمة ومُطوّرة خصيصاً للاستخدام العيني الحيوي الآمن، منها المرطبة مكثفة متكررة لعلاج جفاف العين وتهيج القرنية بسبب الشاشات، ومنها الطبية المعالجة للتحسس والالتهابات الجرثومية الظاهرة وتسكين ألم إرهاق ما بعد الليزك.","تعد بشكل كبير آمنة جداً. العرض المشترك هو الإحساس المؤقت فقط بحرقان أو غباشة عابرة للرؤية لثوان معدودة بعد تقطير المادة ولزوجتـها الفعّالة."
236,"Epicopred 5mg Tablets","إبيكوبيرد أقراص 5 مجم",Cortisone,"تُستخدم إبيكوبيرد أقراص 5 مجم كدواء علاجي متخصص يوصف من قِبل الطبيب المختص بناء على الحالة المرضية السريرية للوصول للمعدل المطلوب للشفاء واستقرار العلامات الحيوية للجسم.","متفاوتة من مريض لآخر حيث يستجيب الجسم للمادة الفعالة إما بانسجام وتسكين للآلام أو بظهور أعراض كالإرهاق العام أو الإضطرابات الهضمية العابرة."
237,"Solupred 20mg Tablets","سولوبريد أقراص 20 مجم",Cortisone,"تُستخدم سولوبريد أقراص 20 مجم كمضاد فعّال وشديد القوة للالتهابات المناعية المفرطة وحالات الربو الحادة وهجمات التحسس الجسدي الخطيرة، بالإضافة لكبحه السريع للأمراض الروماتيزمية وتورم المفاصل.","دواء ضروري لكنه خطير عند سوء الاستخدام الطويل بلا وعاء طبي متريث، فهو يتسبب باحتباس الماء تحت الجلد، وزيادة مخيفة في الوزن وارتفاع ضغط الدم."
238,"Predsol 5mg Tablets","بريدسول أقراص 5 مجم",Cortisone,"تُستخدم بريدسول أقراص 5 مجم كمضاد فعّال وشديد القوة للالتهابات المناعية المفرطة وحالات الربو الحادة وهجمات التحسس الجسدي الخطيرة، بالإضافة لكبحه السريع للأمراض الروماتيزمية وتورم المفاصل.","دواء ضروري لكنه خطير عند سوء الاستخدام الطويل بلا وعاء طبي متريث، فهو يتسبب باحتباس الماء تحت الجلد، وزيادة مخيفة في الوزن وارتفاع ضغط الدم."
239,"Hostacortin 5mg Tablets","هوستاكورتين أقراص 5 مجم",Cortisone,"تُستخدم هوستاكورتين أقراص 5 مجم كمضاد فعّال وشديد القوة للالتهابات المناعية المفرطة وحالات الربو الحادة وهجمات التحسس الجسدي الخطيرة، بالإضافة لكبحه السريع للأمراض الروماتيزمية وتورم المفاصل.","دواء ضروري لكنه خطير عند سوء الاستخدام الطويل بلا وعاء طبي متريث، فهو يتسبب باحتباس الماء تحت الجلد، وزيادة مخيفة في الوزن وارتفاع ضغط الدم."
240,"Dexamethasone 4mg Ampoules","ديكساميثازون أمبولات 4 مجم",Cortisone,"تُستخدم ديكساميثازون أمبولات 4 مجم كمضاد فعّال وشديد القوة للالتهابات المناعية المفرطة وحالات الربو الحادة وهجمات التحسس الجسدي الخطيرة، بالإضافة لكبحه السريع للأمراض الروماتيزمية وتورم المفاصل.","دواء ضروري لكنه خطير عند سوء الاستخدام الطويل بلا وعاء طبي متريث، فهو يتسبب باحتباس الماء تحت الجلد، وزيادة مخيفة في الوزن وارتفاع ضغط الدم."
241,"Solu-Cortef Ampoules","سولو-كورتف أمبولات",Cortisone,"تُستخدم سولو-كورتف أمبولات كدواء علاجي متخصص يوصف من قِبل الطبيب المختص بناء على الحالة المرضية السريرية للوصول للمعدل المطلوب للشفاء واستقرار العلامات الحيوية للجسم.","متفاوتة من مريض لآخر حيث يستجيب الجسم للمادة الفعالة إما بانسجام وتسكين للآلام أو بظهور أعراض كالإرهاق العام أو الإضطرابات الهضمية العابرة."
242,"Solu-Medrol Ampoules","سولو-ميدرول أمبولات",Cortisone,"تُستخدم سولو-ميدرول أمبولات كمضاد فعّال وشديد القوة للالتهابات المناعية المفرطة وحالات الربو الحادة وهجمات التحسس الجسدي الخطيرة، بالإضافة لكبحه السريع للأمراض الروماتيزمية وتورم المفاصل.","دواء ضروري لكنه خطير عند سوء الاستخدام الطويل بلا وعاء طبي متريث، فهو يتسبب باحتباس الماء تحت الجلد، وزيادة مخيفة في الوزن وارتفاع ضغط الدم."
243,"Hydrocortisone Cream","هيدروكورتيزون كريم",Cortisone,"تُستخدم هيدروكورتيزون كريم كدواء علاجي متخصص يوصف من قِبل الطبيب المختص بناء على الحالة المرضية السريرية للوصول للمعدل المطلوب للشفاء واستقرار العلامات الحيوية للجسم.","متفاوتة من مريض لآخر حيث يستجيب الجسم للمادة الفعالة إما بانسجام وتسكين للآلام أو بظهور أعراض كالإرهاق العام أو الإضطرابات الهضمية العابرة."
244,"Betamethasone Cream","بيتاميثازون كريم",Cortisone,"تُستخدم بيتاميثازون كريم كدواء علاجي متخصص يوصف من قِبل الطبيب المختص بناء على الحالة المرضية السريرية للوصول للمعدل المطلوب للشفاء واستقرار العلامات الحيوية للجسم.","متفاوتة من مريض لآخر حيث يستجيب الجسم للمادة الفعالة إما بانسجام وتسكين للآلام أو بظهور أعراض كالإرهاق العام أو الإضطرابات الهضمية العابرة."
245,"Trimovate Cream","ترايموفات كريم",Cortisone,"تُستخدم ترايموفات كريم كدواء علاجي متخصص يوصف من قِبل الطبيب المختص بناء على الحالة المرضية السريرية للوصول للمعدل المطلوب للشفاء واستقرار العلامات الحيوية للجسم.","متفاوتة من مريض لآخر حيث يستجيب الجسم للمادة الفعالة إما بانسجام وتسكين للآلام أو بظهور أعراض كالإرهاق العام أو الإضطرابات الهضمية العابرة."
246,"Limitless Capsules","ليميتلس كبسولات",Vitamins,"تُستخدم ليميتلس كبسولات كتركيبة طبية غذائية ممتازة ودقيقة لسد ثغرات ونقص التغذية اليومية، وتدعيم نشاط الجسم العضلي وتقوية جهاز المناعة. تستخدم بامتياز لفترات الإرهاق المستمر وفترات نقاهة ما بعد التعافي الشديد وللصحة العامة.","آمنة طالما أنها لا تتجاوز الحدود القصوى الموصوفة، وأي أعراض تقتصر عادة على غثيان خفيف أو إمساك معدي لتركيبات الحديد القوية."
247,"Centrum Tablets","سنتروم أقراص",Vitamins,"تُستخدم سنتروم أقراص كتركيبة طبية غذائية ممتازة ودقيقة لسد ثغرات ونقص التغذية اليومية، وتدعيم نشاط الجسم العضلي وتقوية جهاز المناعة. تستخدم بامتياز لفترات الإرهاق المستمر وفترات نقاهة ما بعد التعافي الشديد وللصحة العامة.","آمنة طالما أنها لا تتجاوز الحدود القصوى الموصوفة، وأي أعراض تقتصر عادة على غثيان خفيف أو إمساك معدي لتركيبات الحديد القوية."
248,"Supradyn Tablets","سوبراداين أقراص",Vitamins,"تُستخدم سوبراداين أقراص كتركيبة طبية غذائية ممتازة ودقيقة لسد ثغرات ونقص التغذية اليومية، وتدعيم نشاط الجسم العضلي وتقوية جهاز المناعة. تستخدم بامتياز لفترات الإرهاق المستمر وفترات نقاهة ما بعد التعافي الشديد وللصحة العامة.","آمنة طالما أنها لا تتجاوز الحدود القصوى الموصوفة، وأي أعراض تقتصر عادة على غثيان خفيف أو إمساك معدي لتركيبات الحديد القوية."
249,"Pharmaton Capsules","فارماتون كبسولات",Vitamins,"تُستخدم فارماتون كبسولات كتركيبة طبية غذائية ممتازة ودقيقة لسد ثغرات ونقص التغذية اليومية، وتدعيم نشاط الجسم العضلي وتقوية جهاز المناعة. تستخدم بامتياز لفترات الإرهاق المستمر وفترات نقاهة ما بعد التعافي الشديد وللصحة العامة.","آمنة طالما أنها لا تتجاوز الحدود القصوى الموصوفة، وأي أعراض تقتصر عادة على غثيان خفيف أو إمساك معدي لتركيبات الحديد القوية."
250,"Vitaminat Tablets","فيتامينات أقراص",Vitamins,"تُستخدم فيتامينات أقراص كتركيبة طبية غذائية ممتازة ودقيقة لسد ثغرات ونقص التغذية اليومية، وتدعيم نشاط الجسم العضلي وتقوية جهاز المناعة. تستخدم بامتياز لفترات الإرهاق المستمر وفترات نقاهة ما بعد التعافي الشديد وللصحة العامة.","آمنة طالما أنها لا تتجاوز الحدود القصوى الموصوفة، وأي أعراض تقتصر عادة على غثيان خفيف أو إمساك معدي لتركيبات الحديد القوية."
251,"Revital Capsules","ريفيتال كبسولات",Vitamins,"تُستخدم ريفيتال كبسولات كتركيبة طبية غذائية ممتازة ودقيقة لسد ثغرات ونقص التغذية اليومية، وتدعيم نشاط الجسم العضلي وتقوية جهاز المناعة. تستخدم بامتياز لفترات الإرهاق المستمر وفترات نقاهة ما بعد التعافي الشديد وللصحة العامة.","آمنة طالما أنها لا تتجاوز الحدود القصوى الموصوفة، وأي أعراض تقتصر عادة على غثيان خفيف أو إمساك معدي لتركيبات الحديد القوية."
252,"Berocca Effervescent","بيروكا أقراص فوارة",Vitamins,"تُستخدم بيروكا أقراص فوارة كتركيبة طبية غذائية ممتازة ودقيقة لسد ثغرات ونقص التغذية اليومية، وتدعيم نشاط الجسم العضلي وتقوية جهاز المناعة. تستخدم بامتياز لفترات الإرهاق المستمر وفترات نقاهة ما بعد التعافي الشديد وللصحة العامة.","آمنة طالما أنها لا تتجاوز الحدود القصوى الموصوفة، وأي أعراض تقتصر عادة على غثيان خفيف أو إمساك معدي لتركيبات الحديد القوية."
253,"Berocca Tablets","بيروكا أقراص",Vitamins,"تُستخدم بيروكا أقراص كتركيبة طبية غذائية ممتازة ودقيقة لسد ثغرات ونقص التغذية اليومية، وتدعيم نشاط الجسم العضلي وتقوية جهاز المناعة. تستخدم بامتياز لفترات الإرهاق المستمر وفترات نقاهة ما بعد التعافي الشديد وللصحة العامة.","آمنة طالما أنها لا تتجاوز الحدود القصوى الموصوفة، وأي أعراض تقتصر عادة على غثيان خفيف أو إمساك معدي لتركيبات الحديد القوية."
254,"Zinco Capsules","زنكو كبسولات",Vitamins,"تُستخدم زنكو كبسولات كتركيبة طبية غذائية ممتازة ودقيقة لسد ثغرات ونقص التغذية اليومية، وتدعيم نشاط الجسم العضلي وتقوية جهاز المناعة. تستخدم بامتياز لفترات الإرهاق المستمر وفترات نقاهة ما بعد التعافي الشديد وللصحة العامة.","آمنة طالما أنها لا تتجاوز الحدود القصوى الموصوفة، وأي أعراض تقتصر عادة على غثيان خفيف أو إمساك معدي لتركيبات الحديد القوية."
255,"Zincovit Tablets","زنكوفيت أقراص",Vitamins,"تُستخدم زنكوفيت أقراص كتركيبة طبية غذائية ممتازة ودقيقة لسد ثغرات ونقص التغذية اليومية، وتدعيم نشاط الجسم العضلي وتقوية جهاز المناعة. تستخدم بامتياز لفترات الإرهاق المستمر وفترات نقاهة ما بعد التعافي الشديد وللصحة العامة.","آمنة طالما أنها لا تتجاوز الحدود القصوى الموصوفة، وأي أعراض تقتصر عادة على غثيان خفيف أو إمساك معدي لتركيبات الحديد القوية."
256,"Coenzyme Q10 30mg Capsules","كوإنزيم Q10 كبسولات",Vitamins,"تُستخدم كوإنزيم Q10 كبسولات كتركيبة طبية غذائية ممتازة ودقيقة لسد ثغرات ونقص التغذية اليومية، وتدعيم نشاط الجسم العضلي وتقوية جهاز المناعة. تستخدم بامتياز لفترات الإرهاق المستمر وفترات نقاهة ما بعد التعافي الشديد وللصحة العامة.","آمنة طالما أنها لا تتجاوز الحدود القصوى الموصوفة، وأي أعراض تقتصر عادة على غثيان خفيف أو إمساك معدي لتركيبات الحديد القوية."
257,"Alpha Lipoic Acid Capsules","ألفا ليبويك أسيد كبسولات",Vitamins,"تُستخدم ألفا ليبويك أسيد كبسولات كمضاد أكسدة قوي يُوصف عالمياً لعلاج التهابات الأعصاب الطرفية العميقة، وخاصة اعتلال الأعصاب الملحوظ الناتج عن مرض السكري (تنميل، حرقان، وخز مؤلم في الأطراف). يُستخدم بكفاءة كبرى لدعم وظائف الأعصاب وتحسين النواقل العصبية.","علاج ممتاز التحمل بشكل عام، لكن في حالات نادرة جداً قد يحدث بعض الانزعاج الخفيف في المعدة أو غثيان بسيط أو طفح جلدي."
258,"Omega-3 Fish Oil Capsules","أوميجا 3 كبسولات",Vitamins,"تُستخدم أوميجا 3 كبسولات كتركيبة طبية غذائية ممتازة ودقيقة لسد ثغرات ونقص التغذية اليومية، وتدعيم نشاط الجسم العضلي وتقوية جهاز المناعة. تستخدم بامتياز لفترات الإرهاق المستمر وفترات نقاهة ما بعد التعافي الشديد وللصحة العامة.","آمنة طالما أنها لا تتجاوز الحدود القصوى الموصوفة، وأي أعراض تقتصر عادة على غثيان خفيف أو إمساك معدي لتركيبات الحديد القوية."
259,"Glucosamine 500mg Capsules","جلوكوزامين كبسولات 500 مجم",Vitamins,"تُستخدم جلوكوزامين كبسولات 500 مجم كتركيبة طبية غذائية ممتازة ودقيقة لسد ثغرات ونقص التغذية اليومية، وتدعيم نشاط الجسم العضلي وتقوية جهاز المناعة. تستخدم بامتياز لفترات الإرهاق المستمر وفترات نقاهة ما بعد التعافي الشديد وللصحة العامة.","آمنة طالما أنها لا تتجاوز الحدود القصوى الموصوفة، وأي أعراض تقتصر عادة على غثيان خفيف أو إمساك معدي لتركيبات الحديد القوية."
260,"Calcium 500mg Tablets","كالسيوم أقراص 500 مجم",Vitamins,"تُستخدم كالسيوم أقراص 500 مجم كتركيبة طبية غذائية ممتازة ودقيقة لسد ثغرات ونقص التغذية اليومية، وتدعيم نشاط الجسم العضلي وتقوية جهاز المناعة. تستخدم بامتياز لفترات الإرهاق المستمر وفترات نقاهة ما بعد التعافي الشديد وللصحة العامة.","آمنة طالما أنها لا تتجاوز الحدود القصوى الموصوفة، وأي أعراض تقتصر عادة على غثيان خفيف أو إمساك معدي لتركيبات الحديد القوية."
261,"Magnesium 250mg Tablets","ماغنيسيوم أقراص 250 مجم",Vitamins,"تُستخدم ماغنيسيوم أقراص 250 مجم كتركيبة طبية غذائية ممتازة ودقيقة لسد ثغرات ونقص التغذية اليومية، وتدعيم نشاط الجسم العضلي وتقوية جهاز المناعة. تستخدم بامتياز لفترات الإرهاق المستمر وفترات نقاهة ما بعد التعافي الشديد وللصحة العامة.","آمنة طالما أنها لا تتجاوز الحدود القصوى الموصوفة، وأي أعراض تقتصر عادة على غثيان خفيف أو إمساك معدي لتركيبات الحديد القوية."
262,"Tardyferon Tablets","تارديفيرون أقراص",Vitamins,"تُستخدم تارديفيرون أقراص كتركيبة طبية غذائية ممتازة ودقيقة لسد ثغرات ونقص التغذية اليومية، وتدعيم نشاط الجسم العضلي وتقوية جهاز المناعة. تستخدم بامتياز لفترات الإرهاق المستمر وفترات نقاهة ما بعد التعافي الشديد وللصحة العامة.","آمنة طالما أنها لا تتجاوز الحدود القصوى الموصوفة، وأي أعراض تقتصر عادة على غثيان خفيف أو إمساك معدي لتركيبات الحديد القوية."
263,"Ferrous Sulfate Tablets","فيروس سلفات أقراص",Vitamins,"تُستخدم فيروس سلفات أقراص كتركيبة طبية غذائية ممتازة ودقيقة لسد ثغرات ونقص التغذية اليومية، وتدعيم نشاط الجسم العضلي وتقوية جهاز المناعة. تستخدم بامتياز لفترات الإرهاق المستمر وفترات نقاهة ما بعد التعافي الشديد وللصحة العامة.","آمنة طالما أنها لا تتجاوز الحدود القصوى الموصوفة، وأي أعراض تقتصر عادة على غثيان خفيف أو إمساك معدي لتركيبات الحديد القوية."
264,"Fefol Capsules","فيفول كبسولات",Vitamins,"تُستخدم فيفول كبسولات كتركيبة طبية غذائية ممتازة ودقيقة لسد ثغرات ونقص التغذية اليومية، وتدعيم نشاط الجسم العضلي وتقوية جهاز المناعة. تستخدم بامتياز لفترات الإرهاق المستمر وفترات نقاهة ما بعد التعافي الشديد وللصحة العامة.","آمنة طالما أنها لا تتجاوز الحدود القصوى الموصوفة، وأي أعراض تقتصر عادة على غثيان خفيف أو إمساك معدي لتركيبات الحديد القوية."
265,"Folic Acid 5mg Tablets","فوليك أسيد أقراص 5 مجم",Vitamins,"تُستخدم فوليك أسيد أقراص 5 مجم كتركيبة طبية غذائية ممتازة ودقيقة لسد ثغرات ونقص التغذية اليومية، وتدعيم نشاط الجسم العضلي وتقوية جهاز المناعة. تستخدم بامتياز لفترات الإرهاق المستمر وفترات نقاهة ما بعد التعافي الشديد وللصحة العامة.","آمنة طالما أنها لا تتجاوز الحدود القصوى الموصوفة، وأي أعراض تقتصر عادة على غثيان خفيف أو إمساك معدي لتركيبات الحديد القوية."
266,"Biotin 5000mcg Capsules","بيوتين كبسولات 5000 مكجم",Vitamins,"تُستخدم بيوتين كبسولات 5000 مكجم كتركيبة طبية غذائية ممتازة ودقيقة لسد ثغرات ونقص التغذية اليومية، وتدعيم نشاط الجسم العضلي وتقوية جهاز المناعة. تستخدم بامتياز لفترات الإرهاق المستمر وفترات نقاهة ما بعد التعافي الشديد وللصحة العامة.","آمنة طالما أنها لا تتجاوز الحدود القصوى الموصوفة، وأي أعراض تقتصر عادة على غثيان خفيف أو إمساك معدي لتركيبات الحديد القوية."
267,"Vitamin E 400 IU Capsules","فيتامين E كبسولات 400 وحدة",Vitamins,"تُستخدم فيتامين E كبسولات 400 وحدة كتركيبة طبية غذائية ممتازة ودقيقة لسد ثغرات ونقص التغذية اليومية، وتدعيم نشاط الجسم العضلي وتقوية جهاز المناعة. تستخدم بامتياز لفترات الإرهاق المستمر وفترات نقاهة ما بعد التعافي الشديد وللصحة العامة.","آمنة طالما أنها لا تتجاوز الحدود القصوى الموصوفة، وأي أعراض تقتصر عادة على غثيان خفيف أو إمساك معدي لتركيبات الحديد القوية."
268,"Vitamin B12 1000mcg Tablets","فيتامين B12 أقراص 1000 مكجم",Vitamins,"تُستخدم فيتامين B12 أقراص 1000 مكجم كتركيبة طبية غذائية ممتازة ودقيقة لسد ثغرات ونقص التغذية اليومية، وتدعيم نشاط الجسم العضلي وتقوية جهاز المناعة. تستخدم بامتياز لفترات الإرهاق المستمر وفترات نقاهة ما بعد التعافي الشديد وللصحة العامة.","آمنة طالما أنها لا تتجاوز الحدود القصوى الموصوفة، وأي أعراض تقتصر عادة على غثيان خفيف أو إمساك معدي لتركيبات الحديد القوية."
269,"Vitamin B Complex Tablets","فيتامين B مركب أقراص",Vitamins,"تُستخدم فيتامين B مركب أقراص كتركيبة طبية غذائية ممتازة ودقيقة لسد ثغرات ونقص التغذية اليومية، وتدعيم نشاط الجسم العضلي وتقوية جهاز المناعة. تستخدم بامتياز لفترات الإرهاق المستمر وفترات نقاهة ما بعد التعافي الشديد وللصحة العامة.","آمنة طالما أنها لا تتجاوز الحدود القصوى الموصوفة، وأي أعراض تقتصر عادة على غثيان خفيف أو إمساك معدي لتركيبات الحديد القوية."
270,"Elevit Tablets","إليفيت أقراص",Vitamins,"تُستخدم إليفيت أقراص كتركيبة طبية غذائية ممتازة ودقيقة لسد ثغرات ونقص التغذية اليومية، وتدعيم نشاط الجسم العضلي وتقوية جهاز المناعة. تستخدم بامتياز لفترات الإرهاق المستمر وفترات نقاهة ما بعد التعافي الشديد وللصحة العامة.","آمنة طالما أنها لا تتجاوز الحدود القصوى الموصوفة، وأي أعراض تقتصر عادة على غثيان خفيف أو إمساك معدي لتركيبات الحديد القوية."
271,"Pregnacare Tablets","بريجناكير أقراص",Vitamins,"تُستخدم بريجناكير أقراص كتركيبة طبية غذائية ممتازة ودقيقة لسد ثغرات ونقص التغذية اليومية، وتدعيم نشاط الجسم العضلي وتقوية جهاز المناعة. تستخدم بامتياز لفترات الإرهاق المستمر وفترات نقاهة ما بعد التعافي الشديد وللصحة العامة.","آمنة طالما أنها لا تتجاوز الحدود القصوى الموصوفة، وأي أعراض تقتصر عادة على غثيان خفيف أو إمساك معدي لتركيبات الحديد القوية."
272,"Wellkid Syrup","ويلكيد شراب",Vitamins,"تُستخدم ويلكيد شراب كتركيبة طبية غذائية ممتازة ودقيقة لسد ثغرات ونقص التغذية اليومية، وتدعيم نشاط الجسم العضلي وتقوية جهاز المناعة. تستخدم بامتياز لفترات الإرهاق المستمر وفترات نقاهة ما بعد التعافي الشديد وللصحة العامة.","آمنة طالما أنها لا تتجاوز الحدود القصوى الموصوفة، وأي أعراض تقتصر عادة على غثيان خفيف أو إمساك معدي لتركيبات الحديد القوية."
273,"Abidec Drops","أبيديك نقط",Vitamins,"تُستخدم أبيديك نقط كتركيبة طبية غذائية ممتازة ودقيقة لسد ثغرات ونقص التغذية اليومية، وتدعيم نشاط الجسم العضلي وتقوية جهاز المناعة. تستخدم بامتياز لفترات الإرهاق المستمر وفترات نقاهة ما بعد التعافي الشديد وللصحة العامة.","آمنة طالما أنها لا تتجاوز الحدود القصوى الموصوفة، وأي أعراض تقتصر عادة على غثيان خفيف أو إمساك معدي لتركيبات الحديد القوية."
274,"Mucosta Tablets","موكوستا أقراص","Stomach & GI","تُستخدم موكوستا أقراص كمثبط ذكي لمضخات البروتون لمنع إفراز حمض المعدة بقوة. وهو العلاج الأساسي والممتاز لحرقان فم المعدة، الارتجاع المريئي المتعب، والشفاء الموضعي لقرحة المعدة والإثنا عشر.","الاستعمال القصير غالباً آمن بلا أعراض سوى صداع خفيف أو إمساك. الاستخدام المستمر الطويل قد يقلل من امتصاص الجسم لفيتامين ب١٢ وأملاح الكالسيوم."
275,"Omeprazole 20mg Capsules","أوميبرازول كبسولات 20 مجم","Stomach & GI","تُستخدم أوميبرازول كبسولات 20 مجم كمثبط ذكي لمضخات البروتون لمنع إفراز حمض المعدة بقوة. وهو العلاج الأساسي والممتاز لحرقان فم المعدة، الارتجاع المريئي المتعب، والشفاء الموضعي لقرحة المعدة والإثنا عشر.","الاستعمال القصير غالباً آمن بلا أعراض سوى صداع خفيف أو إمساك. الاستخدام المستمر الطويل قد يقلل من امتصاص الجسم لفيتامين ب١٢ وأملاح الكالسيوم."
276,"Omeprazole 40mg Capsules","أوميبرازول كبسولات 40 مجم","Stomach & GI","تُستخدم أوميبرازول كبسولات 40 مجم كمثبط ذكي لمضخات البروتون لمنع إفراز حمض المعدة بقوة. وهو العلاج الأساسي والممتاز لحرقان فم المعدة، الارتجاع المريئي المتعب، والشفاء الموضعي لقرحة المعدة والإثنا عشر.","الاستعمال القصير غالباً آمن بلا أعراض سوى صداع خفيف أو إمساك. الاستخدام المستمر الطويل قد يقلل من امتصاص الجسم لفيتامين ب١٢ وأملاح الكالسيوم."
277,"Rantidine 150mg Tablets","رانيتيدين أقراص 150 مجم","Stomach & GI","تُستخدم رانيتيدين أقراص 150 مجم كمثبط ذكي لمضخات البروتون لمنع إفراز حمض المعدة بقوة. وهو العلاج الأساسي والممتاز لحرقان فم المعدة، الارتجاع المريئي المتعب، والشفاء الموضعي لقرحة المعدة والإثنا عشر.","الاستعمال القصير غالباً آمن بلا أعراض سوى صداع خفيف أو إمساك. الاستخدام المستمر الطويل قد يقلل من امتصاص الجسم لفيتامين ب١٢ وأملاح الكالسيوم."
278,"Famotidine 20mg Tablets","فاموتيدين أقراص 20 مجم","Stomach & GI","تُستخدم فاموتيدين أقراص 20 مجم كمثبط ذكي لمضخات البروتون لمنع إفراز حمض المعدة بقوة. وهو العلاج الأساسي والممتاز لحرقان فم المعدة، الارتجاع المريئي المتعب، والشفاء الموضعي لقرحة المعدة والإثنا عشر.","الاستعمال القصير غالباً آمن بلا أعراض سوى صداع خفيف أو إمساك. الاستخدام المستمر الطويل قد يقلل من امتصاص الجسم لفيتامين ب١٢ وأملاح الكالسيوم."
279,"Sucralfate Tablets","سوكرالفيت أقراص","Stomach & GI","تُستخدم سوكرالفيت أقراص كمثبط ذكي لمضخات البروتون لمنع إفراز حمض المعدة بقوة. وهو العلاج الأساسي والممتاز لحرقان فم المعدة، الارتجاع المريئي المتعب، والشفاء الموضعي لقرحة المعدة والإثنا عشر.","الاستعمال القصير غالباً آمن بلا أعراض سوى صداع خفيف أو إمساك. الاستخدام المستمر الطويل قد يقلل من امتصاص الجسم لفيتامين ب١٢ وأملاح الكالسيوم."
280,"Misoprostol 200mcg Tablets","ميزوبروستول أقراص 200 مكجم","Stomach & GI","تُستخدم ميزوبروستول أقراص 200 مكجم كمثبط ذكي لمضخات البروتون لمنع إفراز حمض المعدة بقوة. وهو العلاج الأساسي والممتاز لحرقان فم المعدة، الارتجاع المريئي المتعب، والشفاء الموضعي لقرحة المعدة والإثنا عشر.","الاستعمال القصير غالباً آمن بلا أعراض سوى صداع خفيف أو إمساك. الاستخدام المستمر الطويل قد يقلل من امتصاص الجسم لفيتامين ب١٢ وأملاح الكالسيوم."
281,"Bismuth Subsalicylate Tablets","بيزموث أقراص","Stomach & GI","تُستخدم بيزموث أقراص كمثبط ذكي لمضخات البروتون لمنع إفراز حمض المعدة بقوة. وهو العلاج الأساسي والممتاز لحرقان فم المعدة، الارتجاع المريئي المتعب، والشفاء الموضعي لقرحة المعدة والإثنا عشر.","الاستعمال القصير غالباً آمن بلا أعراض سوى صداع خفيف أو إمساك. الاستخدام المستمر الطويل قد يقلل من امتصاص الجسم لفيتامين ب١٢ وأملاح الكالسيوم."
282,"Entrofilm Suspension","إنتروفيلم معلق","Stomach & GI","تُستخدم إنتروفيلم معلق كمثبط ذكي لمضخات البروتون لمنع إفراز حمض المعدة بقوة. وهو العلاج الأساسي والممتاز لحرقان فم المعدة، الارتجاع المريئي المتعب، والشفاء الموضعي لقرحة المعدة والإثنا عشر.","الاستعمال القصير غالباً آمن بلا أعراض سوى صداع خفيف أو إمساك. الاستخدام المستمر الطويل قد يقلل من امتصاص الجسم لفيتامين ب١٢ وأملاح الكالسيوم."
283,"Biogastrone Tablets","بيوجاسترون أقراص","Stomach & GI","تُستخدم بيوجاسترون أقراص كمثبط ذكي لمضخات البروتون لمنع إفراز حمض المعدة بقوة. وهو العلاج الأساسي والممتاز لحرقان فم المعدة، الارتجاع المريئي المتعب، والشفاء الموضعي لقرحة المعدة والإثنا عشر.","الاستعمال القصير غالباً آمن بلا أعراض سوى صداع خفيف أو إمساك. الاستخدام المستمر الطويل قد يقلل من امتصاص الجسم لفيتامين ب١٢ وأملاح الكالسيوم."
284,"Gelatin Tablets","جيلاتين أقراص","Stomach & GI","تُستخدم جيلاتين أقراص كمثبط ذكي لمضخات البروتون لمنع إفراز حمض المعدة بقوة. وهو العلاج الأساسي والممتاز لحرقان فم المعدة، الارتجاع المريئي المتعب، والشفاء الموضعي لقرحة المعدة والإثنا عشر.","الاستعمال القصير غالباً آمن بلا أعراض سوى صداع خفيف أو إمساك. الاستخدام المستمر الطويل قد يقلل من امتصاص الجسم لفيتامين ب١٢ وأملاح الكالسيوم."
285,"Phosphalugel Sachets","فوسفالوجيل أكياس","Stomach & GI","تُستخدم فوسفالوجيل أكياس كمثبط ذكي لمضخات البروتون لمنع إفراز حمض المعدة بقوة. وهو العلاج الأساسي والممتاز لحرقان فم المعدة، الارتجاع المريئي المتعب، والشفاء الموضعي لقرحة المعدة والإثنا عشر.","الاستعمال القصير غالباً آمن بلا أعراض سوى صداع خفيف أو إمساك. الاستخدام المستمر الطويل قد يقلل من امتصاص الجسم لفيتامين ب١٢ وأملاح الكالسيوم."
286,"Rennie Tablets","ريني أقراص مضغ","Stomach & GI","تُستخدم ريني أقراص مضغ كمثبط ذكي لمضخات البروتون لمنع إفراز حمض المعدة بقوة. وهو العلاج الأساسي والممتاز لحرقان فم المعدة، الارتجاع المريئي المتعب، والشفاء الموضعي لقرحة المعدة والإثنا عشر.","الاستعمال القصير غالباً آمن بلا أعراض سوى صداع خفيف أو إمساك. الاستخدام المستمر الطويل قد يقلل من امتصاص الجسم لفيتامين ب١٢ وأملاح الكالسيوم."
287,"Aldrox Suspension","ألدروكس معلق","Stomach & GI","تُستخدم ألدروكس معلق كمثبط ذكي لمضخات البروتون لمنع إفراز حمض المعدة بقوة. وهو العلاج الأساسي والممتاز لحرقان فم المعدة، الارتجاع المريئي المتعب، والشفاء الموضعي لقرحة المعدة والإثنا عشر.","الاستعمال القصير غالباً آمن بلا أعراض سوى صداع خفيف أو إمساك. الاستخدام المستمر الطويل قد يقلل من امتصاص الجسم لفيتامين ب١٢ وأملاح الكالسيوم."
288,"Diax Syrup","دياكس شراب","Stomach & GI","تُستخدم دياكس شراب كمحفز قوي للبنكرياس لإنتاج وضخ المزيد من الإنسولين في مجرى الدم للسيطرة المباشرة على مستويات السكر المرتفعة بعد الوجبات لمرضى النوع الثاني.","أكثر أعراضه الجانبية شيوعاً وخطراً هي نوبات هبوط السكر المفاجئ (الدوخة، التعرق، الرعشة) خصوصاً للمريض الذي يهمل وجبته بعد الدواء."
289,"Diax Capsules","دياكس كبسولات","Stomach & GI","تُستخدم دياكس كبسولات كمحفز قوي للبنكرياس لإنتاج وضخ المزيد من الإنسولين في مجرى الدم للسيطرة المباشرة على مستويات السكر المرتفعة بعد الوجبات لمرضى النوع الثاني.","أكثر أعراضه الجانبية شيوعاً وخطراً هي نوبات هبوط السكر المفاجئ (الدوخة، التعرق، الرعشة) خصوصاً للمريض الذي يهمل وجبته بعد الدواء."
290,"Espumisan Capsules","إسبيوميسان كبسولات","Stomach & GI","تُستخدم إسبيوميسان كبسولات كمثبط ذكي لمضخات البروتون لمنع إفراز حمض المعدة بقوة. وهو العلاج الأساسي والممتاز لحرقان فم المعدة، الارتجاع المريئي المتعب، والشفاء الموضعي لقرحة المعدة والإثنا عشر.","الاستعمال القصير غالباً آمن بلا أعراض سوى صداع خفيف أو إمساك. الاستخدام المستمر الطويل قد يقلل من امتصاص الجسم لفيتامين ب١٢ وأملاح الكالسيوم."
291,"Colief Drops","كوليف نقط","Stomach & GI","تُستخدم كوليف نقط كمثبط ذكي لمضخات البروتون لمنع إفراز حمض المعدة بقوة. وهو العلاج الأساسي والممتاز لحرقان فم المعدة، الارتجاع المريئي المتعب، والشفاء الموضعي لقرحة المعدة والإثنا عشر.","الاستعمال القصير غالباً آمن بلا أعراض سوى صداع خفيف أو إمساك. الاستخدام المستمر الطويل قد يقلل من امتصاص الجسم لفيتامين ب١٢ وأملاح الكالسيوم."
292,"Infacol Drops","إنفاكول نقط","Stomach & GI","تُستخدم إنفاكول نقط كمثبط ذكي لمضخات البروتون لمنع إفراز حمض المعدة بقوة. وهو العلاج الأساسي والممتاز لحرقان فم المعدة، الارتجاع المريئي المتعب، والشفاء الموضعي لقرحة المعدة والإثنا عشر.","الاستعمال القصير غالباً آمن بلا أعراض سوى صداع خفيف أو إمساك. الاستخدام المستمر الطويل قد يقلل من امتصاص الجسم لفيتامين ب١٢ وأملاح الكالسيوم."
293,"Normix 200mg Tablets","نورمكس أقراص 200 مجم","Stomach & GI","تُستخدم نورمكس أقراص 200 مجم كمثبط ذكي لمضخات البروتون لمنع إفراز حمض المعدة بقوة. وهو العلاج الأساسي والممتاز لحرقان فم المعدة، الارتجاع المريئي المتعب، والشفاء الموضعي لقرحة المعدة والإثنا عشر.","الاستعمال القصير غالباً آمن بلا أعراض سوى صداع خفيف أو إمساك. الاستخدام المستمر الطويل قد يقلل من امتصاص الجسم لفيتامين ب١٢ وأملاح الكالسيوم."
294,"Imodium 2mg Capsules","إموديوم كبسولات 2 مجم","Stomach & GI","تُستخدم إموديوم كبسولات 2 مجم كمطهر معوي ومعالج جذري لاضطرابات حركة الأمعاء، سواء بإيقاف حالات الإسهال الشديد الناتجة عن عدوى معوية، أو في أنواع أخرى لتحريك الأمعاء برفق لعلاج الإمساك المتحجر المستمر.","مضادات الإسهال قد تتسبب أحياناً في نتائج عكسية كالإمساك الدائم، بينما تسبب الملينات مغصاً ومغصاً معوياً مع كثرة الاستخدام."
295,"Imodium Syrup","إموديوم شراب","Stomach & GI","تُستخدم إموديوم شراب كمطهر معوي ومعالج جذري لاضطرابات حركة الأمعاء، سواء بإيقاف حالات الإسهال الشديد الناتجة عن عدوى معوية، أو في أنواع أخرى لتحريك الأمعاء برفق لعلاج الإمساك المتحجر المستمر.","مضادات الإسهال قد تتسبب أحياناً في نتائج عكسية كالإمساك الدائم، بينما تسبب الملينات مغصاً ومغصاً معوياً مع كثرة الاستخدام."
296,"Diosmectite Sachets","ديوسميكتيت أكياس","Stomach & GI","تُستخدم ديوسميكتيت أكياس كمثبط ذكي لمضخات البروتون لمنع إفراز حمض المعدة بقوة. وهو العلاج الأساسي والممتاز لحرقان فم المعدة، الارتجاع المريئي المتعب، والشفاء الموضعي لقرحة المعدة والإثنا عشر.","الاستعمال القصير غالباً آمن بلا أعراض سوى صداع خفيف أو إمساك. الاستخدام المستمر الطويل قد يقلل من امتصاص الجسم لفيتامين ب١٢ وأملاح الكالسيوم."
297,"Citrafleet Sachets","سيترافليت أكياس","Stomach & GI","تُستخدم سيترافليت أكياس كمثبط ذكي لمضخات البروتون لمنع إفراز حمض المعدة بقوة. وهو العلاج الأساسي والممتاز لحرقان فم المعدة، الارتجاع المريئي المتعب، والشفاء الموضعي لقرحة المعدة والإثنا عشر.","الاستعمال القصير غالباً آمن بلا أعراض سوى صداع خفيف أو إمساك. الاستخدام المستمر الطويل قد يقلل من امتصاص الجسم لفيتامين ب١٢ وأملاح الكالسيوم."
298,"Normacol Granules","نورماكول حبيبات","Stomach & GI","تُستخدم نورماكول حبيبات كمطهر معوي ومعالج جذري لاضطرابات حركة الأمعاء، سواء بإيقاف حالات الإسهال الشديد الناتجة عن عدوى معوية، أو في أنواع أخرى لتحريك الأمعاء برفق لعلاج الإمساك المتحجر المستمر.","مضادات الإسهال قد تتسبب أحياناً في نتائج عكسية كالإمساك الدائم، بينما تسبب الملينات مغصاً ومغصاً معوياً مع كثرة الاستخدام."
299,"Microlax Enema","مايكرولاكس حقنة شرجية","Stomach & GI","تُستخدم مايكرولاكس حقنة شرجية كمثبط ذكي لمضخات البروتون لمنع إفراز حمض المعدة بقوة. وهو العلاج الأساسي والممتاز لحرقان فم المعدة، الارتجاع المريئي المتعب، والشفاء الموضعي لقرحة المعدة والإثنا عشر.","الاستعمال القصير غالباً آمن بلا أعراض سوى صداع خفيف أو إمساك. الاستخدام المستمر الطويل قد يقلل من امتصاص الجسم لفيتامين ب١٢ وأملاح الكالسيوم."
300,"Glycerin Suppositories","جليسيرين لبوس","Stomach & GI","تُستخدم جليسيرين لبوس كمثبط ذكي لمضخات البروتون لمنع إفراز حمض المعدة بقوة. وهو العلاج الأساسي والممتاز لحرقان فم المعدة، الارتجاع المريئي المتعب، والشفاء الموضعي لقرحة المعدة والإثنا عشر.","الاستعمال القصير غالباً آمن بلا أعراض سوى صداع خفيف أو إمساك. الاستخدام المستمر الطويل قد يقلل من امتصاص الجسم لفيتامين ب١٢ وأملاح الكالسيوم."
301,"Moxal Suspension","موكسال معلق","Stomach & GI","تُستخدم موكسال معلق كمثبط ذكي لمضخات البروتون لمنع إفراز حمض المعدة بقوة. وهو العلاج الأساسي والممتاز لحرقان فم المعدة، الارتجاع المريئي المتعب، والشفاء الموضعي لقرحة المعدة والإثنا عشر.","الاستعمال القصير غالباً آمن بلا أعراض سوى صداع خفيف أو إمساك. الاستخدام المستمر الطويل قد يقلل من امتصاص الجسم لفيتامين ب١٢ وأملاح الكالسيوم."
302,"Penicillin V 250mg Tablets","بنسيلين ف أقراص 250 مجم",Antibiotics,"تُستخدم بنسيلين ف أقراص 250 مجم كمضاد حيوي واسع المجال بتركيبة البنسلين، يُستخدم بفعالية فائقة للقضاء على الالتهابات البكتيرية في الجهاز التنفسي العلوي والسفلي (كالتهاب اللوزتين والجيوب الأنفية والالتهاب الرئوي)، بالإضافة لمعالجة التهابات الأذن والمسالك البولية وعدوى الأسنان.","قد يصاحبه إسهال أو اضطرابات هضمية خفيفة. يجب التوقف فوراً ومراجعة الطبيب إذا ظهر طفح جلدي كثيف أو تورم يشير لحساسية من البنسلين."
303,"Ampicillin 500mg Capsules","أمبيسيلين كبسولات 500 مجم",Antibiotics,"تُستخدم أمبيسيلين كبسولات 500 مجم كمضاد حيوي واسع المجال بتركيبة البنسلين، يُستخدم بفعالية فائقة للقضاء على الالتهابات البكتيرية في الجهاز التنفسي العلوي والسفلي (كالتهاب اللوزتين والجيوب الأنفية والالتهاب الرئوي)، بالإضافة لمعالجة التهابات الأذن والمسالك البولية وعدوى الأسنان.","قد يصاحبه إسهال أو اضطرابات هضمية خفيفة. يجب التوقف فوراً ومراجعة الطبيب إذا ظهر طفح جلدي كثيف أو تورم يشير لحساسية من البنسلين."
304,"Unasyn 375mg Tablets","يوناسين أقراص 375 مجم",Antibiotics,"تُستخدم يوناسين أقراص 375 مجم كمضاد حيوي واسع المجال بتركيبة البنسلين، يُستخدم بفعالية فائقة للقضاء على الالتهابات البكتيرية في الجهاز التنفسي العلوي والسفلي (كالتهاب اللوزتين والجيوب الأنفية والالتهاب الرئوي)، بالإضافة لمعالجة التهابات الأذن والمسالك البولية وعدوى الأسنان.","قد يصاحبه إسهال أو اضطرابات هضمية خفيفة. يجب التوقف فوراً ومراجعة الطبيب إذا ظهر طفح جلدي كثيف أو تورم يشير لحساسية من البنسلين."
305,"Pen-Vee Tablets","بن-في أقراص",Antibiotics,"تُستخدم بن-في أقراص كمضاد حيوي واسع المجال بتركيبة البنسلين، يُستخدم بفعالية فائقة للقضاء على الالتهابات البكتيرية في الجهاز التنفسي العلوي والسفلي (كالتهاب اللوزتين والجيوب الأنفية والالتهاب الرئوي)، بالإضافة لمعالجة التهابات الأذن والمسالك البولية وعدوى الأسنان.","قد يصاحبه إسهال أو اضطرابات هضمية خفيفة. يجب التوقف فوراً ومراجعة الطبيب إذا ظهر طفح جلدي كثيف أو تورم يشير لحساسية من البنسلين."
306,"Benzathine Penicillin 1.2MIU","بنزاثين بنسيلين 1.2 م وحدة",Antibiotics,"تُستخدم بنزاثين بنسيلين 1.2 م وحدة كمضاد حيوي واسع المجال بتركيبة البنسلين، يُستخدم بفعالية فائقة للقضاء على الالتهابات البكتيرية في الجهاز التنفسي العلوي والسفلي (كالتهاب اللوزتين والجيوب الأنفية والالتهاب الرئوي)، بالإضافة لمعالجة التهابات الأذن والمسالك البولية وعدوى الأسنان.","قد يصاحبه إسهال أو اضطرابات هضمية خفيفة. يجب التوقف فوراً ومراجعة الطبيب إذا ظهر طفح جلدي كثيف أو تورم يشير لحساسية من البنسلين."
307,"Tetracycline 500mg Capsules","تتراسيكلين كبسولات 500 مجم",Antibiotics,"تُستخدم تتراسيكلين كبسولات 500 مجم كمضاد حيوي واسع المجال بتركيبة البنسلين، يُستخدم بفعالية فائقة للقضاء على الالتهابات البكتيرية في الجهاز التنفسي العلوي والسفلي (كالتهاب اللوزتين والجيوب الأنفية والالتهاب الرئوي)، بالإضافة لمعالجة التهابات الأذن والمسالك البولية وعدوى الأسنان.","قد يصاحبه إسهال أو اضطرابات هضمية خفيفة. يجب التوقف فوراً ومراجعة الطبيب إذا ظهر طفح جلدي كثيف أو تورم يشير لحساسية من البنسلين."
308,"Doxycycline 100mg Capsules","دوكسيسيكلين كبسولات 100 مجم",Antibiotics,"تُستخدم دوكسيسيكلين كبسولات 100 مجم كمضاد حيوي واسع المجال بتركيبة البنسلين، يُستخدم بفعالية فائقة للقضاء على الالتهابات البكتيرية في الجهاز التنفسي العلوي والسفلي (كالتهاب اللوزتين والجيوب الأنفية والالتهاب الرئوي)، بالإضافة لمعالجة التهابات الأذن والمسالك البولية وعدوى الأسنان.","قد يصاحبه إسهال أو اضطرابات هضمية خفيفة. يجب التوقف فوراً ومراجعة الطبيب إذا ظهر طفح جلدي كثيف أو تورم يشير لحساسية من البنسلين."
309,"Minocycline 100mg Capsules","مينوسيكلين كبسولات 100 مجم",Antibiotics,"تُستخدم مينوسيكلين كبسولات 100 مجم كمضاد حيوي واسع المجال بتركيبة البنسلين، يُستخدم بفعالية فائقة للقضاء على الالتهابات البكتيرية في الجهاز التنفسي العلوي والسفلي (كالتهاب اللوزتين والجيوب الأنفية والالتهاب الرئوي)، بالإضافة لمعالجة التهابات الأذن والمسالك البولية وعدوى الأسنان.","قد يصاحبه إسهال أو اضطرابات هضمية خفيفة. يجب التوقف فوراً ومراجعة الطبيب إذا ظهر طفح جلدي كثيف أو تورم يشير لحساسية من البنسلين."
310,"Spiramycin Tablets","سبيراميسين أقراص",Antibiotics,"تُستخدم سبيراميسين أقراص كمضاد حيوي واسع المجال بتركيبة البنسلين، يُستخدم بفعالية فائقة للقضاء على الالتهابات البكتيرية في الجهاز التنفسي العلوي والسفلي (كالتهاب اللوزتين والجيوب الأنفية والالتهاب الرئوي)، بالإضافة لمعالجة التهابات الأذن والمسالك البولية وعدوى الأسنان.","قد يصاحبه إسهال أو اضطرابات هضمية خفيفة. يجب التوقف فوراً ومراجعة الطبيب إذا ظهر طفح جلدي كثيف أو تورم يشير لحساسية من البنسلين."
311,"Tobramycin Eye Drops","توبراميسين نقط للعين","Eye & Ear Drops","تُستخدم توبراميسين نقط للعين كقطرات دوائية مُعقمة ومُطوّرة خصيصاً للاستخدام العيني الحيوي الآمن، منها المرطبة مكثفة متكررة لعلاج جفاف العين وتهيج القرنية بسبب الشاشات، ومنها الطبية المعالجة للتحسس والالتهابات الجرثومية الظاهرة وتسكين ألم إرهاق ما بعد الليزك.","تعد بشكل كبير آمنة جداً. العرض المشترك هو الإحساس المؤقت فقط بحرقان أو غباشة عابرة للرؤية لثوان معدودة بعد تقطير المادة ولزوجتـها الفعّالة."
312,"Ciprofloxacin Eye Drops","سيبروفلوكساسين نقط للعين","Eye & Ear Drops","تُستخدم سيبروفلوكساسين نقط للعين كمضاد حيوي شديد الفعالية موجه خصيصاً لعلاج التهابات المسالك البولية المعقدة، التهاب البروستاتا، والعدوى البكتيرية المعوية القوية التي تسبب الإسهال الحاد.","قد يسبب التهابات واضحة في الأوتار وألماً عضلياً، ويحظر إعطاؤه للأطفال والنساء الحوامل لعدم أمانه على نمو المفاصل والعظام."
313,"Ofloxacin Eye Drops","أوفلوكساسين نقط للعين","Eye & Ear Drops","تُستخدم أوفلوكساسين نقط للعين كقطرات دوائية مُعقمة ومُطوّرة خصيصاً للاستخدام العيني الحيوي الآمن، منها المرطبة مكثفة متكررة لعلاج جفاف العين وتهيج القرنية بسبب الشاشات، ومنها الطبية المعالجة للتحسس والالتهابات الجرثومية الظاهرة وتسكين ألم إرهاق ما بعد الليزك.","تعد بشكل كبير آمنة جداً. العرض المشترك هو الإحساس المؤقت فقط بحرقان أو غباشة عابرة للرؤية لثوان معدودة بعد تقطير المادة ولزوجتـها الفعّالة."
314,"Ceporex 500mg Capsules","سيبوريكس كبسولات 500 مجم",Antibiotics,"تُستخدم سيبوريكس كبسولات 500 مجم كمضاد حيوي آمن وفعال لعلاج التهابات الحلق، عدوى الجلد والأنسجة الرخوة، والتهابات الأذن الوسطى خصوصاً لدى الأطفال والمراهقين.","جيد التحمل عادةً، ولكنه قد يسبب اضطرابات خفيفة في المعدة كالإسهال أو ردود فعل تحسسية جلدية كالحكة."
315,"Keflex 500mg Capsules","كيفليكس كبسولات 500 مجم",Antibiotics,"تُستخدم كيفليكس كبسولات 500 مجم كمضاد حيوي آمن وفعال لعلاج التهابات الحلق، عدوى الجلد والأنسجة الرخوة، والتهابات الأذن الوسطى خصوصاً لدى الأطفال والمراهقين.","جيد التحمل عادةً، ولكنه قد يسبب اضطرابات خفيفة في المعدة كالإسهال أو ردود فعل تحسسية جلدية كالحكة."
316,"Zinnat 500mg Tablets","زيننات أقراص 500 مجم",Antibiotics,"تُستخدم زيننات أقراص 500 مجم كمضاد حيوي آمن وفعال لعلاج التهابات الحلق، عدوى الجلد والأنسجة الرخوة، والتهابات الأذن الوسطى خصوصاً لدى الأطفال والمراهقين.","جيد التحمل عادةً، ولكنه قد يسبب اضطرابات خفيفة في المعدة كالإسهال أو ردود فعل تحسسية جلدية كالحكة."
317,"Zinnat 125mg Suspension","زيننات معلق 125 مجم",Antibiotics,"تُستخدم زيننات معلق 125 مجم كمضاد حيوي آمن وفعال لعلاج التهابات الحلق، عدوى الجلد والأنسجة الرخوة، والتهابات الأذن الوسطى خصوصاً لدى الأطفال والمراهقين.","جيد التحمل عادةً، ولكنه قد يسبب اضطرابات خفيفة في المعدة كالإسهال أو ردود فعل تحسسية جلدية كالحكة."
318,"Cefazolin 1g Vials","سيفازولين فيال 1 جرام",Antibiotics,"تُستخدم سيفازولين فيال 1 جرام كمضاد حيوي واسع المجال بتركيبة البنسلين، يُستخدم بفعالية فائقة للقضاء على الالتهابات البكتيرية في الجهاز التنفسي العلوي والسفلي (كالتهاب اللوزتين والجيوب الأنفية والالتهاب الرئوي)، بالإضافة لمعالجة التهابات الأذن والمسالك البولية وعدوى الأسنان.","قد يصاحبه إسهال أو اضطرابات هضمية خفيفة. يجب التوقف فوراً ومراجعة الطبيب إذا ظهر طفح جلدي كثيف أو تورم يشير لحساسية من البنسلين."
319,"Cefotaxime 1g Vials","سيفوتاكسيم فيال 1 جرام",Antibiotics,"تُستخدم سيفوتاكسيم فيال 1 جرام كمضاد حيوي واسع المجال بتركيبة البنسلين، يُستخدم بفعالية فائقة للقضاء على الالتهابات البكتيرية في الجهاز التنفسي العلوي والسفلي (كالتهاب اللوزتين والجيوب الأنفية والالتهاب الرئوي)، بالإضافة لمعالجة التهابات الأذن والمسالك البولية وعدوى الأسنان.","قد يصاحبه إسهال أو اضطرابات هضمية خفيفة. يجب التوقف فوراً ومراجعة الطبيب إذا ظهر طفح جلدي كثيف أو تورم يشير لحساسية من البنسلين."
320,"Ceftriaxone 1g Vials","سيفترياكسون فيال 1 جرام",Antibiotics,"تُستخدم سيفترياكسون فيال 1 جرام كمضاد حيوي واسع المجال بتركيبة البنسلين، يُستخدم بفعالية فائقة للقضاء على الالتهابات البكتيرية في الجهاز التنفسي العلوي والسفلي (كالتهاب اللوزتين والجيوب الأنفية والالتهاب الرئوي)، بالإضافة لمعالجة التهابات الأذن والمسالك البولية وعدوى الأسنان.","قد يصاحبه إسهال أو اضطرابات هضمية خفيفة. يجب التوقف فوراً ومراجعة الطبيب إذا ظهر طفح جلدي كثيف أو تورم يشير لحساسية من البنسلين."
321,"Imipenem Vials","إيميبينيم فيال",Antibiotics,"تُستخدم إيميبينيم فيال كمضاد حيوي واسع المجال بتركيبة البنسلين، يُستخدم بفعالية فائقة للقضاء على الالتهابات البكتيرية في الجهاز التنفسي العلوي والسفلي (كالتهاب اللوزتين والجيوب الأنفية والالتهاب الرئوي)، بالإضافة لمعالجة التهابات الأذن والمسالك البولية وعدوى الأسنان.","قد يصاحبه إسهال أو اضطرابات هضمية خفيفة. يجب التوقف فوراً ومراجعة الطبيب إذا ظهر طفح جلدي كثيف أو تورم يشير لحساسية من البنسلين."
322,"Meronem Vials","ميرونيم فيال",Antibiotics,"تُستخدم ميرونيم فيال كمضاد حيوي واسع المجال بتركيبة البنسلين، يُستخدم بفعالية فائقة للقضاء على الالتهابات البكتيرية في الجهاز التنفسي العلوي والسفلي (كالتهاب اللوزتين والجيوب الأنفية والالتهاب الرئوي)، بالإضافة لمعالجة التهابات الأذن والمسالك البولية وعدوى الأسنان.","قد يصاحبه إسهال أو اضطرابات هضمية خفيفة. يجب التوقف فوراً ومراجعة الطبيب إذا ظهر طفح جلدي كثيف أو تورم يشير لحساسية من البنسلين."
323,"Vancomycin Vials","فانكوميسين فيال",Antibiotics,"تُستخدم فانكوميسين فيال كمضاد حيوي واسع المجال بتركيبة البنسلين، يُستخدم بفعالية فائقة للقضاء على الالتهابات البكتيرية في الجهاز التنفسي العلوي والسفلي (كالتهاب اللوزتين والجيوب الأنفية والالتهاب الرئوي)، بالإضافة لمعالجة التهابات الأذن والمسالك البولية وعدوى الأسنان.","قد يصاحبه إسهال أو اضطرابات هضمية خفيفة. يجب التوقف فوراً ومراجعة الطبيب إذا ظهر طفح جلدي كثيف أو تورم يشير لحساسية من البنسلين."
324,"Linezolid 600mg Tablets","لينيزوليد أقراص 600 مجم",Antibiotics,"تُستخدم لينيزوليد أقراص 600 مجم كمضاد حيوي واسع المجال بتركيبة البنسلين، يُستخدم بفعالية فائقة للقضاء على الالتهابات البكتيرية في الجهاز التنفسي العلوي والسفلي (كالتهاب اللوزتين والجيوب الأنفية والالتهاب الرئوي)، بالإضافة لمعالجة التهابات الأذن والمسالك البولية وعدوى الأسنان.","قد يصاحبه إسهال أو اضطرابات هضمية خفيفة. يجب التوقف فوراً ومراجعة الطبيب إذا ظهر طفح جلدي كثيف أو تورم يشير لحساسية من البنسلين."
325,"Colistin Vials","كوليستين فيال",Antibiotics,"تُستخدم كوليستين فيال كمضاد حيوي واسع المجال بتركيبة البنسلين، يُستخدم بفعالية فائقة للقضاء على الالتهابات البكتيرية في الجهاز التنفسي العلوي والسفلي (كالتهاب اللوزتين والجيوب الأنفية والالتهاب الرئوي)، بالإضافة لمعالجة التهابات الأذن والمسالك البولية وعدوى الأسنان.","قد يصاحبه إسهال أو اضطرابات هضمية خفيفة. يجب التوقف فوراً ومراجعة الطبيب إذا ظهر طفح جلدي كثيف أو تورم يشير لحساسية من البنسلين."
326,"Trimethoprim 160mg Tablets","ترايميثوبريم أقراص 160 مجم",Antibiotics,"تُستخدم ترايميثوبريم أقراص 160 مجم كمضاد حيوي واسع المجال بتركيبة البنسلين، يُستخدم بفعالية فائقة للقضاء على الالتهابات البكتيرية في الجهاز التنفسي العلوي والسفلي (كالتهاب اللوزتين والجيوب الأنفية والالتهاب الرئوي)، بالإضافة لمعالجة التهابات الأذن والمسالك البولية وعدوى الأسنان.","قد يصاحبه إسهال أو اضطرابات هضمية خفيفة. يجب التوقف فوراً ومراجعة الطبيب إذا ظهر طفح جلدي كثيف أو تورم يشير لحساسية من البنسلين."
327,"Co-trimoxazole 480mg Tablets","كو-ترايموكسازول أقراص 480 مجم",Antibiotics,"تُستخدم كو-ترايموكسازول أقراص 480 مجم كمضاد حيوي واسع المجال بتركيبة البنسلين، يُستخدم بفعالية فائقة للقضاء على الالتهابات البكتيرية في الجهاز التنفسي العلوي والسفلي (كالتهاب اللوزتين والجيوب الأنفية والالتهاب الرئوي)، بالإضافة لمعالجة التهابات الأذن والمسالك البولية وعدوى الأسنان.","قد يصاحبه إسهال أو اضطرابات هضمية خفيفة. يجب التوقف فوراً ومراجعة الطبيب إذا ظهر طفح جلدي كثيف أو تورم يشير لحساسية من البنسلين."
328,"Septrin Tablets","سيبترين أقراص",Antibiotics,"تُستخدم سيبترين أقراص كمضاد حيوي واسع المجال بتركيبة البنسلين، يُستخدم بفعالية فائقة للقضاء على الالتهابات البكتيرية في الجهاز التنفسي العلوي والسفلي (كالتهاب اللوزتين والجيوب الأنفية والالتهاب الرئوي)، بالإضافة لمعالجة التهابات الأذن والمسالك البولية وعدوى الأسنان.","قد يصاحبه إسهال أو اضطرابات هضمية خفيفة. يجب التوقف فوراً ومراجعة الطبيب إذا ظهر طفح جلدي كثيف أو تورم يشير لحساسية من البنسلين."
329,"Nitrofurantoin 100mg Capsules","نيتروفيورانتوين كبسولات 100 مجم",Antibiotics,"تُستخدم نيتروفيورانتوين كبسولات 100 مجم كمضاد حيوي واسع المجال بتركيبة البنسلين، يُستخدم بفعالية فائقة للقضاء على الالتهابات البكتيرية في الجهاز التنفسي العلوي والسفلي (كالتهاب اللوزتين والجيوب الأنفية والالتهاب الرئوي)، بالإضافة لمعالجة التهابات الأذن والمسالك البولية وعدوى الأسنان.","قد يصاحبه إسهال أو اضطرابات هضمية خفيفة. يجب التوقف فوراً ومراجعة الطبيب إذا ظهر طفح جلدي كثيف أو تورم يشير لحساسية من البنسلين."
330,"Diflucan 150mg Capsules","ديفلوكان كبسولات 150 مجم",Antifungals,"تُستخدم ديفلوكان كبسولات 150 مجم كمضاد فطري موضعي فعّال جداً (أو فموي للحالات المقاومة) مصمم لاستهداف والقضاء الجذري على الفطريات الجلدية الصعبة بكافة المسببات كأكزيما الفطريات، الثعلبة وتينيا القدم العنيدة والعدوى المهبلية والتخلص من روائح الفطريات المزعجة.","استجابته الجلدية آمنة في المجمل، لكن قد يحدث تهيج موضعي طفيف للمرهم أو حساسية وحكة مستمرة نتيجة ارتكاس الجلد للمادة الفعالة المُركّزة."
331,"Diflucan 200mg Capsules","ديفلوكان كبسولات 200 مجم",Antifungals,"تُستخدم ديفلوكان كبسولات 200 مجم كمضاد فطري موضعي فعّال جداً (أو فموي للحالات المقاومة) مصمم لاستهداف والقضاء الجذري على الفطريات الجلدية الصعبة بكافة المسببات كأكزيما الفطريات، الثعلبة وتينيا القدم العنيدة والعدوى المهبلية والتخلص من روائح الفطريات المزعجة.","استجابته الجلدية آمنة في المجمل، لكن قد يحدث تهيج موضعي طفيف للمرهم أو حساسية وحكة مستمرة نتيجة ارتكاس الجلد للمادة الفعالة المُركّزة."
332,"Sporanox 100mg Capsules","سبورانوكس كبسولات 100 مجم",Antifungals,"تُستخدم سبورانوكس كبسولات 100 مجم كمضاد حيوي واسع المجال بتركيبة البنسلين، يُستخدم بفعالية فائقة للقضاء على الالتهابات البكتيرية في الجهاز التنفسي العلوي والسفلي (كالتهاب اللوزتين والجيوب الأنفية والالتهاب الرئوي)، بالإضافة لمعالجة التهابات الأذن والمسالك البولية وعدوى الأسنان.","قد يصاحبه إسهال أو اضطرابات هضمية خفيفة. يجب التوقف فوراً ومراجعة الطبيب إذا ظهر طفح جلدي كثيف أو تورم يشير لحساسية من البنسلين."
333,"Nizoral 200mg Tablets","نيزورال أقراص 200 مجم",Antifungals,"تُستخدم نيزورال أقراص 200 مجم كمضاد فطري موضعي فعّال جداً (أو فموي للحالات المقاومة) مصمم لاستهداف والقضاء الجذري على الفطريات الجلدية الصعبة بكافة المسببات كأكزيما الفطريات، الثعلبة وتينيا القدم العنيدة والعدوى المهبلية والتخلص من روائح الفطريات المزعجة.","استجابته الجلدية آمنة في المجمل، لكن قد يحدث تهيج موضعي طفيف للمرهم أو حساسية وحكة مستمرة نتيجة ارتكاس الجلد للمادة الفعالة المُركّزة."
334,"Nizoral Shampoo","نيزورال شامبو",Antifungals,"تُستخدم نيزورال شامبو كمضاد فطري موضعي فعّال جداً (أو فموي للحالات المقاومة) مصمم لاستهداف والقضاء الجذري على الفطريات الجلدية الصعبة بكافة المسببات كأكزيما الفطريات، الثعلبة وتينيا القدم العنيدة والعدوى المهبلية والتخلص من روائح الفطريات المزعجة.","استجابته الجلدية آمنة في المجمل، لكن قد يحدث تهيج موضعي طفيف للمرهم أو حساسية وحكة مستمرة نتيجة ارتكاس الجلد للمادة الفعالة المُركّزة."
335,"Canesten Cream","كانستين كريم",Antifungals,"تُستخدم كانستين كريم كمضاد فطري موضعي فعّال جداً (أو فموي للحالات المقاومة) مصمم لاستهداف والقضاء الجذري على الفطريات الجلدية الصعبة بكافة المسببات كأكزيما الفطريات، الثعلبة وتينيا القدم العنيدة والعدوى المهبلية والتخلص من روائح الفطريات المزعجة.","استجابته الجلدية آمنة في المجمل، لكن قد يحدث تهيج موضعي طفيف للمرهم أو حساسية وحكة مستمرة نتيجة ارتكاس الجلد للمادة الفعالة المُركّزة."
336,"Canesten Vaginal Tablet","كانستين أقراص مهبلية",Antifungals,"تُستخدم كانستين أقراص مهبلية كمضاد فطري موضعي فعّال جداً (أو فموي للحالات المقاومة) مصمم لاستهداف والقضاء الجذري على الفطريات الجلدية الصعبة بكافة المسببات كأكزيما الفطريات، الثعلبة وتينيا القدم العنيدة والعدوى المهبلية والتخلص من روائح الفطريات المزعجة.","استجابته الجلدية آمنة في المجمل، لكن قد يحدث تهيج موضعي طفيف للمرهم أو حساسية وحكة مستمرة نتيجة ارتكاس الجلد للمادة الفعالة المُركّزة."
337,"Daktarin Oral Gel","داكتارين جل للفم",Antifungals,"تُستخدم داكتارين جل للفم كمضاد فطري موضعي فعّال جداً (أو فموي للحالات المقاومة) مصمم لاستهداف والقضاء الجذري على الفطريات الجلدية الصعبة بكافة المسببات كأكزيما الفطريات، الثعلبة وتينيا القدم العنيدة والعدوى المهبلية والتخلص من روائح الفطريات المزعجة.","استجابته الجلدية آمنة في المجمل، لكن قد يحدث تهيج موضعي طفيف للمرهم أو حساسية وحكة مستمرة نتيجة ارتكاس الجلد للمادة الفعالة المُركّزة."
338,"Daktarin Cream","داكتارين كريم",Antifungals,"تُستخدم داكتارين كريم كمضاد فطري موضعي فعّال جداً (أو فموي للحالات المقاومة) مصمم لاستهداف والقضاء الجذري على الفطريات الجلدية الصعبة بكافة المسببات كأكزيما الفطريات، الثعلبة وتينيا القدم العنيدة والعدوى المهبلية والتخلص من روائح الفطريات المزعجة.","استجابته الجلدية آمنة في المجمل، لكن قد يحدث تهيج موضعي طفيف للمرهم أو حساسية وحكة مستمرة نتيجة ارتكاس الجلد للمادة الفعالة المُركّزة."
339,"Mycostatin Suspension","ميكوستاتين معلق",Antifungals,"تُستخدم ميكوستاتين معلق كمضاد حيوي واسع المجال بتركيبة البنسلين، يُستخدم بفعالية فائقة للقضاء على الالتهابات البكتيرية في الجهاز التنفسي العلوي والسفلي (كالتهاب اللوزتين والجيوب الأنفية والالتهاب الرئوي)، بالإضافة لمعالجة التهابات الأذن والمسالك البولية وعدوى الأسنان.","قد يصاحبه إسهال أو اضطرابات هضمية خفيفة. يجب التوقف فوراً ومراجعة الطبيب إذا ظهر طفح جلدي كثيف أو تورم يشير لحساسية من البنسلين."
340,"Zovirax 400mg Tablets","زوفيراكس أقراص 400 مجم",Antivirals,"تُستخدم زوفيراكس أقراص 400 مجم كمضاد حيوي واسع المجال بتركيبة البنسلين، يُستخدم بفعالية فائقة للقضاء على الالتهابات البكتيرية في الجهاز التنفسي العلوي والسفلي (كالتهاب اللوزتين والجيوب الأنفية والالتهاب الرئوي)، بالإضافة لمعالجة التهابات الأذن والمسالك البولية وعدوى الأسنان.","قد يصاحبه إسهال أو اضطرابات هضمية خفيفة. يجب التوقف فوراً ومراجعة الطبيب إذا ظهر طفح جلدي كثيف أو تورم يشير لحساسية من البنسلين."
341,"Zovirax Cream","زوفيراكس كريم",Antivirals,"تُستخدم زوفيراكس كريم كمضاد حيوي واسع المجال بتركيبة البنسلين، يُستخدم بفعالية فائقة للقضاء على الالتهابات البكتيرية في الجهاز التنفسي العلوي والسفلي (كالتهاب اللوزتين والجيوب الأنفية والالتهاب الرئوي)، بالإضافة لمعالجة التهابات الأذن والمسالك البولية وعدوى الأسنان.","قد يصاحبه إسهال أو اضطرابات هضمية خفيفة. يجب التوقف فوراً ومراجعة الطبيب إذا ظهر طفح جلدي كثيف أو تورم يشير لحساسية من البنسلين."
342,"Valtrex 500mg Tablets","فالتريكس أقراص 500 مجم",Antivirals,"تُستخدم فالتريكس أقراص 500 مجم كمضاد حيوي واسع المجال بتركيبة البنسلين، يُستخدم بفعالية فائقة للقضاء على الالتهابات البكتيرية في الجهاز التنفسي العلوي والسفلي (كالتهاب اللوزتين والجيوب الأنفية والالتهاب الرئوي)، بالإضافة لمعالجة التهابات الأذن والمسالك البولية وعدوى الأسنان.","قد يصاحبه إسهال أو اضطرابات هضمية خفيفة. يجب التوقف فوراً ومراجعة الطبيب إذا ظهر طفح جلدي كثيف أو تورم يشير لحساسية من البنسلين."
343,"Tamiflu 75mg Capsules","تاميفلو كبسولات 75 مجم",Antivirals,"تُستخدم تاميفلو كبسولات 75 مجم كمضاد حيوي واسع المجال بتركيبة البنسلين، يُستخدم بفعالية فائقة للقضاء على الالتهابات البكتيرية في الجهاز التنفسي العلوي والسفلي (كالتهاب اللوزتين والجيوب الأنفية والالتهاب الرئوي)، بالإضافة لمعالجة التهابات الأذن والمسالك البولية وعدوى الأسنان.","قد يصاحبه إسهال أو اضطرابات هضمية خفيفة. يجب التوقف فوراً ومراجعة الطبيب إذا ظهر طفح جلدي كثيف أو تورم يشير لحساسية من البنسلين."
344,"Harvoni Tablets","هارفوني أقراص",Antivirals,"تُستخدم هارفوني أقراص كمضاد حيوي واسع المجال بتركيبة البنسلين، يُستخدم بفعالية فائقة للقضاء على الالتهابات البكتيرية في الجهاز التنفسي العلوي والسفلي (كالتهاب اللوزتين والجيوب الأنفية والالتهاب الرئوي)، بالإضافة لمعالجة التهابات الأذن والمسالك البولية وعدوى الأسنان.","قد يصاحبه إسهال أو اضطرابات هضمية خفيفة. يجب التوقف فوراً ومراجعة الطبيب إذا ظهر طفح جلدي كثيف أو تورم يشير لحساسية من البنسلين."
345,"Sovaldi 400mg Tablets","سوفالدي أقراص 400 مجم",Antivirals,"تُستخدم سوفالدي أقراص 400 مجم كمضاد حيوي واسع المجال بتركيبة البنسلين، يُستخدم بفعالية فائقة للقضاء على الالتهابات البكتيرية في الجهاز التنفسي العلوي والسفلي (كالتهاب اللوزتين والجيوب الأنفية والالتهاب الرئوي)، بالإضافة لمعالجة التهابات الأذن والمسالك البولية وعدوى الأسنان.","قد يصاحبه إسهال أو اضطرابات هضمية خفيفة. يجب التوقف فوراً ومراجعة الطبيب إذا ظهر طفح جلدي كثيف أو تورم يشير لحساسية من البنسلين."
346,"Daklinza 60mg Tablets","داكلينزا أقراص 60 مجم",Antivirals,"تُستخدم داكلينزا أقراص 60 مجم كمضاد حيوي واسع المجال بتركيبة البنسلين، يُستخدم بفعالية فائقة للقضاء على الالتهابات البكتيرية في الجهاز التنفسي العلوي والسفلي (كالتهاب اللوزتين والجيوب الأنفية والالتهاب الرئوي)، بالإضافة لمعالجة التهابات الأذن والمسالك البولية وعدوى الأسنان.","قد يصاحبه إسهال أو اضطرابات هضمية خفيفة. يجب التوقف فوراً ومراجعة الطبيب إذا ظهر طفح جلدي كثيف أو تورم يشير لحساسية من البنسلين."
347,"Tegretol 200mg Tablets","تيغريتول أقراص 200 مجم",Neurological,"تُستخدم تيغريتول أقراص 200 مجم كأدوية عصبية محورية وضرورية للغاية؛ لتنظيم التوازن اللحظي لكهرباء المخ ومهدئ نشط جداً لإشارات الألم العصبي. ناجزة لمرضى الصرع والاختلاجات السريعة وللتحكم بتهيج الخلايا العصبية الناتج عن الاكتئابات والقلق المفرط.","استقرار حيوي مقابل الشعور المحتمل المتواصل بالنعاس والدوار الذي يخل بالخفة، ويُمنع نهائياً ترك الدواء المفاجئ لتفادي التشنجات الارتدادية أو الهبوط المفاجئ للمرضى."
348,"Tegretol 400mg Tablets","تيغريتول أقراص 400 مجم",Neurological,"تُستخدم تيغريتول أقراص 400 مجم كأدوية عصبية محورية وضرورية للغاية؛ لتنظيم التوازن اللحظي لكهرباء المخ ومهدئ نشط جداً لإشارات الألم العصبي. ناجزة لمرضى الصرع والاختلاجات السريعة وللتحكم بتهيج الخلايا العصبية الناتج عن الاكتئابات والقلق المفرط.","استقرار حيوي مقابل الشعور المحتمل المتواصل بالنعاس والدوار الذي يخل بالخفة، ويُمنع نهائياً ترك الدواء المفاجئ لتفادي التشنجات الارتدادية أو الهبوط المفاجئ للمرضى."
349,"Depakine 500mg Tablets","ديباكين أقراص 500 مجم",Neurological,"تُستخدم ديباكين أقراص 500 مجم كأدوية عصبية محورية وضرورية للغاية؛ لتنظيم التوازن اللحظي لكهرباء المخ ومهدئ نشط جداً لإشارات الألم العصبي. ناجزة لمرضى الصرع والاختلاجات السريعة وللتحكم بتهيج الخلايا العصبية الناتج عن الاكتئابات والقلق المفرط.","استقرار حيوي مقابل الشعور المحتمل المتواصل بالنعاس والدوار الذي يخل بالخفة، ويُمنع نهائياً ترك الدواء المفاجئ لتفادي التشنجات الارتدادية أو الهبوط المفاجئ للمرضى."
350,"Depakine Syrup","ديباكين شراب",Neurological,"تُستخدم ديباكين شراب كأدوية عصبية محورية وضرورية للغاية؛ لتنظيم التوازن اللحظي لكهرباء المخ ومهدئ نشط جداً لإشارات الألم العصبي. ناجزة لمرضى الصرع والاختلاجات السريعة وللتحكم بتهيج الخلايا العصبية الناتج عن الاكتئابات والقلق المفرط.","استقرار حيوي مقابل الشعور المحتمل المتواصل بالنعاس والدوار الذي يخل بالخفة، ويُمنع نهائياً ترك الدواء المفاجئ لتفادي التشنجات الارتدادية أو الهبوط المفاجئ للمرضى."
351,"Keppra 500mg Tablets","كيبرا أقراص 500 مجم",Neurological,"تُستخدم كيبرا أقراص 500 مجم كأدوية عصبية محورية وضرورية للغاية؛ لتنظيم التوازن اللحظي لكهرباء المخ ومهدئ نشط جداً لإشارات الألم العصبي. ناجزة لمرضى الصرع والاختلاجات السريعة وللتحكم بتهيج الخلايا العصبية الناتج عن الاكتئابات والقلق المفرط.","استقرار حيوي مقابل الشعور المحتمل المتواصل بالنعاس والدوار الذي يخل بالخفة، ويُمنع نهائياً ترك الدواء المفاجئ لتفادي التشنجات الارتدادية أو الهبوط المفاجئ للمرضى."
352,"Keppra 1000mg Tablets","كيبرا أقراص 1000 مجم",Neurological,"تُستخدم كيبرا أقراص 1000 مجم كأدوية عصبية محورية وضرورية للغاية؛ لتنظيم التوازن اللحظي لكهرباء المخ ومهدئ نشط جداً لإشارات الألم العصبي. ناجزة لمرضى الصرع والاختلاجات السريعة وللتحكم بتهيج الخلايا العصبية الناتج عن الاكتئابات والقلق المفرط.","استقرار حيوي مقابل الشعور المحتمل المتواصل بالنعاس والدوار الذي يخل بالخفة، ويُمنع نهائياً ترك الدواء المفاجئ لتفادي التشنجات الارتدادية أو الهبوط المفاجئ للمرضى."
353,"Lyrica 75mg Capsules","ليريكا كبسولات 75 مجم",Neurological,"تُستخدم ليريكا كبسولات 75 مجم كأدوية عصبية محورية وضرورية للغاية؛ لتنظيم التوازن اللحظي لكهرباء المخ ومهدئ نشط جداً لإشارات الألم العصبي. ناجزة لمرضى الصرع والاختلاجات السريعة وللتحكم بتهيج الخلايا العصبية الناتج عن الاكتئابات والقلق المفرط.","استقرار حيوي مقابل الشعور المحتمل المتواصل بالنعاس والدوار الذي يخل بالخفة، ويُمنع نهائياً ترك الدواء المفاجئ لتفادي التشنجات الارتدادية أو الهبوط المفاجئ للمرضى."
354,"Lyrica 150mg Capsules","ليريكا كبسولات 150 مجم",Neurological,"تُستخدم ليريكا كبسولات 150 مجم كأدوية عصبية محورية وضرورية للغاية؛ لتنظيم التوازن اللحظي لكهرباء المخ ومهدئ نشط جداً لإشارات الألم العصبي. ناجزة لمرضى الصرع والاختلاجات السريعة وللتحكم بتهيج الخلايا العصبية الناتج عن الاكتئابات والقلق المفرط.","استقرار حيوي مقابل الشعور المحتمل المتواصل بالنعاس والدوار الذي يخل بالخفة، ويُمنع نهائياً ترك الدواء المفاجئ لتفادي التشنجات الارتدادية أو الهبوط المفاجئ للمرضى."
355,"Rivotril 0.5mg Tablets","ريفوتريل أقراص 0.5 مجم",Neurological,"تُستخدم ريفوتريل أقراص 0.5 مجم كأدوية عصبية محورية وضرورية للغاية؛ لتنظيم التوازن اللحظي لكهرباء المخ ومهدئ نشط جداً لإشارات الألم العصبي. ناجزة لمرضى الصرع والاختلاجات السريعة وللتحكم بتهيج الخلايا العصبية الناتج عن الاكتئابات والقلق المفرط.","استقرار حيوي مقابل الشعور المحتمل المتواصل بالنعاس والدوار الذي يخل بالخفة، ويُمنع نهائياً ترك الدواء المفاجئ لتفادي التشنجات الارتدادية أو الهبوط المفاجئ للمرضى."
356,"Rivotril 2mg Tablets","ريفوتريل أقراص 2 مجم",Neurological,"تُستخدم ريفوتريل أقراص 2 مجم كأدوية عصبية محورية وضرورية للغاية؛ لتنظيم التوازن اللحظي لكهرباء المخ ومهدئ نشط جداً لإشارات الألم العصبي. ناجزة لمرضى الصرع والاختلاجات السريعة وللتحكم بتهيج الخلايا العصبية الناتج عن الاكتئابات والقلق المفرط.","استقرار حيوي مقابل الشعور المحتمل المتواصل بالنعاس والدوار الذي يخل بالخفة، ويُمنع نهائياً ترك الدواء المفاجئ لتفادي التشنجات الارتدادية أو الهبوط المفاجئ للمرضى."
357,"Lexotanil 1.5mg Tablets","ليكسوتانيل أقراص 1.5 مجم",Neurological,"تُستخدم ليكسوتانيل أقراص 1.5 مجم كأدوية عصبية محورية وضرورية للغاية؛ لتنظيم التوازن اللحظي لكهرباء المخ ومهدئ نشط جداً لإشارات الألم العصبي. ناجزة لمرضى الصرع والاختلاجات السريعة وللتحكم بتهيج الخلايا العصبية الناتج عن الاكتئابات والقلق المفرط.","استقرار حيوي مقابل الشعور المحتمل المتواصل بالنعاس والدوار الذي يخل بالخفة، ويُمنع نهائياً ترك الدواء المفاجئ لتفادي التشنجات الارتدادية أو الهبوط المفاجئ للمرضى."
358,"Lexotanil 3mg Tablets","ليكسوتانيل أقراص 3 مجم",Neurological,"تُستخدم ليكسوتانيل أقراص 3 مجم كأدوية عصبية محورية وضرورية للغاية؛ لتنظيم التوازن اللحظي لكهرباء المخ ومهدئ نشط جداً لإشارات الألم العصبي. ناجزة لمرضى الصرع والاختلاجات السريعة وللتحكم بتهيج الخلايا العصبية الناتج عن الاكتئابات والقلق المفرط.","استقرار حيوي مقابل الشعور المحتمل المتواصل بالنعاس والدوار الذي يخل بالخفة، ويُمنع نهائياً ترك الدواء المفاجئ لتفادي التشنجات الارتدادية أو الهبوط المفاجئ للمرضى."
359,"Xanax 0.25mg Tablets","زاناكس أقراص 0.25 مجم",Neurological,"تُستخدم زاناكس أقراص 0.25 مجم كأدوية عصبية محورية وضرورية للغاية؛ لتنظيم التوازن اللحظي لكهرباء المخ ومهدئ نشط جداً لإشارات الألم العصبي. ناجزة لمرضى الصرع والاختلاجات السريعة وللتحكم بتهيج الخلايا العصبية الناتج عن الاكتئابات والقلق المفرط.","استقرار حيوي مقابل الشعور المحتمل المتواصل بالنعاس والدوار الذي يخل بالخفة، ويُمنع نهائياً ترك الدواء المفاجئ لتفادي التشنجات الارتدادية أو الهبوط المفاجئ للمرضى."
360,"Xanax 0.5mg Tablets","زاناكس أقراص 0.5 مجم",Neurological,"تُستخدم زاناكس أقراص 0.5 مجم كأدوية عصبية محورية وضرورية للغاية؛ لتنظيم التوازن اللحظي لكهرباء المخ ومهدئ نشط جداً لإشارات الألم العصبي. ناجزة لمرضى الصرع والاختلاجات السريعة وللتحكم بتهيج الخلايا العصبية الناتج عن الاكتئابات والقلق المفرط.","استقرار حيوي مقابل الشعور المحتمل المتواصل بالنعاس والدوار الذي يخل بالخفة، ويُمنع نهائياً ترك الدواء المفاجئ لتفادي التشنجات الارتدادية أو الهبوط المفاجئ للمرضى."
361,"Stilnox 10mg Tablets","ستيلنوكس أقراص 10 مجم",Neurological,"تُستخدم ستيلنوكس أقراص 10 مجم كأدوية عصبية محورية وضرورية للغاية؛ لتنظيم التوازن اللحظي لكهرباء المخ ومهدئ نشط جداً لإشارات الألم العصبي. ناجزة لمرضى الصرع والاختلاجات السريعة وللتحكم بتهيج الخلايا العصبية الناتج عن الاكتئابات والقلق المفرط.","استقرار حيوي مقابل الشعور المحتمل المتواصل بالنعاس والدوار الذي يخل بالخفة، ويُمنع نهائياً ترك الدواء المفاجئ لتفادي التشنجات الارتدادية أو الهبوط المفاجئ للمرضى."
362,"Valium 5mg Tablets","فاليوم أقراص 5 مجم",Neurological,"تُستخدم فاليوم أقراص 5 مجم كأدوية عصبية محورية وضرورية للغاية؛ لتنظيم التوازن اللحظي لكهرباء المخ ومهدئ نشط جداً لإشارات الألم العصبي. ناجزة لمرضى الصرع والاختلاجات السريعة وللتحكم بتهيج الخلايا العصبية الناتج عن الاكتئابات والقلق المفرط.","استقرار حيوي مقابل الشعور المحتمل المتواصل بالنعاس والدوار الذي يخل بالخفة، ويُمنع نهائياً ترك الدواء المفاجئ لتفادي التشنجات الارتدادية أو الهبوط المفاجئ للمرضى."
363,"Risperdal 1mg Tablets","ريسبيردال أقراص 1 مجم",Neurological,"تُستخدم ريسبيردال أقراص 1 مجم كأدوية عصبية محورية وضرورية للغاية؛ لتنظيم التوازن اللحظي لكهرباء المخ ومهدئ نشط جداً لإشارات الألم العصبي. ناجزة لمرضى الصرع والاختلاجات السريعة وللتحكم بتهيج الخلايا العصبية الناتج عن الاكتئابات والقلق المفرط.","استقرار حيوي مقابل الشعور المحتمل المتواصل بالنعاس والدوار الذي يخل بالخفة، ويُمنع نهائياً ترك الدواء المفاجئ لتفادي التشنجات الارتدادية أو الهبوط المفاجئ للمرضى."
364,"Risperdal 2mg Tablets","ريسبيردال أقراص 2 مجم",Neurological,"تُستخدم ريسبيردال أقراص 2 مجم كأدوية عصبية محورية وضرورية للغاية؛ لتنظيم التوازن اللحظي لكهرباء المخ ومهدئ نشط جداً لإشارات الألم العصبي. ناجزة لمرضى الصرع والاختلاجات السريعة وللتحكم بتهيج الخلايا العصبية الناتج عن الاكتئابات والقلق المفرط.","استقرار حيوي مقابل الشعور المحتمل المتواصل بالنعاس والدوار الذي يخل بالخفة، ويُمنع نهائياً ترك الدواء المفاجئ لتفادي التشنجات الارتدادية أو الهبوط المفاجئ للمرضى."
365,"Olanzapine 5mg Tablets","أولانزابين أقراص 5 مجم",Neurological,"تُستخدم أولانزابين أقراص 5 مجم كأدوية عصبية محورية وضرورية للغاية؛ لتنظيم التوازن اللحظي لكهرباء المخ ومهدئ نشط جداً لإشارات الألم العصبي. ناجزة لمرضى الصرع والاختلاجات السريعة وللتحكم بتهيج الخلايا العصبية الناتج عن الاكتئابات والقلق المفرط.","استقرار حيوي مقابل الشعور المحتمل المتواصل بالنعاس والدوار الذي يخل بالخفة، ويُمنع نهائياً ترك الدواء المفاجئ لتفادي التشنجات الارتدادية أو الهبوط المفاجئ للمرضى."
366,"Clozaril 100mg Tablets","كلوزاريل أقراص 100 مجم",Neurological,"تُستخدم كلوزاريل أقراص 100 مجم كأدوية عصبية محورية وضرورية للغاية؛ لتنظيم التوازن اللحظي لكهرباء المخ ومهدئ نشط جداً لإشارات الألم العصبي. ناجزة لمرضى الصرع والاختلاجات السريعة وللتحكم بتهيج الخلايا العصبية الناتج عن الاكتئابات والقلق المفرط.","استقرار حيوي مقابل الشعور المحتمل المتواصل بالنعاس والدوار الذي يخل بالخفة، ويُمنع نهائياً ترك الدواء المفاجئ لتفادي التشنجات الارتدادية أو الهبوط المفاجئ للمرضى."
367,"Prozac 20mg Capsules","بروزاك كبسولات 20 مجم",Neurological,"تُستخدم بروزاك كبسولات 20 مجم كأدوية عصبية محورية وضرورية للغاية؛ لتنظيم التوازن اللحظي لكهرباء المخ ومهدئ نشط جداً لإشارات الألم العصبي. ناجزة لمرضى الصرع والاختلاجات السريعة وللتحكم بتهيج الخلايا العصبية الناتج عن الاكتئابات والقلق المفرط.","استقرار حيوي مقابل الشعور المحتمل المتواصل بالنعاس والدوار الذي يخل بالخفة، ويُمنع نهائياً ترك الدواء المفاجئ لتفادي التشنجات الارتدادية أو الهبوط المفاجئ للمرضى."
368,"Zoloft 50mg Tablets","زولوفت أقراص 50 مجم",Neurological,"تُستخدم زولوفت أقراص 50 مجم كأدوية عصبية محورية وضرورية للغاية؛ لتنظيم التوازن اللحظي لكهرباء المخ ومهدئ نشط جداً لإشارات الألم العصبي. ناجزة لمرضى الصرع والاختلاجات السريعة وللتحكم بتهيج الخلايا العصبية الناتج عن الاكتئابات والقلق المفرط.","استقرار حيوي مقابل الشعور المحتمل المتواصل بالنعاس والدوار الذي يخل بالخفة، ويُمنع نهائياً ترك الدواء المفاجئ لتفادي التشنجات الارتدادية أو الهبوط المفاجئ للمرضى."
369,"Cipralex 10mg Tablets","سيبراليكس أقراص 10 مجم",Neurological,"تُستخدم سيبراليكس أقراص 10 مجم كأدوية عصبية محورية وضرورية للغاية؛ لتنظيم التوازن اللحظي لكهرباء المخ ومهدئ نشط جداً لإشارات الألم العصبي. ناجزة لمرضى الصرع والاختلاجات السريعة وللتحكم بتهيج الخلايا العصبية الناتج عن الاكتئابات والقلق المفرط.","استقرار حيوي مقابل الشعور المحتمل المتواصل بالنعاس والدوار الذي يخل بالخفة، ويُمنع نهائياً ترك الدواء المفاجئ لتفادي التشنجات الارتدادية أو الهبوط المفاجئ للمرضى."
370,"Cymbalta 60mg Capsules","سيمبالتا كبسولات 60 مجم",Neurological,"تُستخدم سيمبالتا كبسولات 60 مجم كأدوية عصبية محورية وضرورية للغاية؛ لتنظيم التوازن اللحظي لكهرباء المخ ومهدئ نشط جداً لإشارات الألم العصبي. ناجزة لمرضى الصرع والاختلاجات السريعة وللتحكم بتهيج الخلايا العصبية الناتج عن الاكتئابات والقلق المفرط.","استقرار حيوي مقابل الشعور المحتمل المتواصل بالنعاس والدوار الذي يخل بالخفة، ويُمنع نهائياً ترك الدواء المفاجئ لتفادي التشنجات الارتدادية أو الهبوط المفاجئ للمرضى."
371,"Concerta 18mg Tablets","كونسيرتا أقراص 18 مجم",Neurological,"تُستخدم كونسيرتا أقراص 18 مجم كأدوية عصبية محورية وضرورية للغاية؛ لتنظيم التوازن اللحظي لكهرباء المخ ومهدئ نشط جداً لإشارات الألم العصبي. ناجزة لمرضى الصرع والاختلاجات السريعة وللتحكم بتهيج الخلايا العصبية الناتج عن الاكتئابات والقلق المفرط.","استقرار حيوي مقابل الشعور المحتمل المتواصل بالنعاس والدوار الذي يخل بالخفة، ويُمنع نهائياً ترك الدواء المفاجئ لتفادي التشنجات الارتدادية أو الهبوط المفاجئ للمرضى."
372,"Ritalin 10mg Tablets","ريتالين أقراص 10 مجم",Neurological,"تُستخدم ريتالين أقراص 10 مجم كأدوية عصبية محورية وضرورية للغاية؛ لتنظيم التوازن اللحظي لكهرباء المخ ومهدئ نشط جداً لإشارات الألم العصبي. ناجزة لمرضى الصرع والاختلاجات السريعة وللتحكم بتهيج الخلايا العصبية الناتج عن الاكتئابات والقلق المفرط.","استقرار حيوي مقابل الشعور المحتمل المتواصل بالنعاس والدوار الذي يخل بالخفة، ويُمنع نهائياً ترك الدواء المفاجئ لتفادي التشنجات الارتدادية أو الهبوط المفاجئ للمرضى."
373,"Aricept 10mg Tablets","أريسبت أقراص 10 مجم",Neurological,"تُستخدم أريسبت أقراص 10 مجم كأدوية عصبية محورية وضرورية للغاية؛ لتنظيم التوازن اللحظي لكهرباء المخ ومهدئ نشط جداً لإشارات الألم العصبي. ناجزة لمرضى الصرع والاختلاجات السريعة وللتحكم بتهيج الخلايا العصبية الناتج عن الاكتئابات والقلق المفرط.","استقرار حيوي مقابل الشعور المحتمل المتواصل بالنعاس والدوار الذي يخل بالخفة، ويُمنع نهائياً ترك الدواء المفاجئ لتفادي التشنجات الارتدادية أو الهبوط المفاجئ للمرضى."
374,"Reminyl 8mg Capsules","ريمينيل كبسولات 8 مجم",Neurological,"تُستخدم ريمينيل كبسولات 8 مجم كأدوية عصبية محورية وضرورية للغاية؛ لتنظيم التوازن اللحظي لكهرباء المخ ومهدئ نشط جداً لإشارات الألم العصبي. ناجزة لمرضى الصرع والاختلاجات السريعة وللتحكم بتهيج الخلايا العصبية الناتج عن الاكتئابات والقلق المفرط.","استقرار حيوي مقابل الشعور المحتمل المتواصل بالنعاس والدوار الذي يخل بالخفة، ويُمنع نهائياً ترك الدواء المفاجئ لتفادي التشنجات الارتدادية أو الهبوط المفاجئ للمرضى."
375,"Euthyrox 100mcg Tablets","يوثيروكس أقراص 100 مكجم",Thyroid,"تُستخدم يوثيروكس أقراص 100 مكجم كدواء علاجي متخصص يوصف من قِبل الطبيب المختص بناء على الحالة المرضية السريرية للوصول للمعدل المطلوب للشفاء واستقرار العلامات الحيوية للجسم.","متفاوتة من مريض لآخر حيث يستجيب الجسم للمادة الفعالة إما بانسجام وتسكين للآلام أو بظهور أعراض كالإرهاق العام أو الإضطرابات الهضمية العابرة."
376,"Euthyrox 50mcg Tablets","يوثيروكس أقراص 50 مكجم",Thyroid,"تُستخدم يوثيروكس أقراص 50 مكجم كدواء علاجي متخصص يوصف من قِبل الطبيب المختص بناء على الحالة المرضية السريرية للوصول للمعدل المطلوب للشفاء واستقرار العلامات الحيوية للجسم.","متفاوتة من مريض لآخر حيث يستجيب الجسم للمادة الفعالة إما بانسجام وتسكين للآلام أو بظهور أعراض كالإرهاق العام أو الإضطرابات الهضمية العابرة."
377,"Thyroxine 25mcg Tablets","ثيروكسين أقراص 25 مكجم",Thyroid,"تُستخدم ثيروكسين أقراص 25 مكجم كدواء علاجي متخصص يوصف من قِبل الطبيب المختص بناء على الحالة المرضية السريرية للوصول للمعدل المطلوب للشفاء واستقرار العلامات الحيوية للجسم.","متفاوتة من مريض لآخر حيث يستجيب الجسم للمادة الفعالة إما بانسجام وتسكين للآلام أو بظهور أعراض كالإرهاق العام أو الإضطرابات الهضمية العابرة."
378,"Neo-Mercazole 5mg Tablets","نيو-ميركازول أقراص 5 مجم",Thyroid,"تُستخدم نيو-ميركازول أقراص 5 مجم كدواء علاجي متخصص يوصف من قِبل الطبيب المختص بناء على الحالة المرضية السريرية للوصول للمعدل المطلوب للشفاء واستقرار العلامات الحيوية للجسم.","متفاوتة من مريض لآخر حيث يستجيب الجسم للمادة الفعالة إما بانسجام وتسكين للآلام أو بظهور أعراض كالإرهاق العام أو الإضطرابات الهضمية العابرة."
379,"Propyl Tablets","بروبيل أقراص",Thyroid,"تُستخدم بروبيل أقراص كدواء علاجي متخصص يوصف من قِبل الطبيب المختص بناء على الحالة المرضية السريرية للوصول للمعدل المطلوب للشفاء واستقرار العلامات الحيوية للجسم.","متفاوتة من مريض لآخر حيث يستجيب الجسم للمادة الفعالة إما بانسجام وتسكين للآلام أو بظهور أعراض كالإرهاق العام أو الإضطرابات الهضمية العابرة."
380,"Proscar 5mg Tablets","بروسكار أقراص 5 مجم",Urology,"تُستخدم بروسكار أقراص 5 مجم كدواء علاجي متخصص يوصف من قِبل الطبيب المختص بناء على الحالة المرضية السريرية للوصول للمعدل المطلوب للشفاء واستقرار العلامات الحيوية للجسم.","متفاوتة من مريض لآخر حيث يستجيب الجسم للمادة الفعالة إما بانسجام وتسكين للآلام أو بظهور أعراض كالإرهاق العام أو الإضطرابات الهضمية العابرة."
381,"Flomax 0.4mg Capsules","فلوماكس كبسولات 0.4 مجم",Urology,"تُستخدم فلوماكس كبسولات 0.4 مجم كدواء علاجي متخصص يوصف من قِبل الطبيب المختص بناء على الحالة المرضية السريرية للوصول للمعدل المطلوب للشفاء واستقرار العلامات الحيوية للجسم.","متفاوتة من مريض لآخر حيث يستجيب الجسم للمادة الفعالة إما بانسجام وتسكين للآلام أو بظهور أعراض كالإرهاق العام أو الإضطرابات الهضمية العابرة."
382,"Xatral 5mg Tablets","زاترال أقراص 5 مجم",Urology,"تُستخدم زاترال أقراص 5 مجم كدواء علاجي متخصص يوصف من قِبل الطبيب المختص بناء على الحالة المرضية السريرية للوصول للمعدل المطلوب للشفاء واستقرار العلامات الحيوية للجسم.","متفاوتة من مريض لآخر حيث يستجيب الجسم للمادة الفعالة إما بانسجام وتسكين للآلام أو بظهور أعراض كالإرهاق العام أو الإضطرابات الهضمية العابرة."
383,"Rowatinex Capsules","روواتينيكس كبسولات",Urology,"تُستخدم روواتينيكس كبسولات كدواء علاجي متخصص يوصف من قِبل الطبيب المختص بناء على الحالة المرضية السريرية للوصول للمعدل المطلوب للشفاء واستقرار العلامات الحيوية للجسم.","متفاوتة من مريض لآخر حيث يستجيب الجسم للمادة الفعالة إما بانسجام وتسكين للآلام أو بظهور أعراض كالإرهاق العام أو الإضطرابات الهضمية العابرة."
384,"Urimax 0.4mg Capsules","يوريماكس كبسولات 0.4 مجم",Urology,"تُستخدم يوريماكس كبسولات 0.4 مجم كدواء علاجي متخصص يوصف من قِبل الطبيب المختص بناء على الحالة المرضية السريرية للوصول للمعدل المطلوب للشفاء واستقرار العلامات الحيوية للجسم.","متفاوتة من مريض لآخر حيث يستجيب الجسم للمادة الفعالة إما بانسجام وتسكين للآلام أو بظهور أعراض كالإرهاق العام أو الإضطرابات الهضمية العابرة."
385,"Cystitis Tablets","سيستيتس أقراص",Urology,"تُستخدم سيستيتس أقراص كدواء علاجي متخصص يوصف من قِبل الطبيب المختص بناء على الحالة المرضية السريرية للوصول للمعدل المطلوب للشفاء واستقرار العلامات الحيوية للجسم.","متفاوتة من مريض لآخر حيث يستجيب الجسم للمادة الفعالة إما بانسجام وتسكين للآلام أو بظهور أعراض كالإرهاق العام أو الإضطرابات الهضمية العابرة."
386,"Ural Sachets","يورال أكياس",Urology,"تُستخدم يورال أكياس كدواء علاجي متخصص يوصف من قِبل الطبيب المختص بناء على الحالة المرضية السريرية للوصول للمعدل المطلوب للشفاء واستقرار العلامات الحيوية للجسم.","متفاوتة من مريض لآخر حيث يستجيب الجسم للمادة الفعالة إما بانسجام وتسكين للآلام أو بظهور أعراض كالإرهاق العام أو الإضطرابات الهضمية العابرة."
387,"Pyridium 100mg Tablets","بيريديوم أقراص 100 مجم",Urology,"تُستخدم بيريديوم أقراص 100 مجم كدواء علاجي متخصص يوصف من قِبل الطبيب المختص بناء على الحالة المرضية السريرية للوصول للمعدل المطلوب للشفاء واستقرار العلامات الحيوية للجسم.","متفاوتة من مريض لآخر حيث يستجيب الجسم للمادة الفعالة إما بانسجام وتسكين للآلام أو بظهور أعراض كالإرهاق العام أو الإضطرابات الهضمية العابرة."
388,"Retin-A 0.05% Cream","ريتن-أ كريم 0.05%",Dermatology,"تُستخدم ريتن-أ كريم 0.05% كدهان جلدي طبي قوي يحتوي على مركبات علاجية مكثفة تستخدم لعلاج الالتهابات الجلدية المريعة أو حب الشباب المستعصي والأكزيما، يخفف على الفور الاحمرار ويسرع التئام وتقشير نسيج الغشاء الخارجي لاستبداله بخلايا صحيحة قوية.","تحتاج لحذر، فالاستخدام العشوائي الدائم أو التعرض المباشر للشمس بعدها قد يُحدث ترققاً شديداً أو تمدداً في الجلد يتسبب في إحمرار وأوعية دموية مسلوخة وغير مقبولة أبداً."
389,"Isotretinoin 10mg Capsules","إيزوتريتينوين كبسولات 10 مجم",Dermatology,"تُستخدم إيزوتريتينوين كبسولات 10 مجم كدهان جلدي طبي قوي يحتوي على مركبات علاجية مكثفة تستخدم لعلاج الالتهابات الجلدية المريعة أو حب الشباب المستعصي والأكزيما، يخفف على الفور الاحمرار ويسرع التئام وتقشير نسيج الغشاء الخارجي لاستبداله بخلايا صحيحة قوية.","تحتاج لحذر، فالاستخدام العشوائي الدائم أو التعرض المباشر للشمس بعدها قد يُحدث ترققاً شديداً أو تمدداً في الجلد يتسبب في إحمرار وأوعية دموية مسلوخة وغير مقبولة أبداً."
390,"Isotretinoin 20mg Capsules","إيزوتريتينوين كبسولات 20 مجم",Dermatology,"تُستخدم إيزوتريتينوين كبسولات 20 مجم كدهان جلدي طبي قوي يحتوي على مركبات علاجية مكثفة تستخدم لعلاج الالتهابات الجلدية المريعة أو حب الشباب المستعصي والأكزيما، يخفف على الفور الاحمرار ويسرع التئام وتقشير نسيج الغشاء الخارجي لاستبداله بخلايا صحيحة قوية.","تحتاج لحذر، فالاستخدام العشوائي الدائم أو التعرض المباشر للشمس بعدها قد يُحدث ترققاً شديداً أو تمدداً في الجلد يتسبب في إحمرار وأوعية دموية مسلوخة وغير مقبولة أبداً."
391,"Skinoren Cream","سكينورين كريم",Dermatology,"تُستخدم سكينورين كريم كدهان جلدي طبي قوي يحتوي على مركبات علاجية مكثفة تستخدم لعلاج الالتهابات الجلدية المريعة أو حب الشباب المستعصي والأكزيما، يخفف على الفور الاحمرار ويسرع التئام وتقشير نسيج الغشاء الخارجي لاستبداله بخلايا صحيحة قوية.","تحتاج لحذر، فالاستخدام العشوائي الدائم أو التعرض المباشر للشمس بعدها قد يُحدث ترققاً شديداً أو تمدداً في الجلد يتسبب في إحمرار وأوعية دموية مسلوخة وغير مقبولة أبداً."
392,"Eluting Cream","إيلوتينج كريم",Dermatology,"تُستخدم إيلوتينج كريم كدهان جلدي طبي قوي يحتوي على مركبات علاجية مكثفة تستخدم لعلاج الالتهابات الجلدية المريعة أو حب الشباب المستعصي والأكزيما، يخفف على الفور الاحمرار ويسرع التئام وتقشير نسيج الغشاء الخارجي لاستبداله بخلايا صحيحة قوية.","تحتاج لحذر، فالاستخدام العشوائي الدائم أو التعرض المباشر للشمس بعدها قد يُحدث ترققاً شديداً أو تمدداً في الجلد يتسبب في إحمرار وأوعية دموية مسلوخة وغير مقبولة أبداً."
393,"Clindamycin Gel","كليندامايسين جل",Dermatology,"تُستخدم كليندامايسين جل للقضاء القوي على البكتيريا اللاهوائية وعلاج عدوى العظام والمفاصل، وخراجات الأسنان العميقة، والعدوى الجلدية البكتيرية المقاومة.","قد تؤدي الجرعات العالية للإصابة بإسهال شديد ومستمر مما يستدعي التوقف ومراجعة الطبيب، وأحياناً اضطرابات في القولون."
394,"Erythromycin 2% Gel","إيريثروميسين 2% جل",Dermatology,"تُستخدم إيريثروميسين 2% جل كدهان جلدي طبي قوي يحتوي على مركبات علاجية مكثفة تستخدم لعلاج الالتهابات الجلدية المريعة أو حب الشباب المستعصي والأكزيما، يخفف على الفور الاحمرار ويسرع التئام وتقشير نسيج الغشاء الخارجي لاستبداله بخلايا صحيحة قوية.","تحتاج لحذر، فالاستخدام العشوائي الدائم أو التعرض المباشر للشمس بعدها قد يُحدث ترققاً شديداً أو تمدداً في الجلد يتسبب في إحمرار وأوعية دموية مسلوخة وغير مقبولة أبداً."
395,"Metronidazole 0.75% Gel","ميترونيدازول 0.75% جل",Dermatology,"تُستخدم ميترونيدازول 0.75% جل كدهان جلدي طبي قوي يحتوي على مركبات علاجية مكثفة تستخدم لعلاج الالتهابات الجلدية المريعة أو حب الشباب المستعصي والأكزيما، يخفف على الفور الاحمرار ويسرع التئام وتقشير نسيج الغشاء الخارجي لاستبداله بخلايا صحيحة قوية.","تحتاج لحذر، فالاستخدام العشوائي الدائم أو التعرض المباشر للشمس بعدها قد يُحدث ترققاً شديداً أو تمدداً في الجلد يتسبب في إحمرار وأوعية دموية مسلوخة وغير مقبولة أبداً."
396,"Elidel Cream","إيليديل كريم",Dermatology,"تُستخدم إيليديل كريم كدهان جلدي طبي قوي يحتوي على مركبات علاجية مكثفة تستخدم لعلاج الالتهابات الجلدية المريعة أو حب الشباب المستعصي والأكزيما، يخفف على الفور الاحمرار ويسرع التئام وتقشير نسيج الغشاء الخارجي لاستبداله بخلايا صحيحة قوية.","تحتاج لحذر، فالاستخدام العشوائي الدائم أو التعرض المباشر للشمس بعدها قد يُحدث ترققاً شديداً أو تمدداً في الجلد يتسبب في إحمرار وأوعية دموية مسلوخة وغير مقبولة أبداً."
397,"Protopic Ointment","بروتوبيك مرهم",Dermatology,"تُستخدم بروتوبيك مرهم كدهان جلدي طبي قوي يحتوي على مركبات علاجية مكثفة تستخدم لعلاج الالتهابات الجلدية المريعة أو حب الشباب المستعصي والأكزيما، يخفف على الفور الاحمرار ويسرع التئام وتقشير نسيج الغشاء الخارجي لاستبداله بخلايا صحيحة قوية.","تحتاج لحذر، فالاستخدام العشوائي الدائم أو التعرض المباشر للشمس بعدها قد يُحدث ترققاً شديداً أو تمدداً في الجلد يتسبب في إحمرار وأوعية دموية مسلوخة وغير مقبولة أبداً."
398,"Calmurid Cream","كالميوريد كريم",Dermatology,"تُستخدم كالميوريد كريم كدهان جلدي طبي قوي يحتوي على مركبات علاجية مكثفة تستخدم لعلاج الالتهابات الجلدية المريعة أو حب الشباب المستعصي والأكزيما، يخفف على الفور الاحمرار ويسرع التئام وتقشير نسيج الغشاء الخارجي لاستبداله بخلايا صحيحة قوية.","تحتاج لحذر، فالاستخدام العشوائي الدائم أو التعرض المباشر للشمس بعدها قد يُحدث ترققاً شديداً أو تمدداً في الجلد يتسبب في إحمرار وأوعية دموية مسلوخة وغير مقبولة أبداً."
399,"Urea 10% Cream","يوريا 10% كريم",Dermatology,"تُستخدم يوريا 10% كريم كدهان جلدي طبي قوي يحتوي على مركبات علاجية مكثفة تستخدم لعلاج الالتهابات الجلدية المريعة أو حب الشباب المستعصي والأكزيما، يخفف على الفور الاحمرار ويسرع التئام وتقشير نسيج الغشاء الخارجي لاستبداله بخلايا صحيحة قوية.","تحتاج لحذر، فالاستخدام العشوائي الدائم أو التعرض المباشر للشمس بعدها قد يُحدث ترققاً شديداً أو تمدداً في الجلد يتسبب في إحمرار وأوعية دموية مسلوخة وغير مقبولة أبداً."
400,"Salicylic Acid Gel","حمض الساليسيليك جل",Dermatology,"تُستخدم حمض الساليسيليك جل كدهان جلدي طبي قوي يحتوي على مركبات علاجية مكثفة تستخدم لعلاج الالتهابات الجلدية المريعة أو حب الشباب المستعصي والأكزيما، يخفف على الفور الاحمرار ويسرع التئام وتقشير نسيج الغشاء الخارجي لاستبداله بخلايا صحيحة قوية.","تحتاج لحذر، فالاستخدام العشوائي الدائم أو التعرض المباشر للشمس بعدها قد يُحدث ترققاً شديداً أو تمدداً في الجلد يتسبب في إحمرار وأوعية دموية مسلوخة وغير مقبولة أبداً."
401,"Selenium Sulfide Shampoo","سيلينيوم سلفيد شامبو",Dermatology,"تُستخدم سيلينيوم سلفيد شامبو كدهان جلدي طبي قوي يحتوي على مركبات علاجية مكثفة تستخدم لعلاج الالتهابات الجلدية المريعة أو حب الشباب المستعصي والأكزيما، يخفف على الفور الاحمرار ويسرع التئام وتقشير نسيج الغشاء الخارجي لاستبداله بخلايا صحيحة قوية.","تحتاج لحذر، فالاستخدام العشوائي الدائم أو التعرض المباشر للشمس بعدها قد يُحدث ترققاً شديداً أو تمدداً في الجلد يتسبب في إحمرار وأوعية دموية مسلوخة وغير مقبولة أبداً."
402,"Lamisil Cream","لاميزيل كريم",Dermatology,"تُستخدم لاميزيل كريم كمضاد فطري موضعي فعّال جداً (أو فموي للحالات المقاومة) مصمم لاستهداف والقضاء الجذري على الفطريات الجلدية الصعبة بكافة المسببات كأكزيما الفطريات، الثعلبة وتينيا القدم العنيدة والعدوى المهبلية والتخلص من روائح الفطريات المزعجة.","استجابته الجلدية آمنة في المجمل، لكن قد يحدث تهيج موضعي طفيف للمرهم أو حساسية وحكة مستمرة نتيجة ارتكاس الجلد للمادة الفعالة المُركّزة."
403,"Lamisil 250mg Tablets","لاميزيل أقراص 250 مجم",Dermatology,"تُستخدم لاميزيل أقراص 250 مجم كمضاد فطري موضعي فعّال جداً (أو فموي للحالات المقاومة) مصمم لاستهداف والقضاء الجذري على الفطريات الجلدية الصعبة بكافة المسببات كأكزيما الفطريات، الثعلبة وتينيا القدم العنيدة والعدوى المهبلية والتخلص من روائح الفطريات المزعجة.","استجابته الجلدية آمنة في المجمل، لكن قد يحدث تهيج موضعي طفيف للمرهم أو حساسية وحكة مستمرة نتيجة ارتكاس الجلد للمادة الفعالة المُركّزة."
404,"Itch Cream","إيتش كريم",Dermatology,"تُستخدم إيتش كريم كدهان جلدي طبي قوي يحتوي على مركبات علاجية مكثفة تستخدم لعلاج الالتهابات الجلدية المريعة أو حب الشباب المستعصي والأكزيما، يخفف على الفور الاحمرار ويسرع التئام وتقشير نسيج الغشاء الخارجي لاستبداله بخلايا صحيحة قوية.","تحتاج لحذر، فالاستخدام العشوائي الدائم أو التعرض المباشر للشمس بعدها قد يُحدث ترققاً شديداً أو تمدداً في الجلد يتسبب في إحمرار وأوعية دموية مسلوخة وغير مقبولة أبداً."
405,"Calamine Lotion","كالامين لوشن",Dermatology,"تُستخدم كالامين لوشن كدهان جلدي طبي قوي يحتوي على مركبات علاجية مكثفة تستخدم لعلاج الالتهابات الجلدية المريعة أو حب الشباب المستعصي والأكزيما، يخفف على الفور الاحمرار ويسرع التئام وتقشير نسيج الغشاء الخارجي لاستبداله بخلايا صحيحة قوية.","تحتاج لحذر، فالاستخدام العشوائي الدائم أو التعرض المباشر للشمس بعدها قد يُحدث ترققاً شديداً أو تمدداً في الجلد يتسبب في إحمرار وأوعية دموية مسلوخة وغير مقبولة أبداً."
406,"Eurax Cream","إيوراكس كريم",Dermatology,"تُستخدم إيوراكس كريم كدهان جلدي طبي قوي يحتوي على مركبات علاجية مكثفة تستخدم لعلاج الالتهابات الجلدية المريعة أو حب الشباب المستعصي والأكزيما، يخفف على الفور الاحمرار ويسرع التئام وتقشير نسيج الغشاء الخارجي لاستبداله بخلايا صحيحة قوية.","تحتاج لحذر، فالاستخدام العشوائي الدائم أو التعرض المباشر للشمس بعدها قد يُحدث ترققاً شديداً أو تمدداً في الجلد يتسبب في إحمرار وأوعية دموية مسلوخة وغير مقبولة أبداً."
407,"Benzyl Benzoate Lotion","بنزيل بنزويت لوشن",Dermatology,"تُستخدم بنزيل بنزويت لوشن كدهان جلدي طبي قوي يحتوي على مركبات علاجية مكثفة تستخدم لعلاج الالتهابات الجلدية المريعة أو حب الشباب المستعصي والأكزيما، يخفف على الفور الاحمرار ويسرع التئام وتقشير نسيج الغشاء الخارجي لاستبداله بخلايا صحيحة قوية.","تحتاج لحذر، فالاستخدام العشوائي الدائم أو التعرض المباشر للشمس بعدها قد يُحدث ترققاً شديداً أو تمدداً في الجلد يتسبب في إحمرار وأوعية دموية مسلوخة وغير مقبولة أبداً."
408,"Duphaston 10mg Tablets","دوفاستون أقراص 10 مجم","Women's Health","تُستخدم دوفاستون أقراص 10 مجم كدواء علاجي متخصص يوصف من قِبل الطبيب المختص بناء على الحالة المرضية السريرية للوصول للمعدل المطلوب للشفاء واستقرار العلامات الحيوية للجسم.","متفاوتة من مريض لآخر حيث يستجيب الجسم للمادة الفعالة إما بانسجام وتسكين للآلام أو بظهور أعراض كالإرهاق العام أو الإضطرابات الهضمية العابرة."
409,"Utrogestan 200mg Capsules","يوتروجستان كبسولات 200 مجم","Women's Health","تُستخدم يوتروجستان كبسولات 200 مجم كدواء علاجي متخصص يوصف من قِبل الطبيب المختص بناء على الحالة المرضية السريرية للوصول للمعدل المطلوب للشفاء واستقرار العلامات الحيوية للجسم.","متفاوتة من مريض لآخر حيث يستجيب الجسم للمادة الفعالة إما بانسجام وتسكين للآلام أو بظهور أعراض كالإرهاق العام أو الإضطرابات الهضمية العابرة."
410,"Primolut N Tablets","بريمولوت ن أقراص","Women's Health","تُستخدم بريمولوت ن أقراص كدواء علاجي متخصص يوصف من قِبل الطبيب المختص بناء على الحالة المرضية السريرية للوصول للمعدل المطلوب للشفاء واستقرار العلامات الحيوية للجسم.","متفاوتة من مريض لآخر حيث يستجيب الجسم للمادة الفعالة إما بانسجام وتسكين للآلام أو بظهور أعراض كالإرهاق العام أو الإضطرابات الهضمية العابرة."
411,"Progynova 2mg Tablets","بروجينوفا أقراص 2 مجم","Women's Health","تُستخدم بروجينوفا أقراص 2 مجم كدواء علاجي متخصص يوصف من قِبل الطبيب المختص بناء على الحالة المرضية السريرية للوصول للمعدل المطلوب للشفاء واستقرار العلامات الحيوية للجسم.","متفاوتة من مريض لآخر حيث يستجيب الجسم للمادة الفعالة إما بانسجام وتسكين للآلام أو بظهور أعراض كالإرهاق العام أو الإضطرابات الهضمية العابرة."
412,"Yasmin Tablets","ياسمين أقراص","Women's Health","تُستخدم ياسمين أقراص كدواء علاجي متخصص يوصف من قِبل الطبيب المختص بناء على الحالة المرضية السريرية للوصول للمعدل المطلوب للشفاء واستقرار العلامات الحيوية للجسم.","متفاوتة من مريض لآخر حيث يستجيب الجسم للمادة الفعالة إما بانسجام وتسكين للآلام أو بظهور أعراض كالإرهاق العام أو الإضطرابات الهضمية العابرة."
413,"Mercilon Tablets","ميرسيلون أقراص","Women's Health","تُستخدم ميرسيلون أقراص كدواء علاجي متخصص يوصف من قِبل الطبيب المختص بناء على الحالة المرضية السريرية للوصول للمعدل المطلوب للشفاء واستقرار العلامات الحيوية للجسم.","متفاوتة من مريض لآخر حيث يستجيب الجسم للمادة الفعالة إما بانسجام وتسكين للآلام أو بظهور أعراض كالإرهاق العام أو الإضطرابات الهضمية العابرة."
414,"Diane 35 Tablets","ديان 35 أقراص","Women's Health","تُستخدم ديان 35 أقراص كدواء علاجي متخصص يوصف من قِبل الطبيب المختص بناء على الحالة المرضية السريرية للوصول للمعدل المطلوب للشفاء واستقرار العلامات الحيوية للجسم.","متفاوتة من مريض لآخر حيث يستجيب الجسم للمادة الفعالة إما بانسجام وتسكين للآلام أو بظهور أعراض كالإرهاق العام أو الإضطرابات الهضمية العابرة."
415,"Clomid 50mg Tablets","كلوميد أقراص 50 مجم","Women's Health","تُستخدم كلوميد أقراص 50 مجم كدواء علاجي متخصص يوصف من قِبل الطبيب المختص بناء على الحالة المرضية السريرية للوصول للمعدل المطلوب للشفاء واستقرار العلامات الحيوية للجسم.","متفاوتة من مريض لآخر حيث يستجيب الجسم للمادة الفعالة إما بانسجام وتسكين للآلام أو بظهور أعراض كالإرهاق العام أو الإضطرابات الهضمية العابرة."
416,"Dostinex 0.5mg Tablets","دوستينيكس أقراص 0.5 مجم","Women's Health","تُستخدم دوستينيكس أقراص 0.5 مجم كدواء علاجي متخصص يوصف من قِبل الطبيب المختص بناء على الحالة المرضية السريرية للوصول للمعدل المطلوب للشفاء واستقرار العلامات الحيوية للجسم.","متفاوتة من مريض لآخر حيث يستجيب الجسم للمادة الفعالة إما بانسجام وتسكين للآلام أو بظهور أعراض كالإرهاق العام أو الإضطرابات الهضمية العابرة."
417,"Femoston Tablets","فيموستون أقراص","Women's Health","تُستخدم فيموستون أقراص كدواء علاجي متخصص يوصف من قِبل الطبيب المختص بناء على الحالة المرضية السريرية للوصول للمعدل المطلوب للشفاء واستقرار العلامات الحيوية للجسم.","متفاوتة من مريض لآخر حيث يستجيب الجسم للمادة الفعالة إما بانسجام وتسكين للآلام أو بظهور أعراض كالإرهاق العام أو الإضطرابات الهضمية العابرة."
418,"Feldene 20mg Capsules","فيلدين كبسولات 20 مجم",Painkillers,"تُستخدم فيلدين كبسولات 20 مجم كمسكن قوي وفعال لآلام الهيكل العظمي والمفاصل، وخافض سريع لحرارة الجسم المرتفعة (الحمى). يُستخدم بكفاءة لعلاج الصداع أو الصداع النصفي، آلام الدورة الشهرية لدى النساء، والتهابات الحلق المرافقة لنزلات البرد وتخفيف آلام الأسنان.","يعتبر آمناً جداً عند الاستخدام المعتدل، ولكن الجرعات الزائدة المتكررة قد تسبب إجهاداً شديداً لوظائف الكبد، وفي حالات نادرة قد يحدث طفح جلدي طفيف."
419,"Naprelan 500mg Tablets","نابريلان أقراص 500 مجم",Painkillers,"تُستخدم نابريلان أقراص 500 مجم كمسكن قوي وفعال لآلام الهيكل العظمي والمفاصل، وخافض سريع لحرارة الجسم المرتفعة (الحمى). يُستخدم بكفاءة لعلاج الصداع أو الصداع النصفي، آلام الدورة الشهرية لدى النساء، والتهابات الحلق المرافقة لنزلات البرد وتخفيف آلام الأسنان.","يعتبر آمناً جداً عند الاستخدام المعتدل، ولكن الجرعات الزائدة المتكررة قد تسبب إجهاداً شديداً لوظائف الكبد، وفي حالات نادرة قد يحدث طفح جلدي طفيف."
420,"Profenid 100mg Suppositories","بروفينيد لبوس 100 مجم",Painkillers,"تُستخدم بروفينيد لبوس 100 مجم كمسكن قوي وفعال لآلام الهيكل العظمي والمفاصل، وخافض سريع لحرارة الجسم المرتفعة (الحمى). يُستخدم بكفاءة لعلاج الصداع أو الصداع النصفي، آلام الدورة الشهرية لدى النساء، والتهابات الحلق المرافقة لنزلات البرد وتخفيف آلام الأسنان.","يعتبر آمناً جداً عند الاستخدام المعتدل، ولكن الجرعات الزائدة المتكررة قد تسبب إجهاداً شديداً لوظائف الكبد، وفي حالات نادرة قد يحدث طفح جلدي طفيف."
421,"Tramadol 50mg Capsules","ترامادول كبسولات 50 مجم",Painkillers,"تُستخدم ترامادول كبسولات 50 مجم كمسكن قوي وفعال لآلام الهيكل العظمي والمفاصل، وخافض سريع لحرارة الجسم المرتفعة (الحمى). يُستخدم بكفاءة لعلاج الصداع أو الصداع النصفي، آلام الدورة الشهرية لدى النساء، والتهابات الحلق المرافقة لنزلات البرد وتخفيف آلام الأسنان.","يعتبر آمناً جداً عند الاستخدام المعتدل، ولكن الجرعات الزائدة المتكررة قد تسبب إجهاداً شديداً لوظائف الكبد، وفي حالات نادرة قد يحدث طفح جلدي طفيف."
422,"Tramal 50mg Capsules","ترامال كبسولات 50 مجم",Painkillers,"تُستخدم ترامال كبسولات 50 مجم كمسكن قوي وفعال لآلام الهيكل العظمي والمفاصل، وخافض سريع لحرارة الجسم المرتفعة (الحمى). يُستخدم بكفاءة لعلاج الصداع أو الصداع النصفي، آلام الدورة الشهرية لدى النساء، والتهابات الحلق المرافقة لنزلات البرد وتخفيف آلام الأسنان.","يعتبر آمناً جداً عند الاستخدام المعتدل، ولكن الجرعات الزائدة المتكررة قد تسبب إجهاداً شديداً لوظائف الكبد، وفي حالات نادرة قد يحدث طفح جلدي طفيف."
423,"Tramal 100mg SR Tablets","ترامال SR أقراص 100 مجم",Painkillers,"تُستخدم ترامال SR أقراص 100 مجم كمسكن قوي وفعال لآلام الهيكل العظمي والمفاصل، وخافض سريع لحرارة الجسم المرتفعة (الحمى). يُستخدم بكفاءة لعلاج الصداع أو الصداع النصفي، آلام الدورة الشهرية لدى النساء، والتهابات الحلق المرافقة لنزلات البرد وتخفيف آلام الأسنان.","يعتبر آمناً جداً عند الاستخدام المعتدل، ولكن الجرعات الزائدة المتكررة قد تسبب إجهاداً شديداً لوظائف الكبد، وفي حالات نادرة قد يحدث طفح جلدي طفيف."
424,"Methocarbamol Tablets","ميثوكاربامول أقراص",Painkillers,"تُستخدم ميثوكاربامول أقراص كمسكن قوي وفعال لآلام الهيكل العظمي والمفاصل، وخافض سريع لحرارة الجسم المرتفعة (الحمى). يُستخدم بكفاءة لعلاج الصداع أو الصداع النصفي، آلام الدورة الشهرية لدى النساء، والتهابات الحلق المرافقة لنزلات البرد وتخفيف آلام الأسنان.","يعتبر آمناً جداً عند الاستخدام المعتدل، ولكن الجرعات الزائدة المتكررة قد تسبب إجهاداً شديداً لوظائف الكبد، وفي حالات نادرة قد يحدث طفح جلدي طفيف."
425,"Baclofen 10mg Tablets","باكلوفين أقراص 10 مجم",Painkillers,"تُستخدم باكلوفين أقراص 10 مجم كمسكن قوي وفعال لآلام الهيكل العظمي والمفاصل، وخافض سريع لحرارة الجسم المرتفعة (الحمى). يُستخدم بكفاءة لعلاج الصداع أو الصداع النصفي، آلام الدورة الشهرية لدى النساء، والتهابات الحلق المرافقة لنزلات البرد وتخفيف آلام الأسنان.","يعتبر آمناً جداً عند الاستخدام المعتدل، ولكن الجرعات الزائدة المتكررة قد تسبب إجهاداً شديداً لوظائف الكبد، وفي حالات نادرة قد يحدث طفح جلدي طفيف."
426,"Myogesic Tablets","ميوجيزيك أقراص",Painkillers,"تُستخدم ميوجيزيك أقراص كمسكن قوي وفعال لآلام الهيكل العظمي والمفاصل، وخافض سريع لحرارة الجسم المرتفعة (الحمى). يُستخدم بكفاءة لعلاج الصداع أو الصداع النصفي، آلام الدورة الشهرية لدى النساء، والتهابات الحلق المرافقة لنزلات البرد وتخفيف آلام الأسنان.","يعتبر آمناً جداً عند الاستخدام المعتدل، ولكن الجرعات الزائدة المتكررة قد تسبب إجهاداً شديداً لوظائف الكبد، وفي حالات نادرة قد يحدث طفح جلدي طفيف."
427,"Novalgin Tablets","نوفالجين أقراص",Painkillers,"تُستخدم نوفالجين أقراص كمسكن قوي وفعال لآلام الهيكل العظمي والمفاصل، وخافض سريع لحرارة الجسم المرتفعة (الحمى). يُستخدم بكفاءة لعلاج الصداع أو الصداع النصفي، آلام الدورة الشهرية لدى النساء، والتهابات الحلق المرافقة لنزلات البرد وتخفيف آلام الأسنان.","يعتبر آمناً جداً عند الاستخدام المعتدل، ولكن الجرعات الزائدة المتكررة قد تسبب إجهاداً شديداً لوظائف الكبد، وفي حالات نادرة قد يحدث طفح جلدي طفيف."
428,"Novalgin Ampoules","نوفالجين أمبولات",Painkillers,"تُستخدم نوفالجين أمبولات كمسكن قوي وفعال لآلام الهيكل العظمي والمفاصل، وخافض سريع لحرارة الجسم المرتفعة (الحمى). يُستخدم بكفاءة لعلاج الصداع أو الصداع النصفي، آلام الدورة الشهرية لدى النساء، والتهابات الحلق المرافقة لنزلات البرد وتخفيف آلام الأسنان.","يعتبر آمناً جداً عند الاستخدام المعتدل، ولكن الجرعات الزائدة المتكررة قد تسبب إجهاداً شديداً لوظائف الكبد، وفي حالات نادرة قد يحدث طفح جلدي طفيف."
429,"Methotrexate 2.5mg Tablets","ميثوتريكسيت أقراص 2.5 مجم",Rheumatology,"تُستخدم ميثوتريكسيت أقراص 2.5 مجم كدواء علاجي متخصص يوصف من قِبل الطبيب المختص بناء على الحالة المرضية السريرية للوصول للمعدل المطلوب للشفاء واستقرار العلامات الحيوية للجسم.","متفاوتة من مريض لآخر حيث يستجيب الجسم للمادة الفعالة إما بانسجام وتسكين للآلام أو بظهور أعراض كالإرهاق العام أو الإضطرابات الهضمية العابرة."
430,"Plaquenil 200mg Tablets","بلاكنيل أقراص 200 مجم",Rheumatology,"تُستخدم بلاكنيل أقراص 200 مجم كدواء علاجي متخصص يوصف من قِبل الطبيب المختص بناء على الحالة المرضية السريرية للوصول للمعدل المطلوب للشفاء واستقرار العلامات الحيوية للجسم.","متفاوتة من مريض لآخر حيث يستجيب الجسم للمادة الفعالة إما بانسجام وتسكين للآلام أو بظهور أعراض كالإرهاق العام أو الإضطرابات الهضمية العابرة."
431,"Humira 40mg Injection","هيوميرا حقن 40 مجم",Rheumatology,"تُستخدم هيوميرا حقن 40 مجم كدواء علاجي متخصص يوصف من قِبل الطبيب المختص بناء على الحالة المرضية السريرية للوصول للمعدل المطلوب للشفاء واستقرار العلامات الحيوية للجسم.","متفاوتة من مريض لآخر حيث يستجيب الجسم للمادة الفعالة إما بانسجام وتسكين للآلام أو بظهور أعراض كالإرهاق العام أو الإضطرابات الهضمية العابرة."
432,"Warfarin 5mg Tablets","وارفارين أقراص 5 مجم","Blood disorders","تُستخدم وارفارين أقراص 5 مجم كأدوية مساندة لأداء الدورة الدموية، تستخدم إما كمدرات للبول للتخلص من السوائل المتجمعة في الرئة والأطراف السفلية، أو كمميعات قوية للدم لمنع حدوث التجلطات المفاجئة في الأوردة والشرايين المغذية.","مدرات البول قد تسبب الإجهاد العضلي لخسارة الأملاح (كالبوتاسيوم)، ومميعات الدم قد تزيد من خطر وطول مدة النزيف من الجروح أو الكدمات البسيطة."
433,"Warfarin 1mg Tablets","وارفارين أقراص 1 مجم","Blood disorders","تُستخدم وارفارين أقراص 1 مجم كأدوية مساندة لأداء الدورة الدموية، تستخدم إما كمدرات للبول للتخلص من السوائل المتجمعة في الرئة والأطراف السفلية، أو كمميعات قوية للدم لمنع حدوث التجلطات المفاجئة في الأوردة والشرايين المغذية.","مدرات البول قد تسبب الإجهاد العضلي لخسارة الأملاح (كالبوتاسيوم)، ومميعات الدم قد تزيد من خطر وطول مدة النزيف من الجروح أو الكدمات البسيطة."
434,"Heparin 5000 IU Vials","هيبارين 5000 وحدة","Blood disorders","تُستخدم هيبارين 5000 وحدة كدواء علاجي متخصص يوصف من قِبل الطبيب المختص بناء على الحالة المرضية السريرية للوصول للمعدل المطلوب للشفاء واستقرار العلامات الحيوية للجسم.","متفاوتة من مريض لآخر حيث يستجيب الجسم للمادة الفعالة إما بانسجام وتسكين للآلام أو بظهور أعراض كالإرهاق العام أو الإضطرابات الهضمية العابرة."
435,"Clexane 40mg Injection","كليكسان حقن 40 مجم","Blood disorders","تُستخدم كليكسان حقن 40 مجم كأدوية مساندة لأداء الدورة الدموية، تستخدم إما كمدرات للبول للتخلص من السوائل المتجمعة في الرئة والأطراف السفلية، أو كمميعات قوية للدم لمنع حدوث التجلطات المفاجئة في الأوردة والشرايين المغذية.","مدرات البول قد تسبب الإجهاد العضلي لخسارة الأملاح (كالبوتاسيوم)، ومميعات الدم قد تزيد من خطر وطول مدة النزيف من الجروح أو الكدمات البسيطة."
436,"Clexane 60mg Injection","كليكسان حقن 60 مجم","Blood disorders","تُستخدم كليكسان حقن 60 مجم كأدوية مساندة لأداء الدورة الدموية، تستخدم إما كمدرات للبول للتخلص من السوائل المتجمعة في الرئة والأطراف السفلية، أو كمميعات قوية للدم لمنع حدوث التجلطات المفاجئة في الأوردة والشرايين المغذية.","مدرات البول قد تسبب الإجهاد العضلي لخسارة الأملاح (كالبوتاسيوم)، ومميعات الدم قد تزيد من خطر وطول مدة النزيف من الجروح أو الكدمات البسيطة."
437,"Erythropoietin 4000 IU","إريثروبويتين 4000 وحدة","Blood disorders","تُستخدم إريثروبويتين 4000 وحدة كدواء علاجي متخصص يوصف من قِبل الطبيب المختص بناء على الحالة المرضية السريرية للوصول للمعدل المطلوب للشفاء واستقرار العلامات الحيوية للجسم.","متفاوتة من مريض لآخر حيث يستجيب الجسم للمادة الفعالة إما بانسجام وتسكين للآلام أو بظهور أعراض كالإرهاق العام أو الإضطرابات الهضمية العابرة."
438,"G-CSF Injection","جي-سي-إس-إف حقن","Blood disorders","تُستخدم جي-سي-إس-إف حقن كدواء علاجي متخصص يوصف من قِبل الطبيب المختص بناء على الحالة المرضية السريرية للوصول للمعدل المطلوب للشفاء واستقرار العلامات الحيوية للجسم.","متفاوتة من مريض لآخر حيث يستجيب الجسم للمادة الفعالة إما بانسجام وتسكين للآلام أو بظهور أعراض كالإرهاق العام أو الإضطرابات الهضمية العابرة."
439,"Desmopressin Nasal Spray","دزموبريسين بخاخ أنف","Blood disorders","تُستخدم دزموبريسين بخاخ أنف كدواء علاجي متخصص يوصف من قِبل الطبيب المختص بناء على الحالة المرضية السريرية للوصول للمعدل المطلوب للشفاء واستقرار العلامات الحيوية للجسم.","متفاوتة من مريض لآخر حيث يستجيب الجسم للمادة الفعالة إما بانسجام وتسكين للآلام أو بظهور أعراض كالإرهاق العام أو الإضطرابات الهضمية العابرة."
440,"Digoxin 0.25mg Tablets","ديجوكسين أقراص 0.25 مجم","Blood pressure & Heart","تُستخدم ديجوكسين أقراص 0.25 مجم كحاصرات ذكية لمستقبلات بيتا، تعمل بشكل علمي لدعم عضلة القلب، وتقليل عبء الضربات المتسارعة المجهدة، بالإضافة لخفض ضغط الدم المرتفع والوقاية الفعالة من نوبات الذبحات الصدرية.","قد يشعر المريض بنوع من الدوار العابر المستمر وبطء ضربات القلب والشعور ببرودة واضحة في الأطراف، ولا يصلح لمرضى الربو الشديد."
441,"Diltiazem 60mg Tablets","دلتيازيم أقراص 60 مجم","Blood pressure & Heart","تُستخدم دلتيازيم أقراص 60 مجم كحاصرات ذكية لمستقبلات بيتا، تعمل بشكل علمي لدعم عضلة القلب، وتقليل عبء الضربات المتسارعة المجهدة، بالإضافة لخفض ضغط الدم المرتفع والوقاية الفعالة من نوبات الذبحات الصدرية.","قد يشعر المريض بنوع من الدوار العابر المستمر وبطء ضربات القلب والشعور ببرودة واضحة في الأطراف، ولا يصلح لمرضى الربو الشديد."
442,"Verapamil 80mg Tablets","فيراباميل أقراص 80 مجم","Blood pressure & Heart","تُستخدم فيراباميل أقراص 80 مجم كحاصرات ذكية لمستقبلات بيتا، تعمل بشكل علمي لدعم عضلة القلب، وتقليل عبء الضربات المتسارعة المجهدة، بالإضافة لخفض ضغط الدم المرتفع والوقاية الفعالة من نوبات الذبحات الصدرية.","قد يشعر المريض بنوع من الدوار العابر المستمر وبطء ضربات القلب والشعور ببرودة واضحة في الأطراف، ولا يصلح لمرضى الربو الشديد."
443,"Amlodipine 5mg Tablets","أملوديبين أقراص 5 مجم","Blood pressure & Heart","تُستخدم أملوديبين أقراص 5 مجم كعلاج مفصلي لمرضى الضغط المرتفع يعمل كمرخي للأوعية الدموية المتشنجة لتسمح بسهولة تدفق وسريان الدم للقلب وبقية أعضاء الجسم بانسيابية متزنة دون ضغوط.","قد يسبب الاستخدام الدائم تورماً واضحاً جداً في الكاحلين والقدمين واحتباساً للماء تحت الجلد، وصداع الرأس العابر مع احمرار وبريق الوجه."
444,"Nitrostat Sublingual","نيتروستات تحت اللسان","Blood pressure & Heart","تُستخدم نيتروستات تحت اللسان كحاصرات ذكية لمستقبلات بيتا، تعمل بشكل علمي لدعم عضلة القلب، وتقليل عبء الضربات المتسارعة المجهدة، بالإضافة لخفض ضغط الدم المرتفع والوقاية الفعالة من نوبات الذبحات الصدرية.","قد يشعر المريض بنوع من الدوار العابر المستمر وبطء ضربات القلب والشعور ببرودة واضحة في الأطراف، ولا يصلح لمرضى الربو الشديد."
445,"Essentiale Forte Capsules","إيسنشيال فورت كبسولات",Liver,"تُستخدم إيسنشيال فورت كبسولات كأدوية مساندة لأداء الدورة الدموية، تستخدم إما كمدرات للبول للتخلص من السوائل المتجمعة في الرئة والأطراف السفلية، أو كمميعات قوية للدم لمنع حدوث التجلطات المفاجئة في الأوردة والشرايين المغذية.","مدرات البول قد تسبب الإجهاد العضلي لخسارة الأملاح (كالبوتاسيوم)، ومميعات الدم قد تزيد من خطر وطول مدة النزيف من الجروح أو الكدمات البسيطة."
446,"Essentiale IV Ampoules","إيسنشيال حقن وريدية",Liver,"تُستخدم إيسنشيال حقن وريدية كأدوية مساندة لأداء الدورة الدموية، تستخدم إما كمدرات للبول للتخلص من السوائل المتجمعة في الرئة والأطراف السفلية، أو كمميعات قوية للدم لمنع حدوث التجلطات المفاجئة في الأوردة والشرايين المغذية.","مدرات البول قد تسبب الإجهاد العضلي لخسارة الأملاح (كالبوتاسيوم)، ومميعات الدم قد تزيد من خطر وطول مدة النزيف من الجروح أو الكدمات البسيطة."
447,"Sylimarin 140mg Capsules","سيليمارين كبسولات 140 مجم",Liver,"تُستخدم سيليمارين كبسولات 140 مجم كدواء علاجي متخصص يوصف من قِبل الطبيب المختص بناء على الحالة المرضية السريرية للوصول للمعدل المطلوب للشفاء واستقرار العلامات الحيوية للجسم.","متفاوتة من مريض لآخر حيث يستجيب الجسم للمادة الفعالة إما بانسجام وتسكين للآلام أو بظهور أعراض كالإرهاق العام أو الإضطرابات الهضمية العابرة."
448,"Livolin Forte Capsules","ليفولين فورت كبسولات",Liver,"تُستخدم ليفولين فورت كبسولات كدواء علاجي متخصص يوصف من قِبل الطبيب المختص بناء على الحالة المرضية السريرية للوصول للمعدل المطلوب للشفاء واستقرار العلامات الحيوية للجسم.","متفاوتة من مريض لآخر حيث يستجيب الجسم للمادة الفعالة إما بانسجام وتسكين للآلام أو بظهور أعراض كالإرهاق العام أو الإضطرابات الهضمية العابرة."
449,"Hepatocell Capsules","هيباتوسيل كبسولات",Liver,"تُستخدم هيباتوسيل كبسولات كدواء علاجي متخصص يوصف من قِبل الطبيب المختص بناء على الحالة المرضية السريرية للوصول للمعدل المطلوب للشفاء واستقرار العلامات الحيوية للجسم.","متفاوتة من مريض لآخر حيث يستجيب الجسم للمادة الفعالة إما بانسجام وتسكين للآلام أو بظهور أعراض كالإرهاق العام أو الإضطرابات الهضمية العابرة."
450,"Ursodiol 300mg Capsules","يورسوديول كبسولات 300 مجم",Liver,"تُستخدم يورسوديول كبسولات 300 مجم كدواء علاجي متخصص يوصف من قِبل الطبيب المختص بناء على الحالة المرضية السريرية للوصول للمعدل المطلوب للشفاء واستقرار العلامات الحيوية للجسم.","متفاوتة من مريض لآخر حيث يستجيب الجسم للمادة الفعالة إما بانسجام وتسكين للآلام أو بظهور أعراض كالإرهاق العام أو الإضطرابات الهضمية العابرة."
451,"Zadaxin Injection","زاداكسين حقن",Liver,"تُستخدم زاداكسين حقن كدواء علاجي متخصص يوصف من قِبل الطبيب المختص بناء على الحالة المرضية السريرية للوصول للمعدل المطلوب للشفاء واستقرار العلامات الحيوية للجسم.","متفاوتة من مريض لآخر حيث يستجيب الجسم للمادة الفعالة إما بانسجام وتسكين للآلام أو بظهور أعراض كالإرهاق العام أو الإضطرابات الهضمية العابرة."
452,"Interferon Alfa Injection","إنترفيرون ألفا حقن",Liver,"تُستخدم إنترفيرون ألفا حقن كدواء علاجي متخصص يوصف من قِبل الطبيب المختص بناء على الحالة المرضية السريرية للوصول للمعدل المطلوب للشفاء واستقرار العلامات الحيوية للجسم.","متفاوتة من مريض لآخر حيث يستجيب الجسم للمادة الفعالة إما بانسجام وتسكين للآلام أو بظهور أعراض كالإرهاق العام أو الإضطرابات الهضمية العابرة."
453,"Lamivudine 100mg Tablets","لاميفيودين أقراص 100 مجم",Liver,"تُستخدم لاميفيودين أقراص 100 مجم كدواء علاجي متخصص يوصف من قِبل الطبيب المختص بناء على الحالة المرضية السريرية للوصول للمعدل المطلوب للشفاء واستقرار العلامات الحيوية للجسم.","متفاوتة من مريض لآخر حيث يستجيب الجسم للمادة الفعالة إما بانسجام وتسكين للآلام أو بظهور أعراض كالإرهاق العام أو الإضطرابات الهضمية العابرة."
454,"Tenofovir 300mg Tablets","تينوفوفير أقراص 300 مجم",Liver,"تُستخدم تينوفوفير أقراص 300 مجم كدواء علاجي متخصص يوصف من قِبل الطبيب المختص بناء على الحالة المرضية السريرية للوصول للمعدل المطلوب للشفاء واستقرار العلامات الحيوية للجسم.","متفاوتة من مريض لآخر حيث يستجيب الجسم للمادة الفعالة إما بانسجام وتسكين للآلام أو بظهور أعراض كالإرهاق العام أو الإضطرابات الهضمية العابرة."
455,"Entecavir 0.5mg Tablets","إنتيكافير أقراص 0.5 مجم",Liver,"تُستخدم إنتيكافير أقراص 0.5 مجم كدواء علاجي متخصص يوصف من قِبل الطبيب المختص بناء على الحالة المرضية السريرية للوصول للمعدل المطلوب للشفاء واستقرار العلامات الحيوية للجسم.","متفاوتة من مريض لآخر حيث يستجيب الجسم للمادة الفعالة إما بانسجام وتسكين للآلام أو بظهور أعراض كالإرهاق العام أو الإضطرابات الهضمية العابرة."
456,"Ribavirin 200mg Capsules","ريبافيرين كبسولات 200 مجم",Liver,"تُستخدم ريبافيرين كبسولات 200 مجم كدواء علاجي متخصص يوصف من قِبل الطبيب المختص بناء على الحالة المرضية السريرية للوصول للمعدل المطلوب للشفاء واستقرار العلامات الحيوية للجسم.","متفاوتة من مريض لآخر حيث يستجيب الجسم للمادة الفعالة إما بانسجام وتسكين للآلام أو بظهور أعراض كالإرهاق العام أو الإضطرابات الهضمية العابرة."
457,"Spironolactone 25mg Tablets","سبيرونولاكتون أقراص 25 مجم",Liver,"تُستخدم سبيرونولاكتون أقراص 25 مجم كأدوية مساندة لأداء الدورة الدموية، تستخدم إما كمدرات للبول للتخلص من السوائل المتجمعة في الرئة والأطراف السفلية، أو كمميعات قوية للدم لمنع حدوث التجلطات المفاجئة في الأوردة والشرايين المغذية.","مدرات البول قد تسبب الإجهاد العضلي لخسارة الأملاح (كالبوتاسيوم)، ومميعات الدم قد تزيد من خطر وطول مدة النزيف من الجروح أو الكدمات البسيطة."
458,"Spironolactone 100mg Tablets","سبيرونولاكتون أقراص 100 مجم",Liver,"تُستخدم سبيرونولاكتون أقراص 100 مجم كأدوية مساندة لأداء الدورة الدموية، تستخدم إما كمدرات للبول للتخلص من السوائل المتجمعة في الرئة والأطراف السفلية، أو كمميعات قوية للدم لمنع حدوث التجلطات المفاجئة في الأوردة والشرايين المغذية.","مدرات البول قد تسبب الإجهاد العضلي لخسارة الأملاح (كالبوتاسيوم)، ومميعات الدم قد تزيد من خطر وطول مدة النزيف من الجروح أو الكدمات البسيطة."
459,"Rifaximin 550mg Tablets","ريفاكسيمين أقراص 550 مجم",Liver,"تُستخدم ريفاكسيمين أقراص 550 مجم كدواء علاجي متخصص يوصف من قِبل الطبيب المختص بناء على الحالة المرضية السريرية للوصول للمعدل المطلوب للشفاء واستقرار العلامات الحيوية للجسم.","متفاوتة من مريض لآخر حيث يستجيب الجسم للمادة الفعالة إما بانسجام وتسكين للآلام أو بظهور أعراض كالإرهاق العام أو الإضطرابات الهضمية العابرة."
460,"Neomycin Tablets","نيوميسين أقراص",Liver,"تُستخدم نيوميسين أقراص كدواء علاجي متخصص يوصف من قِبل الطبيب المختص بناء على الحالة المرضية السريرية للوصول للمعدل المطلوب للشفاء واستقرار العلامات الحيوية للجسم.","متفاوتة من مريض لآخر حيث يستجيب الجسم للمادة الفعالة إما بانسجام وتسكين للآلام أو بظهور أعراض كالإرهاق العام أو الإضطرابات الهضمية العابرة."
461,"Sevelamer 800mg Tablets","سيفيلامر أقراص 800 مجم",Kidney,"تُستخدم سيفيلامر أقراص 800 مجم كدواء علاجي متخصص يوصف من قِبل الطبيب المختص بناء على الحالة المرضية السريرية للوصول للمعدل المطلوب للشفاء واستقرار العلامات الحيوية للجسم.","متفاوتة من مريض لآخر حيث يستجيب الجسم للمادة الفعالة إما بانسجام وتسكين للآلام أو بظهور أعراض كالإرهاق العام أو الإضطرابات الهضمية العابرة."
462,"Calcium Carbonate 500mg Tablets","كربونات الكالسيوم أقراص 500 مجم",Kidney,"تُستخدم كربونات الكالسيوم أقراص 500 مجم كتركيبة طبية غذائية ممتازة ودقيقة لسد ثغرات ونقص التغذية اليومية، وتدعيم نشاط الجسم العضلي وتقوية جهاز المناعة. تستخدم بامتياز لفترات الإرهاق المستمر وفترات نقاهة ما بعد التعافي الشديد وللصحة العامة.","آمنة طالما أنها لا تتجاوز الحدود القصوى الموصوفة، وأي أعراض تقتصر عادة على غثيان خفيف أو إمساك معدي لتركيبات الحديد القوية."
463,"Kayexalate Powder","كاياكسيلات مسحوق",Kidney,"تُستخدم كاياكسيلات مسحوق كدواء علاجي متخصص يوصف من قِبل الطبيب المختص بناء على الحالة المرضية السريرية للوصول للمعدل المطلوب للشفاء واستقرار العلامات الحيوية للجسم.","متفاوتة من مريض لآخر حيث يستجيب الجسم للمادة الفعالة إما بانسجام وتسكين للآلام أو بظهور أعراض كالإرهاق العام أو الإضطرابات الهضمية العابرة."
464,"Darbepoetin Injection","داربيبويتين حقن",Kidney,"تُستخدم داربيبويتين حقن كدواء علاجي متخصص يوصف من قِبل الطبيب المختص بناء على الحالة المرضية السريرية للوصول للمعدل المطلوب للشفاء واستقرار العلامات الحيوية للجسم.","متفاوتة من مريض لآخر حيث يستجيب الجسم للمادة الفعالة إما بانسجام وتسكين للآلام أو بظهور أعراض كالإرهاق العام أو الإضطرابات الهضمية العابرة."
465,"Cinacalcet 30mg Tablets","سيناكالسيت أقراص 30 مجم",Kidney,"تُستخدم سيناكالسيت أقراص 30 مجم كدواء علاجي متخصص يوصف من قِبل الطبيب المختص بناء على الحالة المرضية السريرية للوصول للمعدل المطلوب للشفاء واستقرار العلامات الحيوية للجسم.","متفاوتة من مريض لآخر حيث يستجيب الجسم للمادة الفعالة إما بانسجام وتسكين للآلام أو بظهور أعراض كالإرهاق العام أو الإضطرابات الهضمية العابرة."
466,"Allopurinol 100mg Tablets","ألوبيورينول أقراص 100 مجم",Kidney,"تُستخدم ألوبيورينول أقراص 100 مجم كدواء علاجي متخصص يوصف من قِبل الطبيب المختص بناء على الحالة المرضية السريرية للوصول للمعدل المطلوب للشفاء واستقرار العلامات الحيوية للجسم.","متفاوتة من مريض لآخر حيث يستجيب الجسم للمادة الفعالة إما بانسجام وتسكين للآلام أو بظهور أعراض كالإرهاق العام أو الإضطرابات الهضمية العابرة."
467,"Allopurinol 300mg Tablets","ألوبيورينول أقراص 300 مجم",Kidney,"تُستخدم ألوبيورينول أقراص 300 مجم كدواء علاجي متخصص يوصف من قِبل الطبيب المختص بناء على الحالة المرضية السريرية للوصول للمعدل المطلوب للشفاء واستقرار العلامات الحيوية للجسم.","متفاوتة من مريض لآخر حيث يستجيب الجسم للمادة الفعالة إما بانسجام وتسكين للآلام أو بظهور أعراض كالإرهاق العام أو الإضطرابات الهضمية العابرة."
468,"Colchicine 0.5mg Tablets","كولشيسين أقراص 0.5 مجم",Kidney,"تُستخدم كولشيسين أقراص 0.5 مجم كدواء علاجي متخصص يوصف من قِبل الطبيب المختص بناء على الحالة المرضية السريرية للوصول للمعدل المطلوب للشفاء واستقرار العلامات الحيوية للجسم.","متفاوتة من مريض لآخر حيث يستجيب الجسم للمادة الفعالة إما بانسجام وتسكين للآلام أو بظهور أعراض كالإرهاق العام أو الإضطرابات الهضمية العابرة."
469,"Febuxostat 80mg Tablets","فيبوكسوستات أقراص 80 مجم",Kidney,"تُستخدم فيبوكسوستات أقراص 80 مجم كدواء علاجي متخصص يوصف من قِبل الطبيب المختص بناء على الحالة المرضية السريرية للوصول للمعدل المطلوب للشفاء واستقرار العلامات الحيوية للجسم.","متفاوتة من مريض لآخر حيث يستجيب الجسم للمادة الفعالة إما بانسجام وتسكين للآلام أو بظهور أعراض كالإرهاق العام أو الإضطرابات الهضمية العابرة."
470,"Furosemide 40mg Tablets","فيوروسيميد أقراص 40 مجم",Kidney,"تُستخدم فيوروسيميد أقراص 40 مجم كدواء علاجي متخصص يوصف من قِبل الطبيب المختص بناء على الحالة المرضية السريرية للوصول للمعدل المطلوب للشفاء واستقرار العلامات الحيوية للجسم.","متفاوتة من مريض لآخر حيث يستجيب الجسم للمادة الفعالة إما بانسجام وتسكين للآلام أو بظهور أعراض كالإرهاق العام أو الإضطرابات الهضمية العابرة."
471,"Sodium Bicarbonate Tablets","بيكربونات الصوديوم أقراص",Kidney,"تُستخدم بيكربونات الصوديوم أقراص كدواء علاجي متخصص يوصف من قِبل الطبيب المختص بناء على الحالة المرضية السريرية للوصول للمعدل المطلوب للشفاء واستقرار العلامات الحيوية للجسم.","متفاوتة من مريض لآخر حيث يستجيب الجسم للمادة الفعالة إما بانسجام وتسكين للآلام أو بظهور أعراض كالإرهاق العام أو الإضطرابات الهضمية العابرة."
472,"Tacrolimus Capsules","تاكروليموس كبسولات",Kidney,"تُستخدم تاكروليموس كبسولات كدواء علاجي متخصص يوصف من قِبل الطبيب المختص بناء على الحالة المرضية السريرية للوصول للمعدل المطلوب للشفاء واستقرار العلامات الحيوية للجسم.","متفاوتة من مريض لآخر حيث يستجيب الجسم للمادة الفعالة إما بانسجام وتسكين للآلام أو بظهور أعراض كالإرهاق العام أو الإضطرابات الهضمية العابرة."
473,"Mycophenolate 500mg Tablets","مايكوفينولات أقراص 500 مجم",Kidney,"تُستخدم مايكوفينولات أقراص 500 مجم كدواء علاجي متخصص يوصف من قِبل الطبيب المختص بناء على الحالة المرضية السريرية للوصول للمعدل المطلوب للشفاء واستقرار العلامات الحيوية للجسم.","متفاوتة من مريض لآخر حيث يستجيب الجسم للمادة الفعالة إما بانسجام وتسكين للآلام أو بظهور أعراض كالإرهاق العام أو الإضطرابات الهضمية العابرة."
474,"Cyclosporine 100mg Capsules","سيكلوسبورين كبسولات 100 مجم",Kidney,"تُستخدم سيكلوسبورين كبسولات 100 مجم كدواء علاجي متخصص يوصف من قِبل الطبيب المختص بناء على الحالة المرضية السريرية للوصول للمعدل المطلوب للشفاء واستقرار العلامات الحيوية للجسم.","متفاوتة من مريض لآخر حيث يستجيب الجسم للمادة الفعالة إما بانسجام وتسكين للآلام أو بظهور أعراض كالإرهاق العام أو الإضطرابات الهضمية العابرة."
475,"Calpol Syrup","كالبول شراب",Painkillers,"تُستخدم كالبول شراب كمسكن قوي وفعال لآلام الهيكل العظمي والمفاصل، وخافض سريع لحرارة الجسم المرتفعة (الحمى). يُستخدم بكفاءة لعلاج الصداع أو الصداع النصفي، آلام الدورة الشهرية لدى النساء، والتهابات الحلق المرافقة لنزلات البرد وتخفيف آلام الأسنان.","يعتبر آمناً جداً عند الاستخدام المعتدل، ولكن الجرعات الزائدة المتكررة قد تسبب إجهاداً شديداً لوظائف الكبد، وفي حالات نادرة قد يحدث طفح جلدي طفيف."
476,"Tempol Syrup","تيمبول شراب",Painkillers,"تُستخدم تيمبول شراب كمسكن قوي وفعال لآلام الهيكل العظمي والمفاصل، وخافض سريع لحرارة الجسم المرتفعة (الحمى). يُستخدم بكفاءة لعلاج الصداع أو الصداع النصفي، آلام الدورة الشهرية لدى النساء، والتهابات الحلق المرافقة لنزلات البرد وتخفيف آلام الأسنان.","يعتبر آمناً جداً عند الاستخدام المعتدل، ولكن الجرعات الزائدة المتكررة قد تسبب إجهاداً شديداً لوظائف الكبد، وفي حالات نادرة قد يحدث طفح جلدي طفيف."
477,"Nurofen for Children Syrup","نوروفين للأطفال شراب",Painkillers,"تُستخدم نوروفين للأطفال شراب كمضاد للالتهابات غير الستيرويدية (NSAID) يعمل كمسكن قوي للآلام المتوسطة إلى الشديدة، ويُستخدم بشكل واسع لخفض الحرارة، وتقليل التورم والالتهاب المرافق لالتهاب المفاصل، الكدمات، آلام الأسنان المبرحة والآلام الروماتيزمية.","شائعاً ما يسبب اضطرابات في المعدة كالتهاب الجدار المعدي أو الحموضة وحرقان الصدر، ويحظر استخدامه لمرضى قرحة المعدة أو الربو الشديد."
478,"Nurofen Infant Drops","نوروفين نقط للرضع",Painkillers,"تُستخدم نوروفين نقط للرضع كمضاد للالتهابات غير الستيرويدية (NSAID) يعمل كمسكن قوي للآلام المتوسطة إلى الشديدة، ويُستخدم بشكل واسع لخفض الحرارة، وتقليل التورم والالتهاب المرافق لالتهاب المفاصل، الكدمات، آلام الأسنان المبرحة والآلام الروماتيزمية.","شائعاً ما يسبب اضطرابات في المعدة كالتهاب الجدار المعدي أو الحموضة وحرقان الصدر، ويحظر استخدامه لمرضى قرحة المعدة أو الربو الشديد."
479,"Children Panadol Syrup","بنادول الأطفال شراب",Painkillers,"تُستخدم بنادول الأطفال شراب كمسكن قوي وفعال لآلام الهيكل العظمي والمفاصل، وخافض سريع لحرارة الجسم المرتفعة (الحمى). يُستخدم بكفاءة لعلاج الصداع أو الصداع النصفي، آلام الدورة الشهرية لدى النساء، والتهابات الحلق المرافقة لنزلات البرد وتخفيف آلام الأسنان.","يعتبر آمناً جداً عند الاستخدام المعتدل، ولكن الجرعات الزائدة المتكررة قد تسبب إجهاداً شديداً لوظائف الكبد، وفي حالات نادرة قد يحدث طفح جلدي طفيف."
480,"Duphalac Syrup","ديوفالاك شراب","Stomach & GI","تُستخدم ديوفالاك شراب كمثبط ذكي لمضخات البروتون لمنع إفراز حمض المعدة بقوة. وهو العلاج الأساسي والممتاز لحرقان فم المعدة، الارتجاع المريئي المتعب، والشفاء الموضعي لقرحة المعدة والإثنا عشر.","الاستعمال القصير غالباً آمن بلا أعراض سوى صداع خفيف أو إمساك. الاستخدام المستمر الطويل قد يقلل من امتصاص الجسم لفيتامين ب١٢ وأملاح الكالسيوم."
481,"Smecta Children Sachets","سميكتا أطفال أكياس","Stomach & GI","تُستخدم سميكتا أطفال أكياس كمطهر معوي ومعالج جذري لاضطرابات حركة الأمعاء، سواء بإيقاف حالات الإسهال الشديد الناتجة عن عدوى معوية، أو في أنواع أخرى لتحريك الأمعاء برفق لعلاج الإمساك المتحجر المستمر.","مضادات الإسهال قد تتسبب أحياناً في نتائج عكسية كالإمساك الدائم، بينما تسبب الملينات مغصاً ومغصاً معوياً مع كثرة الاستخدام."
482,"Biogaia Drops","بيوجايا نقط","Stomach & GI","تُستخدم بيوجايا نقط كمثبط ذكي لمضخات البروتون لمنع إفراز حمض المعدة بقوة. وهو العلاج الأساسي والممتاز لحرقان فم المعدة، الارتجاع المريئي المتعب، والشفاء الموضعي لقرحة المعدة والإثنا عشر.","الاستعمال القصير غالباً آمن بلا أعراض سوى صداع خفيف أو إمساك. الاستخدام المستمر الطويل قد يقلل من امتصاص الجسم لفيتامين ب١٢ وأملاح الكالسيوم."
483,"Lactobacillus Sachets","لاكتوباسيلوس أكياس","Stomach & GI","تُستخدم لاكتوباسيلوس أكياس كمثبط ذكي لمضخات البروتون لمنع إفراز حمض المعدة بقوة. وهو العلاج الأساسي والممتاز لحرقان فم المعدة، الارتجاع المريئي المتعب، والشفاء الموضعي لقرحة المعدة والإثنا عشر.","الاستعمال القصير غالباً آمن بلا أعراض سوى صداع خفيف أو إمساك. الاستخدام المستمر الطويل قد يقلل من امتصاص الجسم لفيتامين ب١٢ وأملاح الكالسيوم."
484,"Zithromax Suspension 200mg","زيثروماكس معلق 200 مجم",Antibiotics,"تُستخدم زيثروماكس معلق 200 مجم كمضاد حيوي قوي يُستخدم لعلاج التهابات الجهاز التنفسي الحادة، التهاب الشعب الهوائية المزمن، والتهابات الحلق لدى المرضى الذين يعانون من حساسية تجاه البنسلين، كما يعالج بعض أنواع العدوى الجلدية.","غثيان أو قيء بسيط مع إسهال، وفي حالات نادرة جداً قد يسبب تسارعاً في ضربات القلب أو تغيراً في حاسة التذوق."
485,"Augmentin 228mg Suspension","أوجمنتين معلق 228 مجم",Antibiotics,"تُستخدم أوجمنتين معلق 228 مجم كمضاد حيوي واسع المجال بتركيبة البنسلين، يُستخدم بفعالية فائقة للقضاء على الالتهابات البكتيرية في الجهاز التنفسي العلوي والسفلي (كالتهاب اللوزتين والجيوب الأنفية والالتهاب الرئوي)، بالإضافة لمعالجة التهابات الأذن والمسالك البولية وعدوى الأسنان.","قد يصاحبه إسهال أو اضطرابات هضمية خفيفة. يجب التوقف فوراً ومراجعة الطبيب إذا ظهر طفح جلدي كثيف أو تورم يشير لحساسية من البنسلين."
486,"Amoxil 125mg Suspension","أموكسيل معلق 125 مجم",Antibiotics,"تُستخدم أموكسيل معلق 125 مجم كمضاد حيوي واسع المجال بتركيبة البنسلين، يُستخدم بفعالية فائقة للقضاء على الالتهابات البكتيرية في الجهاز التنفسي العلوي والسفلي (كالتهاب اللوزتين والجيوب الأنفية والالتهاب الرئوي)، بالإضافة لمعالجة التهابات الأذن والمسالك البولية وعدوى الأسنان.","قد يصاحبه إسهال أو اضطرابات هضمية خفيفة. يجب التوقف فوراً ومراجعة الطبيب إذا ظهر طفح جلدي كثيف أو تورم يشير لحساسية من البنسلين."
487,"Ceporex 125mg Suspension","سيبوريكس معلق 125 مجم",Antibiotics,"تُستخدم سيبوريكس معلق 125 مجم كمضاد حيوي آمن وفعال لعلاج التهابات الحلق، عدوى الجلد والأنسجة الرخوة، والتهابات الأذن الوسطى خصوصاً لدى الأطفال والمراهقين.","جيد التحمل عادةً، ولكنه قد يسبب اضطرابات خفيفة في المعدة كالإسهال أو ردود فعل تحسسية جلدية كالحكة."
488,"Flagyl 200mg Syrup","فلاجيل شراب 200 مجم",Antibiotics,"تُستخدم فلاجيل شراب 200 مجم كمطهر معوي ومعالج جذري لاضطرابات حركة الأمعاء، سواء بإيقاف حالات الإسهال الشديد الناتجة عن عدوى معوية، أو في أنواع أخرى لتحريك الأمعاء برفق لعلاج الإمساك المتحجر المستمر.","مضادات الإسهال قد تتسبب أحياناً في نتائج عكسية كالإمساك الدائم، بينما تسبب الملينات مغصاً ومغصاً معوياً مع كثرة الاستخدام."
489,"Zinkovit Syrup","زنكوفيت شراب",Vitamins,"تُستخدم زنكوفيت شراب كتركيبة طبية غذائية ممتازة ودقيقة لسد ثغرات ونقص التغذية اليومية، وتدعيم نشاط الجسم العضلي وتقوية جهاز المناعة. تستخدم بامتياز لفترات الإرهاق المستمر وفترات نقاهة ما بعد التعافي الشديد وللصحة العامة.","آمنة طالما أنها لا تتجاوز الحدود القصوى الموصوفة، وأي أعراض تقتصر عادة على غثيان خفيف أو إمساك معدي لتركيبات الحديد القوية."
490,"Sytron Syrup","سيترون شراب",Vitamins,"تُستخدم سيترون شراب كتركيبة طبية غذائية ممتازة ودقيقة لسد ثغرات ونقص التغذية اليومية، وتدعيم نشاط الجسم العضلي وتقوية جهاز المناعة. تستخدم بامتياز لفترات الإرهاق المستمر وفترات نقاهة ما بعد التعافي الشديد وللصحة العامة.","آمنة طالما أنها لا تتجاوز الحدود القصوى الموصوفة، وأي أعراض تقتصر عادة على غثيان خفيف أو إمساك معدي لتركيبات الحديد القوية."
491,"Pediacel Vaccine","بيديا سيل لقاح",Vaccines,"تُستخدم بيديا سيل لقاح كدواء علاجي متخصص يوصف من قِبل الطبيب المختص بناء على الحالة المرضية السريرية للوصول للمعدل المطلوب للشفاء واستقرار العلامات الحيوية للجسم.","متفاوتة من مريض لآخر حيث يستجيب الجسم للمادة الفعالة إما بانسجام وتسكين للآلام أو بظهور أعراض كالإرهاق العام أو الإضطرابات الهضمية العابرة."
492,"Infanrix Vaccine","إنفانريكس لقاح",Vaccines,"تُستخدم إنفانريكس لقاح كدواء علاجي متخصص يوصف من قِبل الطبيب المختص بناء على الحالة المرضية السريرية للوصول للمعدل المطلوب للشفاء واستقرار العلامات الحيوية للجسم.","متفاوتة من مريض لآخر حيث يستجيب الجسم للمادة الفعالة إما بانسجام وتسكين للآلام أو بظهور أعراض كالإرهاق العام أو الإضطرابات الهضمية العابرة."
493,"Pentaxim Vaccine","بنتاكسيم لقاح",Vaccines,"تُستخدم بنتاكسيم لقاح كدواء علاجي متخصص يوصف من قِبل الطبيب المختص بناء على الحالة المرضية السريرية للوصول للمعدل المطلوب للشفاء واستقرار العلامات الحيوية للجسم.","متفاوتة من مريض لآخر حيث يستجيب الجسم للمادة الفعالة إما بانسجام وتسكين للآلام أو بظهور أعراض كالإرهاق العام أو الإضطرابات الهضمية العابرة."
494,"Priorix Vaccine","بريوريكس لقاح",Vaccines,"تُستخدم بريوريكس لقاح كدواء علاجي متخصص يوصف من قِبل الطبيب المختص بناء على الحالة المرضية السريرية للوصول للمعدل المطلوب للشفاء واستقرار العلامات الحيوية للجسم.","متفاوتة من مريض لآخر حيث يستجيب الجسم للمادة الفعالة إما بانسجام وتسكين للآلام أو بظهور أعراض كالإرهاق العام أو الإضطرابات الهضمية العابرة."
495,"Varilrix Vaccine","فاريليريكس لقاح",Vaccines,"تُستخدم فاريليريكس لقاح كدواء علاجي متخصص يوصف من قِبل الطبيب المختص بناء على الحالة المرضية السريرية للوصول للمعدل المطلوب للشفاء واستقرار العلامات الحيوية للجسم.","متفاوتة من مريض لآخر حيث يستجيب الجسم للمادة الفعالة إما بانسجام وتسكين للآلام أو بظهور أعراض كالإرهاق العام أو الإضطرابات الهضمية العابرة."
496,"Havrix Vaccine","هافريكس لقاح",Vaccines,"تُستخدم هافريكس لقاح كدواء علاجي متخصص يوصف من قِبل الطبيب المختص بناء على الحالة المرضية السريرية للوصول للمعدل المطلوب للشفاء واستقرار العلامات الحيوية للجسم.","متفاوتة من مريض لآخر حيث يستجيب الجسم للمادة الفعالة إما بانسجام وتسكين للآلام أو بظهور أعراض كالإرهاق العام أو الإضطرابات الهضمية العابرة."
497,"Engerix Vaccine","إنجيريكس لقاح",Vaccines,"تُستخدم إنجيريكس لقاح كدواء علاجي متخصص يوصف من قِبل الطبيب المختص بناء على الحالة المرضية السريرية للوصول للمعدل المطلوب للشفاء واستقرار العلامات الحيوية للجسم.","متفاوتة من مريض لآخر حيث يستجيب الجسم للمادة الفعالة إما بانسجام وتسكين للآلام أو بظهور أعراض كالإرهاق العام أو الإضطرابات الهضمية العابرة."
498,"Rotarix Drops","روتاريكس نقط",Vaccines,"تُستخدم روتاريكس نقط كدواء علاجي متخصص يوصف من قِبل الطبيب المختص بناء على الحالة المرضية السريرية للوصول للمعدل المطلوب للشفاء واستقرار العلامات الحيوية للجسم.","متفاوتة من مريض لآخر حيث يستجيب الجسم للمادة الفعالة إما بانسجام وتسكين للآلام أو بظهور أعراض كالإرهاق العام أو الإضطرابات الهضمية العابرة."
499,"Synflorix Vaccine","سينفلوريكس لقاح",Vaccines,"تُستخدم سينفلوريكس لقاح كدواء علاجي متخصص يوصف من قِبل الطبيب المختص بناء على الحالة المرضية السريرية للوصول للمعدل المطلوب للشفاء واستقرار العلامات الحيوية للجسم.","متفاوتة من مريض لآخر حيث يستجيب الجسم للمادة الفعالة إما بانسجام وتسكين للآلام أو بظهور أعراض كالإرهاق العام أو الإضطرابات الهضمية العابرة."
500,"Prevenar 13 Vaccine","بريفينار 13 لقاح",Vaccines,"تُستخدم بريفينار 13 لقاح كدواء علاجي متخصص يوصف من قِبل الطبيب المختص بناء على الحالة المرضية السريرية للوصول للمعدل المطلوب للشفاء واستقرار العلامات الحيوية للجسم.","متفاوتة من مريض لآخر حيث يستجيب الجسم للمادة الفعالة إما بانسجام وتسكين للآلام أو بظهور أعراض كالإرهاق العام أو الإضطرابات الهضمية العابرة."
501,"Fluarix Quadrivalent Vaccine","فلواريكس رباعي لقاح",Vaccines,"تُستخدم فلواريكس رباعي لقاح كدواء علاجي متخصص يوصف من قِبل الطبيب المختص بناء على الحالة المرضية السريرية للوصول للمعدل المطلوب للشفاء واستقرار العلامات الحيوية للجسم.","متفاوتة من مريض لآخر حيث يستجيب الجسم للمادة الفعالة إما بانسجام وتسكين للآلام أو بظهور أعراض كالإرهاق العام أو الإضطرابات الهضمية العابرة."
502,"BCG Vaccine","لقاح بي سي جي",Vaccines,"تُستخدم لقاح بي سي جي كدواء علاجي متخصص يوصف من قِبل الطبيب المختص بناء على الحالة المرضية السريرية للوصول للمعدل المطلوب للشفاء واستقرار العلامات الحيوية للجسم.","متفاوتة من مريض لآخر حيث يستجيب الجسم للمادة الفعالة إما بانسجام وتسكين للآلام أو بظهور أعراض كالإرهاق العام أو الإضطرابات الهضمية العابرة."
503,"Fosamax 70mg Tablets","فوساماكس أقراص 70 مجم","Bone Health","تُستخدم فوساماكس أقراص 70 مجم كدواء علاجي متخصص يوصف من قِبل الطبيب المختص بناء على الحالة المرضية السريرية للوصول للمعدل المطلوب للشفاء واستقرار العلامات الحيوية للجسم.","متفاوتة من مريض لآخر حيث يستجيب الجسم للمادة الفعالة إما بانسجام وتسكين للآلام أو بظهور أعراض كالإرهاق العام أو الإضطرابات الهضمية العابرة."
504,"Actonel 35mg Tablets","أكتونيل أقراص 35 مجم","Bone Health","تُستخدم أكتونيل أقراص 35 مجم كدواء علاجي متخصص يوصف من قِبل الطبيب المختص بناء على الحالة المرضية السريرية للوصول للمعدل المطلوب للشفاء واستقرار العلامات الحيوية للجسم.","متفاوتة من مريض لآخر حيث يستجيب الجسم للمادة الفعالة إما بانسجام وتسكين للآلام أو بظهور أعراض كالإرهاق العام أو الإضطرابات الهضمية العابرة."
505,"Bonviva 150mg Tablets","بونفيفا أقراص 150 مجم","Bone Health","تُستخدم بونفيفا أقراص 150 مجم كدواء علاجي متخصص يوصف من قِبل الطبيب المختص بناء على الحالة المرضية السريرية للوصول للمعدل المطلوب للشفاء واستقرار العلامات الحيوية للجسم.","متفاوتة من مريض لآخر حيث يستجيب الجسم للمادة الفعالة إما بانسجام وتسكين للآلام أو بظهور أعراض كالإرهاق العام أو الإضطرابات الهضمية العابرة."
506,"Prolia Injection","بروليا حقن","Bone Health","تُستخدم بروليا حقن كدواء علاجي متخصص يوصف من قِبل الطبيب المختص بناء على الحالة المرضية السريرية للوصول للمعدل المطلوب للشفاء واستقرار العلامات الحيوية للجسم.","متفاوتة من مريض لآخر حيث يستجيب الجسم للمادة الفعالة إما بانسجام وتسكين للآلام أو بظهور أعراض كالإرهاق العام أو الإضطرابات الهضمية العابرة."
507,"Zometa Infusion","زوميتا تسريب","Bone Health","تُستخدم زوميتا تسريب كدواء علاجي متخصص يوصف من قِبل الطبيب المختص بناء على الحالة المرضية السريرية للوصول للمعدل المطلوب للشفاء واستقرار العلامات الحيوية للجسم.","متفاوتة من مريض لآخر حيث يستجيب الجسم للمادة الفعالة إما بانسجام وتسكين للآلام أو بظهور أعراض كالإرهاق العام أو الإضطرابات الهضمية العابرة."
508,"Calcium + Vitamin D3 Tablets","كالسيوم + فيتامين د3 أقراص","Bone Health","تُستخدم كالسيوم + فيتامين د3 أقراص كتركيبة طبية غذائية ممتازة ودقيقة لسد ثغرات ونقص التغذية اليومية، وتدعيم نشاط الجسم العضلي وتقوية جهاز المناعة. تستخدم بامتياز لفترات الإرهاق المستمر وفترات نقاهة ما بعد التعافي الشديد وللصحة العامة.","آمنة طالما أنها لا تتجاوز الحدود القصوى الموصوفة، وأي أعراض تقتصر عادة على غثيان خفيف أو إمساك معدي لتركيبات الحديد القوية."
509,"Caltrate 600 Tablets","كالتريت 600 أقراص","Bone Health","تُستخدم كالتريت 600 أقراص كدواء علاجي متخصص يوصف من قِبل الطبيب المختص بناء على الحالة المرضية السريرية للوصول للمعدل المطلوب للشفاء واستقرار العلامات الحيوية للجسم.","متفاوتة من مريض لآخر حيث يستجيب الجسم للمادة الفعالة إما بانسجام وتسكين للآلام أو بظهور أعراض كالإرهاق العام أو الإضطرابات الهضمية العابرة."
510,"Vitamin D3 1000 IU Tablets","فيتامين د3 1000 وحدة أقراص","Bone Health","تُستخدم فيتامين د3 1000 وحدة أقراص كتركيبة طبية غذائية ممتازة ودقيقة لسد ثغرات ونقص التغذية اليومية، وتدعيم نشاط الجسم العضلي وتقوية جهاز المناعة. تستخدم بامتياز لفترات الإرهاق المستمر وفترات نقاهة ما بعد التعافي الشديد وللصحة العامة.","آمنة طالما أنها لا تتجاوز الحدود القصوى الموصوفة، وأي أعراض تقتصر عادة على غثيان خفيف أو إمساك معدي لتركيبات الحديد القوية."
511,"Alfacalcidol 0.5mcg Capsules","ألفاكالسيدول كبسولات 0.5 مكجم","Bone Health","تُستخدم ألفاكالسيدول كبسولات 0.5 مكجم كدواء علاجي متخصص يوصف من قِبل الطبيب المختص بناء على الحالة المرضية السريرية للوصول للمعدل المطلوب للشفاء واستقرار العلامات الحيوية للجسم.","متفاوتة من مريض لآخر حيث يستجيب الجسم للمادة الفعالة إما بانسجام وتسكين للآلام أو بظهور أعراض كالإرهاق العام أو الإضطرابات الهضمية العابرة."
512,"Calcitonin Nasal Spray","كالسيتونين بخاخ أنف","Bone Health","تُستخدم كالسيتونين بخاخ أنف كدواء علاجي متخصص يوصف من قِبل الطبيب المختص بناء على الحالة المرضية السريرية للوصول للمعدل المطلوب للشفاء واستقرار العلامات الحيوية للجسم.","متفاوتة من مريض لآخر حيث يستجيب الجسم للمادة الفعالة إما بانسجام وتسكين للآلام أو بظهور أعراض كالإرهاق العام أو الإضطرابات الهضمية العابرة."
513,"Olopat Eye Drops","أولوبات نقط للعين","Eye & Ear Drops","تُستخدم أولوبات نقط للعين كقطرات دوائية مُعقمة ومُطوّرة خصيصاً للاستخدام العيني الحيوي الآمن، منها المرطبة مكثفة متكررة لعلاج جفاف العين وتهيج القرنية بسبب الشاشات، ومنها الطبية المعالجة للتحسس والالتهابات الجرثومية الظاهرة وتسكين ألم إرهاق ما بعد الليزك.","تعد بشكل كبير آمنة جداً. العرض المشترك هو الإحساس المؤقت فقط بحرقان أو غباشة عابرة للرؤية لثوان معدودة بعد تقطير المادة ولزوجتـها الفعّالة."
514,"Pataday Eye Drops","باتاداي نقط للعين","Eye & Ear Drops","تُستخدم باتاداي نقط للعين كقطرات دوائية مُعقمة ومُطوّرة خصيصاً للاستخدام العيني الحيوي الآمن، منها المرطبة مكثفة متكررة لعلاج جفاف العين وتهيج القرنية بسبب الشاشات، ومنها الطبية المعالجة للتحسس والالتهابات الجرثومية الظاهرة وتسكين ألم إرهاق ما بعد الليزك.","تعد بشكل كبير آمنة جداً. العرض المشترك هو الإحساس المؤقت فقط بحرقان أو غباشة عابرة للرؤية لثوان معدودة بعد تقطير المادة ولزوجتـها الفعّالة."
515,"Timolol Eye Drops","تيمولول نقط للعين","Eye & Ear Drops","تُستخدم تيمولول نقط للعين كقطرات دوائية مُعقمة ومُطوّرة خصيصاً للاستخدام العيني الحيوي الآمن، منها المرطبة مكثفة متكررة لعلاج جفاف العين وتهيج القرنية بسبب الشاشات، ومنها الطبية المعالجة للتحسس والالتهابات الجرثومية الظاهرة وتسكين ألم إرهاق ما بعد الليزك.","تعد بشكل كبير آمنة جداً. العرض المشترك هو الإحساس المؤقت فقط بحرقان أو غباشة عابرة للرؤية لثوان معدودة بعد تقطير المادة ولزوجتـها الفعّالة."
516,"Lumigan Eye Drops","لوميجان نقط للعين","Eye & Ear Drops","تُستخدم لوميجان نقط للعين كقطرات دوائية مُعقمة ومُطوّرة خصيصاً للاستخدام العيني الحيوي الآمن، منها المرطبة مكثفة متكررة لعلاج جفاف العين وتهيج القرنية بسبب الشاشات، ومنها الطبية المعالجة للتحسس والالتهابات الجرثومية الظاهرة وتسكين ألم إرهاق ما بعد الليزك.","تعد بشكل كبير آمنة جداً. العرض المشترك هو الإحساس المؤقت فقط بحرقان أو غباشة عابرة للرؤية لثوان معدودة بعد تقطير المادة ولزوجتـها الفعّالة."
517,"Travatan Eye Drops","ترافاتان نقط للعين","Eye & Ear Drops","تُستخدم ترافاتان نقط للعين كقطرات دوائية مُعقمة ومُطوّرة خصيصاً للاستخدام العيني الحيوي الآمن، منها المرطبة مكثفة متكررة لعلاج جفاف العين وتهيج القرنية بسبب الشاشات، ومنها الطبية المعالجة للتحسس والالتهابات الجرثومية الظاهرة وتسكين ألم إرهاق ما بعد الليزك.","تعد بشكل كبير آمنة جداً. العرض المشترك هو الإحساس المؤقت فقط بحرقان أو غباشة عابرة للرؤية لثوان معدودة بعد تقطير المادة ولزوجتـها الفعّالة."
518,"Betoptic Eye Drops","بيتوبتيك نقط للعين","Eye & Ear Drops","تُستخدم بيتوبتيك نقط للعين كقطرات دوائية مُعقمة ومُطوّرة خصيصاً للاستخدام العيني الحيوي الآمن، منها المرطبة مكثفة متكررة لعلاج جفاف العين وتهيج القرنية بسبب الشاشات، ومنها الطبية المعالجة للتحسس والالتهابات الجرثومية الظاهرة وتسكين ألم إرهاق ما بعد الليزك.","تعد بشكل كبير آمنة جداً. العرض المشترك هو الإحساس المؤقت فقط بحرقان أو غباشة عابرة للرؤية لثوان معدودة بعد تقطير المادة ولزوجتـها الفعّالة."
519,"Chloramphenicol Eye Drops","كلورامفينيكول نقط للعين","Eye & Ear Drops","تُستخدم كلورامفينيكول نقط للعين كقطرات دوائية مُعقمة ومُطوّرة خصيصاً للاستخدام العيني الحيوي الآمن، منها المرطبة مكثفة متكررة لعلاج جفاف العين وتهيج القرنية بسبب الشاشات، ومنها الطبية المعالجة للتحسس والالتهابات الجرثومية الظاهرة وتسكين ألم إرهاق ما بعد الليزك.","تعد بشكل كبير آمنة جداً. العرض المشترك هو الإحساس المؤقت فقط بحرقان أو غباشة عابرة للرؤية لثوان معدودة بعد تقطير المادة ولزوجتـها الفعّالة."
520,"Chloramphenicol Eye Ointment","كلورامفينيكول مرهم للعين","Eye & Ear Drops","تُستخدم كلورامفينيكول مرهم للعين كقطرات دوائية مُعقمة ومُطوّرة خصيصاً للاستخدام العيني الحيوي الآمن، منها المرطبة مكثفة متكررة لعلاج جفاف العين وتهيج القرنية بسبب الشاشات، ومنها الطبية المعالجة للتحسس والالتهابات الجرثومية الظاهرة وتسكين ألم إرهاق ما بعد الليزك.","تعد بشكل كبير آمنة جداً. العرض المشترك هو الإحساس المؤقت فقط بحرقان أو غباشة عابرة للرؤية لثوان معدودة بعد تقطير المادة ولزوجتـها الفعّالة."
521,"Dexamethasone Eye Drops","ديكساميثازون نقط للعين","Eye & Ear Drops","تُستخدم ديكساميثازون نقط للعين كمضاد فعّال وشديد القوة للالتهابات المناعية المفرطة وحالات الربو الحادة وهجمات التحسس الجسدي الخطيرة، بالإضافة لكبحه السريع للأمراض الروماتيزمية وتورم المفاصل.","دواء ضروري لكنه خطير عند سوء الاستخدام الطويل بلا وعاء طبي متريث، فهو يتسبب باحتباس الماء تحت الجلد، وزيادة مخيفة في الوزن وارتفاع ضغط الدم."
522,"Fluorometholone Eye Drops","فلورومثولون نقط للعين","Eye & Ear Drops","تُستخدم فلورومثولون نقط للعين كقطرات دوائية مُعقمة ومُطوّرة خصيصاً للاستخدام العيني الحيوي الآمن، منها المرطبة مكثفة متكررة لعلاج جفاف العين وتهيج القرنية بسبب الشاشات، ومنها الطبية المعالجة للتحسس والالتهابات الجرثومية الظاهرة وتسكين ألم إرهاق ما بعد الليزك.","تعد بشكل كبير آمنة جداً. العرض المشترك هو الإحساس المؤقت فقط بحرقان أو غباشة عابرة للرؤية لثوان معدودة بعد تقطير المادة ولزوجتـها الفعّالة."
523,"Voltaren Eye Drops","فولتارين نقط للعين","Eye & Ear Drops","تُستخدم فولتارين نقط للعين كمضاد التهاب ومسكن قوي لآلام العظام الشديدة، الهجمات الروماتيزمية الحادة، هشاشة العظام، وآلام ما بعد العمليات الجراحية الموضعية والكسور.","قد يسبب الاستخدام المطول ألماً في المعدة أو قرحة معدية، وارتفاعاً طفيفاً في ضغط الدم، ولا يُنصح باستخدامه لمرضى القلب دون استشارة طبيب."
524,"Acular Eye Drops","أكيولار نقط للعين","Eye & Ear Drops","تُستخدم أكيولار نقط للعين كقطرات دوائية مُعقمة ومُطوّرة خصيصاً للاستخدام العيني الحيوي الآمن، منها المرطبة مكثفة متكررة لعلاج جفاف العين وتهيج القرنية بسبب الشاشات، ومنها الطبية المعالجة للتحسس والالتهابات الجرثومية الظاهرة وتسكين ألم إرهاق ما بعد الليزك.","تعد بشكل كبير آمنة جداً. العرض المشترك هو الإحساس المؤقت فقط بحرقان أو غباشة عابرة للرؤية لثوان معدودة بعد تقطير المادة ولزوجتـها الفعّالة."
525,"Betadine Eye Drops","بيتادين نقط للعين","Eye & Ear Drops","تُستخدم بيتادين نقط للعين كقطرات دوائية مُعقمة ومُطوّرة خصيصاً للاستخدام العيني الحيوي الآمن، منها المرطبة مكثفة متكررة لعلاج جفاف العين وتهيج القرنية بسبب الشاشات، ومنها الطبية المعالجة للتحسس والالتهابات الجرثومية الظاهرة وتسكين ألم إرهاق ما بعد الليزك.","تعد بشكل كبير آمنة جداً. العرض المشترك هو الإحساس المؤقت فقط بحرقان أو غباشة عابرة للرؤية لثوان معدودة بعد تقطير المادة ولزوجتـها الفعّالة."
526,"Maxidex Eye Drops","ماكسيديكس نقط للعين","Eye & Ear Drops","تُستخدم ماكسيديكس نقط للعين كقطرات دوائية مُعقمة ومُطوّرة خصيصاً للاستخدام العيني الحيوي الآمن، منها المرطبة مكثفة متكررة لعلاج جفاف العين وتهيج القرنية بسبب الشاشات، ومنها الطبية المعالجة للتحسس والالتهابات الجرثومية الظاهرة وتسكين ألم إرهاق ما بعد الليزك.","تعد بشكل كبير آمنة جداً. العرض المشترك هو الإحساس المؤقت فقط بحرقان أو غباشة عابرة للرؤية لثوان معدودة بعد تقطير المادة ولزوجتـها الفعّالة."
527,"Naphazolon Eye Drops","نافازولين نقط للعين","Eye & Ear Drops","تُستخدم نافازولين نقط للعين كقطرات دوائية مُعقمة ومُطوّرة خصيصاً للاستخدام العيني الحيوي الآمن، منها المرطبة مكثفة متكررة لعلاج جفاف العين وتهيج القرنية بسبب الشاشات، ومنها الطبية المعالجة للتحسس والالتهابات الجرثومية الظاهرة وتسكين ألم إرهاق ما بعد الليزك.","تعد بشكل كبير آمنة جداً. العرض المشترك هو الإحساس المؤقت فقط بحرقان أو غباشة عابرة للرؤية لثوان معدودة بعد تقطير المادة ولزوجتـها الفعّالة."
528,"Otipax Ear Drops","أوتيباكس نقط للأذن","Eye & Ear Drops","تُستخدم أوتيباكس نقط للأذن كقطرات دوائية مُعقمة ومُطوّرة خصيصاً للاستخدام العيني الحيوي الآمن، منها المرطبة مكثفة متكررة لعلاج جفاف العين وتهيج القرنية بسبب الشاشات، ومنها الطبية المعالجة للتحسس والالتهابات الجرثومية الظاهرة وتسكين ألم إرهاق ما بعد الليزك.","تعد بشكل كبير آمنة جداً. العرض المشترك هو الإحساس المؤقت فقط بحرقان أو غباشة عابرة للرؤية لثوان معدودة بعد تقطير المادة ولزوجتـها الفعّالة."
529,"Sofradex Ear Drops","سوفراديكس نقط للأذن","Eye & Ear Drops","تُستخدم سوفراديكس نقط للأذن كقطرات دوائية مُعقمة ومُطوّرة خصيصاً للاستخدام العيني الحيوي الآمن، منها المرطبة مكثفة متكررة لعلاج جفاف العين وتهيج القرنية بسبب الشاشات، ومنها الطبية المعالجة للتحسس والالتهابات الجرثومية الظاهرة وتسكين ألم إرهاق ما بعد الليزك.","تعد بشكل كبير آمنة جداً. العرض المشترك هو الإحساس المؤقت فقط بحرقان أو غباشة عابرة للرؤية لثوان معدودة بعد تقطير المادة ولزوجتـها الفعّالة."
530,"Panotile Ear Drops","بانوتيل نقط للأذن","Eye & Ear Drops","تُستخدم بانوتيل نقط للأذن كقطرات دوائية مُعقمة ومُطوّرة خصيصاً للاستخدام العيني الحيوي الآمن، منها المرطبة مكثفة متكررة لعلاج جفاف العين وتهيج القرنية بسبب الشاشات، ومنها الطبية المعالجة للتحسس والالتهابات الجرثومية الظاهرة وتسكين ألم إرهاق ما بعد الليزك.","تعد بشكل كبير آمنة جداً. العرض المشترك هو الإحساس المؤقت فقط بحرقان أو غباشة عابرة للرؤية لثوان معدودة بعد تقطير المادة ولزوجتـها الفعّالة."
531,"Dexamethasone Ear Drops","ديكساميثازون نقط للأذن","Eye & Ear Drops","تُستخدم ديكساميثازون نقط للأذن كمضاد فعّال وشديد القوة للالتهابات المناعية المفرطة وحالات الربو الحادة وهجمات التحسس الجسدي الخطيرة، بالإضافة لكبحه السريع للأمراض الروماتيزمية وتورم المفاصل.","دواء ضروري لكنه خطير عند سوء الاستخدام الطويل بلا وعاء طبي متريث، فهو يتسبب باحتباس الماء تحت الجلد، وزيادة مخيفة في الوزن وارتفاع ضغط الدم."
532,"Ciprofloxacin Ear Drops","سيبروفلوكساسين نقط للأذن","Eye & Ear Drops","تُستخدم سيبروفلوكساسين نقط للأذن كمضاد حيوي شديد الفعالية موجه خصيصاً لعلاج التهابات المسالك البولية المعقدة، التهاب البروستاتا، والعدوى البكتيرية المعوية القوية التي تسبب الإسهال الحاد.","قد يسبب التهابات واضحة في الأوتار وألماً عضلياً، ويحظر إعطاؤه للأطفال والنساء الحوامل لعدم أمانه على نمو المفاصل والعظام."
533,"Stromectol 12mg Tablets","ستروميكتول أقراص 12 مجم",Antiparasitic,"تُستخدم ستروميكتول أقراص 12 مجم كمضاد حيوي واسع المجال بتركيبة البنسلين، يُستخدم بفعالية فائقة للقضاء على الالتهابات البكتيرية في الجهاز التنفسي العلوي والسفلي (كالتهاب اللوزتين والجيوب الأنفية والالتهاب الرئوي)، بالإضافة لمعالجة التهابات الأذن والمسالك البولية وعدوى الأسنان.","قد يصاحبه إسهال أو اضطرابات هضمية خفيفة. يجب التوقف فوراً ومراجعة الطبيب إذا ظهر طفح جلدي كثيف أو تورم يشير لحساسية من البنسلين."
534,"Zentel 200mg Tablets","زينتيل أقراص 200 مجم",Antiparasitic,"تُستخدم زينتيل أقراص 200 مجم كمضاد حيوي واسع المجال بتركيبة البنسلين، يُستخدم بفعالية فائقة للقضاء على الالتهابات البكتيرية في الجهاز التنفسي العلوي والسفلي (كالتهاب اللوزتين والجيوب الأنفية والالتهاب الرئوي)، بالإضافة لمعالجة التهابات الأذن والمسالك البولية وعدوى الأسنان.","قد يصاحبه إسهال أو اضطرابات هضمية خفيفة. يجب التوقف فوراً ومراجعة الطبيب إذا ظهر طفح جلدي كثيف أو تورم يشير لحساسية من البنسلين."
535,"Zentel Suspension","زينتيل معلق",Antiparasitic,"تُستخدم زينتيل معلق كمضاد حيوي واسع المجال بتركيبة البنسلين، يُستخدم بفعالية فائقة للقضاء على الالتهابات البكتيرية في الجهاز التنفسي العلوي والسفلي (كالتهاب اللوزتين والجيوب الأنفية والالتهاب الرئوي)، بالإضافة لمعالجة التهابات الأذن والمسالك البولية وعدوى الأسنان.","قد يصاحبه إسهال أو اضطرابات هضمية خفيفة. يجب التوقف فوراً ومراجعة الطبيب إذا ظهر طفح جلدي كثيف أو تورم يشير لحساسية من البنسلين."
536,"Vermox 100mg Tablets","فيرموكس أقراص 100 مجم",Antiparasitic,"تُستخدم فيرموكس أقراص 100 مجم كمضاد حيوي واسع المجال بتركيبة البنسلين، يُستخدم بفعالية فائقة للقضاء على الالتهابات البكتيرية في الجهاز التنفسي العلوي والسفلي (كالتهاب اللوزتين والجيوب الأنفية والالتهاب الرئوي)، بالإضافة لمعالجة التهابات الأذن والمسالك البولية وعدوى الأسنان.","قد يصاحبه إسهال أو اضطرابات هضمية خفيفة. يجب التوقف فوراً ومراجعة الطبيب إذا ظهر طفح جلدي كثيف أو تورم يشير لحساسية من البنسلين."
537,"Vermox Suspension","فيرموكس معلق",Antiparasitic,"تُستخدم فيرموكس معلق كمضاد حيوي واسع المجال بتركيبة البنسلين، يُستخدم بفعالية فائقة للقضاء على الالتهابات البكتيرية في الجهاز التنفسي العلوي والسفلي (كالتهاب اللوزتين والجيوب الأنفية والالتهاب الرئوي)، بالإضافة لمعالجة التهابات الأذن والمسالك البولية وعدوى الأسنان.","قد يصاحبه إسهال أو اضطرابات هضمية خفيفة. يجب التوقف فوراً ومراجعة الطبيب إذا ظهر طفح جلدي كثيف أو تورم يشير لحساسية من البنسلين."
538,"Biltricide 600mg Tablets","بيلتريسيد أقراص 600 مجم",Antiparasitic,"تُستخدم بيلتريسيد أقراص 600 مجم كمضاد حيوي واسع المجال بتركيبة البنسلين، يُستخدم بفعالية فائقة للقضاء على الالتهابات البكتيرية في الجهاز التنفسي العلوي والسفلي (كالتهاب اللوزتين والجيوب الأنفية والالتهاب الرئوي)، بالإضافة لمعالجة التهابات الأذن والمسالك البولية وعدوى الأسنان.","قد يصاحبه إسهال أو اضطرابات هضمية خفيفة. يجب التوقف فوراً ومراجعة الطبيب إذا ظهر طفح جلدي كثيف أو تورم يشير لحساسية من البنسلين."
539,"Flagentyl Tablets","فلاجينتيل أقراص",Antiparasitic,"تُستخدم فلاجينتيل أقراص كمضاد حيوي واسع المجال بتركيبة البنسلين، يُستخدم بفعالية فائقة للقضاء على الالتهابات البكتيرية في الجهاز التنفسي العلوي والسفلي (كالتهاب اللوزتين والجيوب الأنفية والالتهاب الرئوي)، بالإضافة لمعالجة التهابات الأذن والمسالك البولية وعدوى الأسنان.","قد يصاحبه إسهال أو اضطرابات هضمية خفيفة. يجب التوقف فوراً ومراجعة الطبيب إذا ظهر طفح جلدي كثيف أو تورم يشير لحساسية من البنسلين."
540,"Plasmaquine Tablets","بلازماكوين أقراص",Antiparasitic,"تُستخدم بلازماكوين أقراص كمضاد حيوي واسع المجال بتركيبة البنسلين، يُستخدم بفعالية فائقة للقضاء على الالتهابات البكتيرية في الجهاز التنفسي العلوي والسفلي (كالتهاب اللوزتين والجيوب الأنفية والالتهاب الرئوي)، بالإضافة لمعالجة التهابات الأذن والمسالك البولية وعدوى الأسنان.","قد يصاحبه إسهال أو اضطرابات هضمية خفيفة. يجب التوقف فوراً ومراجعة الطبيب إذا ظهر طفح جلدي كثيف أو تورم يشير لحساسية من البنسلين."
541,"Chloroquine 250mg Tablets","كلوروكوين أقراص 250 مجم",Antiparasitic,"تُستخدم كلوروكوين أقراص 250 مجم كمضاد حيوي واسع المجال بتركيبة البنسلين، يُستخدم بفعالية فائقة للقضاء على الالتهابات البكتيرية في الجهاز التنفسي العلوي والسفلي (كالتهاب اللوزتين والجيوب الأنفية والالتهاب الرئوي)، بالإضافة لمعالجة التهابات الأذن والمسالك البولية وعدوى الأسنان.","قد يصاحبه إسهال أو اضطرابات هضمية خفيفة. يجب التوقف فوراً ومراجعة الطبيب إذا ظهر طفح جلدي كثيف أو تورم يشير لحساسية من البنسلين."
542,"Quinine 300mg Tablets","كينين أقراص 300 مجم",Antiparasitic,"تُستخدم كينين أقراص 300 مجم كمضاد حيوي واسع المجال بتركيبة البنسلين، يُستخدم بفعالية فائقة للقضاء على الالتهابات البكتيرية في الجهاز التنفسي العلوي والسفلي (كالتهاب اللوزتين والجيوب الأنفية والالتهاب الرئوي)، بالإضافة لمعالجة التهابات الأذن والمسالك البولية وعدوى الأسنان.","قد يصاحبه إسهال أو اضطرابات هضمية خفيفة. يجب التوقف فوراً ومراجعة الطبيب إذا ظهر طفح جلدي كثيف أو تورم يشير لحساسية من البنسلين."
543,"Sildenafil 50mg Tablets","سيلدينافيل أقراص 50 مجم","Men's Health","تُستخدم سيلدينافيل أقراص 50 مجم كدواء علاجي متخصص يوصف من قِبل الطبيب المختص بناء على الحالة المرضية السريرية للوصول للمعدل المطلوب للشفاء واستقرار العلامات الحيوية للجسم.","متفاوتة من مريض لآخر حيث يستجيب الجسم للمادة الفعالة إما بانسجام وتسكين للآلام أو بظهور أعراض كالإرهاق العام أو الإضطرابات الهضمية العابرة."
544,"Sildenafil 100mg Tablets","سيلدينافيل أقراص 100 مجم","Men's Health","تُستخدم سيلدينافيل أقراص 100 مجم كدواء علاجي متخصص يوصف من قِبل الطبيب المختص بناء على الحالة المرضية السريرية للوصول للمعدل المطلوب للشفاء واستقرار العلامات الحيوية للجسم.","متفاوتة من مريض لآخر حيث يستجيب الجسم للمادة الفعالة إما بانسجام وتسكين للآلام أو بظهور أعراض كالإرهاق العام أو الإضطرابات الهضمية العابرة."
545,"Tadalafil 20mg Tablets","تادالافيل أقراص 20 مجم","Men's Health","تُستخدم تادالافيل أقراص 20 مجم كدواء علاجي متخصص يوصف من قِبل الطبيب المختص بناء على الحالة المرضية السريرية للوصول للمعدل المطلوب للشفاء واستقرار العلامات الحيوية للجسم.","متفاوتة من مريض لآخر حيث يستجيب الجسم للمادة الفعالة إما بانسجام وتسكين للآلام أو بظهور أعراض كالإرهاق العام أو الإضطرابات الهضمية العابرة."
546,"Vardenafil 10mg Tablets","فاردينافيل أقراص 10 مجم","Men's Health","تُستخدم فاردينافيل أقراص 10 مجم كدواء علاجي متخصص يوصف من قِبل الطبيب المختص بناء على الحالة المرضية السريرية للوصول للمعدل المطلوب للشفاء واستقرار العلامات الحيوية للجسم.","متفاوتة من مريض لآخر حيث يستجيب الجسم للمادة الفعالة إما بانسجام وتسكين للآلام أو بظهور أعراض كالإرهاق العام أو الإضطرابات الهضمية العابرة."
547,"Testosterone Enanthate Injection","تيستوستيرون إناثيت حقن","Men's Health","تُستخدم تيستوستيرون إناثيت حقن كدواء علاجي متخصص يوصف من قِبل الطبيب المختص بناء على الحالة المرضية السريرية للوصول للمعدل المطلوب للشفاء واستقرار العلامات الحيوية للجسم.","متفاوتة من مريض لآخر حيث يستجيب الجسم للمادة الفعالة إما بانسجام وتسكين للآلام أو بظهور أعراض كالإرهاق العام أو الإضطرابات الهضمية العابرة."
548,"Clomiphene 50mg Tablets","كلوميفين أقراص 50 مجم","Men's Health","تُستخدم كلوميفين أقراص 50 مجم كدواء علاجي متخصص يوصف من قِبل الطبيب المختص بناء على الحالة المرضية السريرية للوصول للمعدل المطلوب للشفاء واستقرار العلامات الحيوية للجسم.","متفاوتة من مريض لآخر حيث يستجيب الجسم للمادة الفعالة إما بانسجام وتسكين للآلام أو بظهور أعراض كالإرهاق العام أو الإضطرابات الهضمية العابرة."
549,"Fortam 1g Vials","فورتام فيال 1 جرام",Antibiotics,"تُستخدم فورتام فيال 1 جرام كمضاد حيوي واسع المجال بتركيبة البنسلين، يُستخدم بفعالية فائقة للقضاء على الالتهابات البكتيرية في الجهاز التنفسي العلوي والسفلي (كالتهاب اللوزتين والجيوب الأنفية والالتهاب الرئوي)، بالإضافة لمعالجة التهابات الأذن والمسالك البولية وعدوى الأسنان.","قد يصاحبه إسهال أو اضطرابات هضمية خفيفة. يجب التوقف فوراً ومراجعة الطبيب إذا ظهر طفح جلدي كثيف أو تورم يشير لحساسية من البنسلين."
550,"Tazocin 4.5g Vials","تازوسين فيال 4.5 جرام",Antibiotics,"تُستخدم تازوسين فيال 4.5 جرام كمضاد حيوي واسع المجال بتركيبة البنسلين، يُستخدم بفعالية فائقة للقضاء على الالتهابات البكتيرية في الجهاز التنفسي العلوي والسفلي (كالتهاب اللوزتين والجيوب الأنفية والالتهاب الرئوي)، بالإضافة لمعالجة التهابات الأذن والمسالك البولية وعدوى الأسنان.","قد يصاحبه إسهال أو اضطرابات هضمية خفيفة. يجب التوقف فوراً ومراجعة الطبيب إذا ظهر طفح جلدي كثيف أو تورم يشير لحساسية من البنسلين."
551,"Timentin 3.2g Vials","تيمنتين فيال",Antibiotics,"تُستخدم تيمنتين فيال كمضاد حيوي واسع المجال بتركيبة البنسلين، يُستخدم بفعالية فائقة للقضاء على الالتهابات البكتيرية في الجهاز التنفسي العلوي والسفلي (كالتهاب اللوزتين والجيوب الأنفية والالتهاب الرئوي)، بالإضافة لمعالجة التهابات الأذن والمسالك البولية وعدوى الأسنان.","قد يصاحبه إسهال أو اضطرابات هضمية خفيفة. يجب التوقف فوراً ومراجعة الطبيب إذا ظهر طفح جلدي كثيف أو تورم يشير لحساسية من البنسلين."
552,"Chloramphenicol 250mg Capsules","كلورامفينيكول كبسولات 250 مجم",Antibiotics,"تُستخدم كلورامفينيكول كبسولات 250 مجم كمضاد حيوي واسع المجال بتركيبة البنسلين، يُستخدم بفعالية فائقة للقضاء على الالتهابات البكتيرية في الجهاز التنفسي العلوي والسفلي (كالتهاب اللوزتين والجيوب الأنفية والالتهاب الرئوي)، بالإضافة لمعالجة التهابات الأذن والمسالك البولية وعدوى الأسنان.","قد يصاحبه إسهال أو اضطرابات هضمية خفيفة. يجب التوقف فوراً ومراجعة الطبيب إذا ظهر طفح جلدي كثيف أو تورم يشير لحساسية من البنسلين."
553,"Gentamicin Ampoules","جنتاميسين أمبولات",Antibiotics,"تُستخدم جنتاميسين أمبولات كمضاد حيوي واسع المجال بتركيبة البنسلين، يُستخدم بفعالية فائقة للقضاء على الالتهابات البكتيرية في الجهاز التنفسي العلوي والسفلي (كالتهاب اللوزتين والجيوب الأنفية والالتهاب الرئوي)، بالإضافة لمعالجة التهابات الأذن والمسالك البولية وعدوى الأسنان.","قد يصاحبه إسهال أو اضطرابات هضمية خفيفة. يجب التوقف فوراً ومراجعة الطبيب إذا ظهر طفح جلدي كثيف أو تورم يشير لحساسية من البنسلين."
554,"Victoza 6mg/ml Injection","فيكتوزا حقن 6 مجم/مل",Diabetes,"تُستخدم فيكتوزا حقن 6 مجم/مل كعلاج هرموني بديل (أو محفز للبنكرياس) لمرضى السكري من النوع الأول المعتمدين لتنظيم جلوكوز الدم كلياً، ومُساعد قوي للنوع الثاني للتحكم بصعود السكر العنيف.","الصداع الملحوظ، هبوط وتدني مستويات السكر السريعة والتي ترافقها رجفة واختلال في التوازن، وزيادة الوزن المرتبطة بأخذ الإنسولين لمدد طويلة."
555,"Tresiba 100IU FlexTouch","تريسيبا فليكس تاتش 100 وحدة",Diabetes,"تُستخدم تريسيبا فليكس تاتش 100 وحدة كعلاج هرموني بديل (أو محفز للبنكرياس) لمرضى السكري من النوع الأول المعتمدين لتنظيم جلوكوز الدم كلياً، ومُساعد قوي للنوع الثاني للتحكم بصعود السكر العنيف.","الصداع الملحوظ، هبوط وتدني مستويات السكر السريعة والتي ترافقها رجفة واختلال في التوازن، وزيادة الوزن المرتبطة بأخذ الإنسولين لمدد طويلة."
556,"Toujeo 300IU/ml Injection","توجيو حقن 300 وحدة/مل",Diabetes,"تُستخدم توجيو حقن 300 وحدة/مل كعلاج هرموني بديل (أو محفز للبنكرياس) لمرضى السكري من النوع الأول المعتمدين لتنظيم جلوكوز الدم كلياً، ومُساعد قوي للنوع الثاني للتحكم بصعود السكر العنيف.","الصداع الملحوظ، هبوط وتدني مستويات السكر السريعة والتي ترافقها رجفة واختلال في التوازن، وزيادة الوزن المرتبطة بأخذ الإنسولين لمدد طويلة."
557,"Farxiga 10mg Tablets","فاركسيجا أقراص 10 مجم",Diabetes,"تُستخدم فاركسيجا أقراص 10 مجم كمنظم حيوي وأساسي لسكر الدم يعمل على زيادة حساسية الجسم للإنسولين وتقليل إنتاج الكبد اللحظي للسكر. يعتبر طوق النجاة الأول عالمياً لمرضى السكري من النوع الثاني.","اضطرابات الجهاز الهضمي المؤقتة هي العرض الأشهر (الإسهال الشديد، ألآم البطن، والانتفاخ)، ويفضل تناوله في وسط الوجبات لتقليل هذا الأثر."
558,"Invokana 100mg Tablets","إنفوكانا أقراص 100 مجم",Diabetes,"تُستخدم إنفوكانا أقراص 100 مجم كمنظم حيوي وأساسي لسكر الدم يعمل على زيادة حساسية الجسم للإنسولين وتقليل إنتاج الكبد اللحظي للسكر. يعتبر طوق النجاة الأول عالمياً لمرضى السكري من النوع الثاني.","اضطرابات الجهاز الهضمي المؤقتة هي العرض الأشهر (الإسهال الشديد، ألآم البطن، والانتفاخ)، ويفضل تناوله في وسط الوجبات لتقليل هذا الأثر."
559,"Zofran 8mg Tablets","زوفران أقراص 8 مجم","Oncology Support","تُستخدم زوفران أقراص 8 مجم كدواء علاجي متخصص يوصف من قِبل الطبيب المختص بناء على الحالة المرضية السريرية للوصول للمعدل المطلوب للشفاء واستقرار العلامات الحيوية للجسم.","متفاوتة من مريض لآخر حيث يستجيب الجسم للمادة الفعالة إما بانسجام وتسكين للآلام أو بظهور أعراض كالإرهاق العام أو الإضطرابات الهضمية العابرة."
560,"Kytril 1mg Tablets","كيتريل أقراص 1 مجم","Oncology Support","تُستخدم كيتريل أقراص 1 مجم كدواء علاجي متخصص يوصف من قِبل الطبيب المختص بناء على الحالة المرضية السريرية للوصول للمعدل المطلوب للشفاء واستقرار العلامات الحيوية للجسم.","متفاوتة من مريض لآخر حيث يستجيب الجسم للمادة الفعالة إما بانسجام وتسكين للآلام أو بظهور أعراض كالإرهاق العام أو الإضطرابات الهضمية العابرة."
561,"Emend 125mg Capsules","إيميند كبسولات 125 مجم","Oncology Support","تُستخدم إيميند كبسولات 125 مجم كدواء علاجي متخصص يوصف من قِبل الطبيب المختص بناء على الحالة المرضية السريرية للوصول للمعدل المطلوب للشفاء واستقرار العلامات الحيوية للجسم.","متفاوتة من مريض لآخر حيث يستجيب الجسم للمادة الفعالة إما بانسجام وتسكين للآلام أو بظهور أعراض كالإرهاق العام أو الإضطرابات الهضمية العابرة."
562,"Neupogen Injection","نيوبوجين حقن","Oncology Support","تُستخدم نيوبوجين حقن كدواء علاجي متخصص يوصف من قِبل الطبيب المختص بناء على الحالة المرضية السريرية للوصول للمعدل المطلوب للشفاء واستقرار العلامات الحيوية للجسم.","متفاوتة من مريض لآخر حيث يستجيب الجسم للمادة الفعالة إما بانسجام وتسكين للآلام أو بظهور أعراض كالإرهاق العام أو الإضطرابات الهضمية العابرة."
563,"Zoledronic Acid Infusion","حمض زوليدرونيك تسريب","Oncology Support","تُستخدم حمض زوليدرونيك تسريب كدواء علاجي متخصص يوصف من قِبل الطبيب المختص بناء على الحالة المرضية السريرية للوصول للمعدل المطلوب للشفاء واستقرار العلامات الحيوية للجسم.","متفاوتة من مريض لآخر حيث يستجيب الجسم للمادة الفعالة إما بانسجام وتسكين للآلام أو بظهور أعراض كالإرهاق العام أو الإضطرابات الهضمية العابرة."
564,"Dexamethasone 4mg Tablets","ديكساميثازون أقراص 4 مجم","Oncology Support","تُستخدم ديكساميثازون أقراص 4 مجم كمضاد فعّال وشديد القوة للالتهابات المناعية المفرطة وحالات الربو الحادة وهجمات التحسس الجسدي الخطيرة، بالإضافة لكبحه السريع للأمراض الروماتيزمية وتورم المفاصل.","دواء ضروري لكنه خطير عند سوء الاستخدام الطويل بلا وعاء طبي متريث، فهو يتسبب باحتباس الماء تحت الجلد، وزيادة مخيفة في الوزن وارتفاع ضغط الدم."
565,"Loperamide 2mg Capsules","لوبيراميد كبسولات 2 مجم","Oncology Support","تُستخدم لوبيراميد كبسولات 2 مجم كدواء علاجي متخصص يوصف من قِبل الطبيب المختص بناء على الحالة المرضية السريرية للوصول للمعدل المطلوب للشفاء واستقرار العلامات الحيوية للجسم.","متفاوتة من مريض لآخر حيث يستجيب الجسم للمادة الفعالة إما بانسجام وتسكين للآلام أو بظهور أعراض كالإرهاق العام أو الإضطرابات الهضمية العابرة."
566,"Fluconazole 150mg Capsules","فلوكونازول كبسولات 150 مجم",Antifungals,"تُستخدم فلوكونازول كبسولات 150 مجم كمضاد حيوي واسع المجال بتركيبة البنسلين، يُستخدم بفعالية فائقة للقضاء على الالتهابات البكتيرية في الجهاز التنفسي العلوي والسفلي (كالتهاب اللوزتين والجيوب الأنفية والالتهاب الرئوي)، بالإضافة لمعالجة التهابات الأذن والمسالك البولية وعدوى الأسنان.","قد يصاحبه إسهال أو اضطرابات هضمية خفيفة. يجب التوقف فوراً ومراجعة الطبيب إذا ظهر طفح جلدي كثيف أو تورم يشير لحساسية من البنسلين."
567,"Acyclovir 400mg Tablets","أسيكلوفير أقراص 400 مجم",Antivirals,"تُستخدم أسيكلوفير أقراص 400 مجم كمضاد حيوي واسع المجال بتركيبة البنسلين، يُستخدم بفعالية فائقة للقضاء على الالتهابات البكتيرية في الجهاز التنفسي العلوي والسفلي (كالتهاب اللوزتين والجيوب الأنفية والالتهاب الرئوي)، بالإضافة لمعالجة التهابات الأذن والمسالك البولية وعدوى الأسنان.","قد يصاحبه إسهال أو اضطرابات هضمية خفيفة. يجب التوقف فوراً ومراجعة الطبيب إذا ظهر طفح جلدي كثيف أو تورم يشير لحساسية من البنسلين."
568,"Trimethoprim-Sulfa Tablets","ترايميثوبريم-سلفا أقراص",Antibiotics,"تُستخدم ترايميثوبريم-سلفا أقراص كمضاد حيوي واسع المجال بتركيبة البنسلين، يُستخدم بفعالية فائقة للقضاء على الالتهابات البكتيرية في الجهاز التنفسي العلوي والسفلي (كالتهاب اللوزتين والجيوب الأنفية والالتهاب الرئوي)، بالإضافة لمعالجة التهابات الأذن والمسالك البولية وعدوى الأسنان.","قد يصاحبه إسهال أو اضطرابات هضمية خفيفة. يجب التوقف فوراً ومراجعة الطبيب إذا ظهر طفح جلدي كثيف أو تورم يشير لحساسية من البنسلين."
569,"Ondansetron Ampoules","أوندانسيترون أمبولات","Oncology Support","تُستخدم أوندانسيترون أمبولات كدواء علاجي متخصص يوصف من قِبل الطبيب المختص بناء على الحالة المرضية السريرية للوصول للمعدل المطلوب للشفاء واستقرار العلامات الحيوية للجسم.","متفاوتة من مريض لآخر حيث يستجيب الجسم للمادة الفعالة إما بانسجام وتسكين للآلام أو بظهور أعراض كالإرهاق العام أو الإضطرابات الهضمية العابرة."
570,"Tramadol 100mg Ampoules","ترامادول أمبولات 100 مجم",Painkillers,"تُستخدم ترامادول أمبولات 100 مجم كمسكن قوي وفعال لآلام الهيكل العظمي والمفاصل، وخافض سريع لحرارة الجسم المرتفعة (الحمى). يُستخدم بكفاءة لعلاج الصداع أو الصداع النصفي، آلام الدورة الشهرية لدى النساء، والتهابات الحلق المرافقة لنزلات البرد وتخفيف آلام الأسنان.","يعتبر آمناً جداً عند الاستخدام المعتدل، ولكن الجرعات الزائدة المتكررة قد تسبب إجهاداً شديداً لوظائف الكبد، وفي حالات نادرة قد يحدث طفح جلدي طفيف."
571,"Diclofenac 75mg Ampoules","ديكلوفيناك أمبولات 75 مجم",Painkillers,"تُستخدم ديكلوفيناك أمبولات 75 مجم كمسكن قوي وفعال لآلام الهيكل العظمي والمفاصل، وخافض سريع لحرارة الجسم المرتفعة (الحمى). يُستخدم بكفاءة لعلاج الصداع أو الصداع النصفي، آلام الدورة الشهرية لدى النساء، والتهابات الحلق المرافقة لنزلات البرد وتخفيف آلام الأسنان.","يعتبر آمناً جداً عند الاستخدام المعتدل، ولكن الجرعات الزائدة المتكررة قد تسبب إجهاداً شديداً لوظائف الكبد، وفي حالات نادرة قد يحدث طفح جلدي طفيف."
572,"Ketorolac 30mg Ampoules","كيتورولاك أمبولات 30 مجم",Painkillers,"تُستخدم كيتورولاك أمبولات 30 مجم كمسكن قوي وفعال لآلام الهيكل العظمي والمفاصل، وخافض سريع لحرارة الجسم المرتفعة (الحمى). يُستخدم بكفاءة لعلاج الصداع أو الصداع النصفي، آلام الدورة الشهرية لدى النساء، والتهابات الحلق المرافقة لنزلات البرد وتخفيف آلام الأسنان.","يعتبر آمناً جداً عند الاستخدام المعتدل، ولكن الجرعات الزائدة المتكررة قد تسبب إجهاداً شديداً لوظائف الكبد، وفي حالات نادرة قد يحدث طفح جلدي طفيف."
573,"Morphine 10mg Ampoules","مورفين أمبولات 10 مجم",Painkillers,"تُستخدم مورفين أمبولات 10 مجم كمسكن قوي وفعال لآلام الهيكل العظمي والمفاصل، وخافض سريع لحرارة الجسم المرتفعة (الحمى). يُستخدم بكفاءة لعلاج الصداع أو الصداع النصفي، آلام الدورة الشهرية لدى النساء، والتهابات الحلق المرافقة لنزلات البرد وتخفيف آلام الأسنان.","يعتبر آمناً جداً عند الاستخدام المعتدل، ولكن الجرعات الزائدة المتكررة قد تسبب إجهاداً شديداً لوظائف الكبد، وفي حالات نادرة قد يحدث طفح جلدي طفيف."
574,"Pethidine 50mg Ampoules","بيثيدين أمبولات 50 مجم",Painkillers,"تُستخدم بيثيدين أمبولات 50 مجم كمسكن قوي وفعال لآلام الهيكل العظمي والمفاصل، وخافض سريع لحرارة الجسم المرتفعة (الحمى). يُستخدم بكفاءة لعلاج الصداع أو الصداع النصفي، آلام الدورة الشهرية لدى النساء، والتهابات الحلق المرافقة لنزلات البرد وتخفيف آلام الأسنان.","يعتبر آمناً جداً عند الاستخدام المعتدل، ولكن الجرعات الزائدة المتكررة قد تسبب إجهاداً شديداً لوظائف الكبد، وفي حالات نادرة قد يحدث طفح جلدي طفيف."
575,"Meclivergo 25mg Tablets","ميكليزيجو أقراص 25 مجم","Neurology & Vestibular","تُستخدم ميكليزيجو أقراص 25 مجم كأدوية عصبية محورية وضرورية للغاية؛ لتنظيم التوازن اللحظي لكهرباء المخ ومهدئ نشط جداً لإشارات الألم العصبي. ناجزة لمرضى الصرع والاختلاجات السريعة وللتحكم بتهيج الخلايا العصبية الناتج عن الاكتئابات والقلق المفرط.","استقرار حيوي مقابل الشعور المحتمل المتواصل بالنعاس والدوار الذي يخل بالخفة، ويُمنع نهائياً ترك الدواء المفاجئ لتفادي التشنجات الارتدادية أو الهبوط المفاجئ للمرضى."
576,"Meclizine 25mg Tablets","ميكلزين أقراص 25 مجم","Neurology & Vestibular","تُستخدم ميكلزين أقراص 25 مجم كأدوية عصبية محورية وضرورية للغاية؛ لتنظيم التوازن اللحظي لكهرباء المخ ومهدئ نشط جداً لإشارات الألم العصبي. ناجزة لمرضى الصرع والاختلاجات السريعة وللتحكم بتهيج الخلايا العصبية الناتج عن الاكتئابات والقلق المفرط.","استقرار حيوي مقابل الشعور المحتمل المتواصل بالنعاس والدوار الذي يخل بالخفة، ويُمنع نهائياً ترك الدواء المفاجئ لتفادي التشنجات الارتدادية أو الهبوط المفاجئ للمرضى."
577,"Stugeron 25mg Tablets","ستوجيرون أقراص 25 مجم","Neurology & Vestibular","تُستخدم ستوجيرون أقراص 25 مجم كأدوية عصبية محورية وضرورية للغاية؛ لتنظيم التوازن اللحظي لكهرباء المخ ومهدئ نشط جداً لإشارات الألم العصبي. ناجزة لمرضى الصرع والاختلاجات السريعة وللتحكم بتهيج الخلايا العصبية الناتج عن الاكتئابات والقلق المفرط.","استقرار حيوي مقابل الشعور المحتمل المتواصل بالنعاس والدوار الذي يخل بالخفة، ويُمنع نهائياً ترك الدواء المفاجئ لتفادي التشنجات الارتدادية أو الهبوط المفاجئ للمرضى."
578,"Stugeron Forte 75mg Tablets","ستوجيرون فورت أقراص 75 مجم","Neurology & Vestibular","تُستخدم ستوجيرون فورت أقراص 75 مجم كأدوية عصبية محورية وضرورية للغاية؛ لتنظيم التوازن اللحظي لكهرباء المخ ومهدئ نشط جداً لإشارات الألم العصبي. ناجزة لمرضى الصرع والاختلاجات السريعة وللتحكم بتهيج الخلايا العصبية الناتج عن الاكتئابات والقلق المفرط.","استقرار حيوي مقابل الشعور المحتمل المتواصل بالنعاس والدوار الذي يخل بالخفة، ويُمنع نهائياً ترك الدواء المفاجئ لتفادي التشنجات الارتدادية أو الهبوط المفاجئ للمرضى."
579,"Serc 16mg Tablets","سيرك أقراص 16 مجم","Neurology & Vestibular","تُستخدم سيرك أقراص 16 مجم كأدوية عصبية محورية وضرورية للغاية؛ لتنظيم التوازن اللحظي لكهرباء المخ ومهدئ نشط جداً لإشارات الألم العصبي. ناجزة لمرضى الصرع والاختلاجات السريعة وللتحكم بتهيج الخلايا العصبية الناتج عن الاكتئابات والقلق المفرط.","استقرار حيوي مقابل الشعور المحتمل المتواصل بالنعاس والدوار الذي يخل بالخفة، ويُمنع نهائياً ترك الدواء المفاجئ لتفادي التشنجات الارتدادية أو الهبوط المفاجئ للمرضى."
580,"Serc 8mg Tablets","سيرك أقراص 8 مجم","Neurology & Vestibular","تُستخدم سيرك أقراص 8 مجم كأدوية عصبية محورية وضرورية للغاية؛ لتنظيم التوازن اللحظي لكهرباء المخ ومهدئ نشط جداً لإشارات الألم العصبي. ناجزة لمرضى الصرع والاختلاجات السريعة وللتحكم بتهيج الخلايا العصبية الناتج عن الاكتئابات والقلق المفرط.","استقرار حيوي مقابل الشعور المحتمل المتواصل بالنعاس والدوار الذي يخل بالخفة، ويُمنع نهائياً ترك الدواء المفاجئ لتفادي التشنجات الارتدادية أو الهبوط المفاجئ للمرضى."
581,"Vertin 16mg Tablets","فيرتين أقراص 16 مجم","Neurology & Vestibular","تُستخدم فيرتين أقراص 16 مجم كأدوية عصبية محورية وضرورية للغاية؛ لتنظيم التوازن اللحظي لكهرباء المخ ومهدئ نشط جداً لإشارات الألم العصبي. ناجزة لمرضى الصرع والاختلاجات السريعة وللتحكم بتهيج الخلايا العصبية الناتج عن الاكتئابات والقلق المفرط.","استقرار حيوي مقابل الشعور المحتمل المتواصل بالنعاس والدوار الذي يخل بالخفة، ويُمنع نهائياً ترك الدواء المفاجئ لتفادي التشنجات الارتدادية أو الهبوط المفاجئ للمرضى."
582,"Valium 2mg Tablets","فاليوم أقراص 2 مجم",Neurological,"تُستخدم فاليوم أقراص 2 مجم كأدوية عصبية محورية وضرورية للغاية؛ لتنظيم التوازن اللحظي لكهرباء المخ ومهدئ نشط جداً لإشارات الألم العصبي. ناجزة لمرضى الصرع والاختلاجات السريعة وللتحكم بتهيج الخلايا العصبية الناتج عن الاكتئابات والقلق المفرط.","استقرار حيوي مقابل الشعور المحتمل المتواصل بالنعاس والدوار الذي يخل بالخفة، ويُمنع نهائياً ترك الدواء المفاجئ لتفادي التشنجات الارتدادية أو الهبوط المفاجئ للمرضى."
583,"Dramamine Tablets","درامامين أقراص","Neurology & Vestibular","تُستخدم درامامين أقراص كأدوية عصبية محورية وضرورية للغاية؛ لتنظيم التوازن اللحظي لكهرباء المخ ومهدئ نشط جداً لإشارات الألم العصبي. ناجزة لمرضى الصرع والاختلاجات السريعة وللتحكم بتهيج الخلايا العصبية الناتج عن الاكتئابات والقلق المفرط.","استقرار حيوي مقابل الشعور المحتمل المتواصل بالنعاس والدوار الذي يخل بالخفة، ويُمنع نهائياً ترك الدواء المفاجئ لتفادي التشنجات الارتدادية أو الهبوط المفاجئ للمرضى."
584,"Gravol Tablets","جرافول أقراص","Neurology & Vestibular","تُستخدم جرافول أقراص كأدوية عصبية محورية وضرورية للغاية؛ لتنظيم التوازن اللحظي لكهرباء المخ ومهدئ نشط جداً لإشارات الألم العصبي. ناجزة لمرضى الصرع والاختلاجات السريعة وللتحكم بتهيج الخلايا العصبية الناتج عن الاكتئابات والقلق المفرط.","استقرار حيوي مقابل الشعور المحتمل المتواصل بالنعاس والدوار الذي يخل بالخفة، ويُمنع نهائياً ترك الدواء المفاجئ لتفادي التشنجات الارتدادية أو الهبوط المفاجئ للمرضى."
585,"Amitriptyline 25mg Tablets","أميتريبتيلين أقراص 25 مجم",Neurological,"تُستخدم أميتريبتيلين أقراص 25 مجم كأدوية عصبية محورية وضرورية للغاية؛ لتنظيم التوازن اللحظي لكهرباء المخ ومهدئ نشط جداً لإشارات الألم العصبي. ناجزة لمرضى الصرع والاختلاجات السريعة وللتحكم بتهيج الخلايا العصبية الناتج عن الاكتئابات والقلق المفرط.","استقرار حيوي مقابل الشعور المحتمل المتواصل بالنعاس والدوار الذي يخل بالخفة، ويُمنع نهائياً ترك الدواء المفاجئ لتفادي التشنجات الارتدادية أو الهبوط المفاجئ للمرضى."
586,"Amitriptyline 75mg Tablets","أميتريبتيلين أقراص 75 مجم",Neurological,"تُستخدم أميتريبتيلين أقراص 75 مجم كأدوية عصبية محورية وضرورية للغاية؛ لتنظيم التوازن اللحظي لكهرباء المخ ومهدئ نشط جداً لإشارات الألم العصبي. ناجزة لمرضى الصرع والاختلاجات السريعة وللتحكم بتهيج الخلايا العصبية الناتج عن الاكتئابات والقلق المفرط.","استقرار حيوي مقابل الشعور المحتمل المتواصل بالنعاس والدوار الذي يخل بالخفة، ويُمنع نهائياً ترك الدواء المفاجئ لتفادي التشنجات الارتدادية أو الهبوط المفاجئ للمرضى."
587,"Tofranil 25mg Tablets","توفرانيل أقراص 25 مجم",Neurological,"تُستخدم توفرانيل أقراص 25 مجم كأدوية عصبية محورية وضرورية للغاية؛ لتنظيم التوازن اللحظي لكهرباء المخ ومهدئ نشط جداً لإشارات الألم العصبي. ناجزة لمرضى الصرع والاختلاجات السريعة وللتحكم بتهيج الخلايا العصبية الناتج عن الاكتئابات والقلق المفرط.","استقرار حيوي مقابل الشعور المحتمل المتواصل بالنعاس والدوار الذي يخل بالخفة، ويُمنع نهائياً ترك الدواء المفاجئ لتفادي التشنجات الارتدادية أو الهبوط المفاجئ للمرضى."
588,"Luvox 100mg Tablets","لوفوكس أقراص 100 مجم",Neurological,"تُستخدم لوفوكس أقراص 100 مجم كأدوية عصبية محورية وضرورية للغاية؛ لتنظيم التوازن اللحظي لكهرباء المخ ومهدئ نشط جداً لإشارات الألم العصبي. ناجزة لمرضى الصرع والاختلاجات السريعة وللتحكم بتهيج الخلايا العصبية الناتج عن الاكتئابات والقلق المفرط.","استقرار حيوي مقابل الشعور المحتمل المتواصل بالنعاس والدوار الذي يخل بالخفة، ويُمنع نهائياً ترك الدواء المفاجئ لتفادي التشنجات الارتدادية أو الهبوط المفاجئ للمرضى."
589,"Anafranil 25mg Tablets","أنافرانيل أقراص 25 مجم",Neurological,"تُستخدم أنافرانيل أقراص 25 مجم كأدوية عصبية محورية وضرورية للغاية؛ لتنظيم التوازن اللحظي لكهرباء المخ ومهدئ نشط جداً لإشارات الألم العصبي. ناجزة لمرضى الصرع والاختلاجات السريعة وللتحكم بتهيج الخلايا العصبية الناتج عن الاكتئابات والقلق المفرط.","استقرار حيوي مقابل الشعور المحتمل المتواصل بالنعاس والدوار الذي يخل بالخفة، ويُمنع نهائياً ترك الدواء المفاجئ لتفادي التشنجات الارتدادية أو الهبوط المفاجئ للمرضى."
590,"Effexor 75mg Capsules","إيفيكسور كبسولات 75 مجم",Neurological,"تُستخدم إيفيكسور كبسولات 75 مجم كأدوية عصبية محورية وضرورية للغاية؛ لتنظيم التوازن اللحظي لكهرباء المخ ومهدئ نشط جداً لإشارات الألم العصبي. ناجزة لمرضى الصرع والاختلاجات السريعة وللتحكم بتهيج الخلايا العصبية الناتج عن الاكتئابات والقلق المفرط.","استقرار حيوي مقابل الشعور المحتمل المتواصل بالنعاس والدوار الذي يخل بالخفة، ويُمنع نهائياً ترك الدواء المفاجئ لتفادي التشنجات الارتدادية أو الهبوط المفاجئ للمرضى."
591,"Mirtazapine 30mg Tablets","ميرتازابين أقراص 30 مجم",Neurological,"تُستخدم ميرتازابين أقراص 30 مجم كأدوية عصبية محورية وضرورية للغاية؛ لتنظيم التوازن اللحظي لكهرباء المخ ومهدئ نشط جداً لإشارات الألم العصبي. ناجزة لمرضى الصرع والاختلاجات السريعة وللتحكم بتهيج الخلايا العصبية الناتج عن الاكتئابات والقلق المفرط.","استقرار حيوي مقابل الشعور المحتمل المتواصل بالنعاس والدوار الذي يخل بالخفة، ويُمنع نهائياً ترك الدواء المفاجئ لتفادي التشنجات الارتدادية أو الهبوط المفاجئ للمرضى."
592,"Bupropion 150mg Tablets","بوبروبيون أقراص 150 مجم",Neurological,"تُستخدم بوبروبيون أقراص 150 مجم كأدوية عصبية محورية وضرورية للغاية؛ لتنظيم التوازن اللحظي لكهرباء المخ ومهدئ نشط جداً لإشارات الألم العصبي. ناجزة لمرضى الصرع والاختلاجات السريعة وللتحكم بتهيج الخلايا العصبية الناتج عن الاكتئابات والقلق المفرط.","استقرار حيوي مقابل الشعور المحتمل المتواصل بالنعاس والدوار الذي يخل بالخفة، ويُمنع نهائياً ترك الدواء المفاجئ لتفادي التشنجات الارتدادية أو الهبوط المفاجئ للمرضى."
593,"Quetiapine 25mg Tablets","كويتيابين أقراص 25 مجم",Neurological,"تُستخدم كويتيابين أقراص 25 مجم كأدوية عصبية محورية وضرورية للغاية؛ لتنظيم التوازن اللحظي لكهرباء المخ ومهدئ نشط جداً لإشارات الألم العصبي. ناجزة لمرضى الصرع والاختلاجات السريعة وللتحكم بتهيج الخلايا العصبية الناتج عن الاكتئابات والقلق المفرط.","استقرار حيوي مقابل الشعور المحتمل المتواصل بالنعاس والدوار الذي يخل بالخفة، ويُمنع نهائياً ترك الدواء المفاجئ لتفادي التشنجات الارتدادية أو الهبوط المفاجئ للمرضى."
594,"Quetiapine 100mg Tablets","كويتيابين أقراص 100 مجم",Neurological,"تُستخدم كويتيابين أقراص 100 مجم كأدوية عصبية محورية وضرورية للغاية؛ لتنظيم التوازن اللحظي لكهرباء المخ ومهدئ نشط جداً لإشارات الألم العصبي. ناجزة لمرضى الصرع والاختلاجات السريعة وللتحكم بتهيج الخلايا العصبية الناتج عن الاكتئابات والقلق المفرط.","استقرار حيوي مقابل الشعور المحتمل المتواصل بالنعاس والدوار الذي يخل بالخفة، ويُمنع نهائياً ترك الدواء المفاجئ لتفادي التشنجات الارتدادية أو الهبوط المفاجئ للمرضى."
595,"Invega 6mg Tablets","إنفيجا أقراص 6 مجم",Neurological,"تُستخدم إنفيجا أقراص 6 مجم كأدوية عصبية محورية وضرورية للغاية؛ لتنظيم التوازن اللحظي لكهرباء المخ ومهدئ نشط جداً لإشارات الألم العصبي. ناجزة لمرضى الصرع والاختلاجات السريعة وللتحكم بتهيج الخلايا العصبية الناتج عن الاكتئابات والقلق المفرط.","استقرار حيوي مقابل الشعور المحتمل المتواصل بالنعاس والدوار الذي يخل بالخفة، ويُمنع نهائياً ترك الدواء المفاجئ لتفادي التشنجات الارتدادية أو الهبوط المفاجئ للمرضى."
596,"Abilify 10mg Tablets","أبيليفاي أقراص 10 مجم",Neurological,"تُستخدم أبيليفاي أقراص 10 مجم كأدوية عصبية محورية وضرورية للغاية؛ لتنظيم التوازن اللحظي لكهرباء المخ ومهدئ نشط جداً لإشارات الألم العصبي. ناجزة لمرضى الصرع والاختلاجات السريعة وللتحكم بتهيج الخلايا العصبية الناتج عن الاكتئابات والقلق المفرط.","استقرار حيوي مقابل الشعور المحتمل المتواصل بالنعاس والدوار الذي يخل بالخفة، ويُمنع نهائياً ترك الدواء المفاجئ لتفادي التشنجات الارتدادية أو الهبوط المفاجئ للمرضى."
597,"Phenobarbitone 30mg Tablets","فينوباربيتون أقراص 30 مجم",Neurological,"تُستخدم فينوباربيتون أقراص 30 مجم كأدوية عصبية محورية وضرورية للغاية؛ لتنظيم التوازن اللحظي لكهرباء المخ ومهدئ نشط جداً لإشارات الألم العصبي. ناجزة لمرضى الصرع والاختلاجات السريعة وللتحكم بتهيج الخلايا العصبية الناتج عن الاكتئابات والقلق المفرط.","استقرار حيوي مقابل الشعور المحتمل المتواصل بالنعاس والدوار الذي يخل بالخفة، ويُمنع نهائياً ترك الدواء المفاجئ لتفادي التشنجات الارتدادية أو الهبوط المفاجئ للمرضى."
598,"Phenytoin 100mg Tablets","فينيتوين أقراص 100 مجم",Neurological,"تُستخدم فينيتوين أقراص 100 مجم كأدوية عصبية محورية وضرورية للغاية؛ لتنظيم التوازن اللحظي لكهرباء المخ ومهدئ نشط جداً لإشارات الألم العصبي. ناجزة لمرضى الصرع والاختلاجات السريعة وللتحكم بتهيج الخلايا العصبية الناتج عن الاكتئابات والقلق المفرط.","استقرار حيوي مقابل الشعور المحتمل المتواصل بالنعاس والدوار الذي يخل بالخفة، ويُمنع نهائياً ترك الدواء المفاجئ لتفادي التشنجات الارتدادية أو الهبوط المفاجئ للمرضى."
599,"Trileptal 300mg Tablets","تريليبتال أقراص 300 مجم",Neurological,"تُستخدم تريليبتال أقراص 300 مجم كأدوية عصبية محورية وضرورية للغاية؛ لتنظيم التوازن اللحظي لكهرباء المخ ومهدئ نشط جداً لإشارات الألم العصبي. ناجزة لمرضى الصرع والاختلاجات السريعة وللتحكم بتهيج الخلايا العصبية الناتج عن الاكتئابات والقلق المفرط.","استقرار حيوي مقابل الشعور المحتمل المتواصل بالنعاس والدوار الذي يخل بالخفة، ويُمنع نهائياً ترك الدواء المفاجئ لتفادي التشنجات الارتدادية أو الهبوط المفاجئ للمرضى."
600,"Lamictal 100mg Tablets","لاميكتال أقراص 100 مجم",Neurological,"تُستخدم لاميكتال أقراص 100 مجم كأدوية عصبية محورية وضرورية للغاية؛ لتنظيم التوازن اللحظي لكهرباء المخ ومهدئ نشط جداً لإشارات الألم العصبي. ناجزة لمرضى الصرع والاختلاجات السريعة وللتحكم بتهيج الخلايا العصبية الناتج عن الاكتئابات والقلق المفرط.","استقرار حيوي مقابل الشعور المحتمل المتواصل بالنعاس والدوار الذي يخل بالخفة، ويُمنع نهائياً ترك الدواء المفاجئ لتفادي التشنجات الارتدادية أو الهبوط المفاجئ للمرضى."
601,"Neurontin 300mg Capsules","نيورونتين كبسولات 300 مجم",Neurological,"تُستخدم نيورونتين كبسولات 300 مجم كأدوية عصبية محورية وضرورية للغاية؛ لتنظيم التوازن اللحظي لكهرباء المخ ومهدئ نشط جداً لإشارات الألم العصبي. ناجزة لمرضى الصرع والاختلاجات السريعة وللتحكم بتهيج الخلايا العصبية الناتج عن الاكتئابات والقلق المفرط.","استقرار حيوي مقابل الشعور المحتمل المتواصل بالنعاس والدوار الذي يخل بالخفة، ويُمنع نهائياً ترك الدواء المفاجئ لتفادي التشنجات الارتدادية أو الهبوط المفاجئ للمرضى."
602,"Neurontin 400mg Capsules","نيورونتين كبسولات 400 مجم",Neurological,"تُستخدم نيورونتين كبسولات 400 مجم كأدوية عصبية محورية وضرورية للغاية؛ لتنظيم التوازن اللحظي لكهرباء المخ ومهدئ نشط جداً لإشارات الألم العصبي. ناجزة لمرضى الصرع والاختلاجات السريعة وللتحكم بتهيج الخلايا العصبية الناتج عن الاكتئابات والقلق المفرط.","استقرار حيوي مقابل الشعور المحتمل المتواصل بالنعاس والدوار الذي يخل بالخفة، ويُمنع نهائياً ترك الدواء المفاجئ لتفادي التشنجات الارتدادية أو الهبوط المفاجئ للمرضى."
603,"Topamax 50mg Tablets","توباماكس أقراص 50 مجم",Neurological,"تُستخدم توباماكس أقراص 50 مجم كأدوية عصبية محورية وضرورية للغاية؛ لتنظيم التوازن اللحظي لكهرباء المخ ومهدئ نشط جداً لإشارات الألم العصبي. ناجزة لمرضى الصرع والاختلاجات السريعة وللتحكم بتهيج الخلايا العصبية الناتج عن الاكتئابات والقلق المفرط.","استقرار حيوي مقابل الشعور المحتمل المتواصل بالنعاس والدوار الذي يخل بالخفة، ويُمنع نهائياً ترك الدواء المفاجئ لتفادي التشنجات الارتدادية أو الهبوط المفاجئ للمرضى."
604,"Diamox 250mg Tablets","دياموكس أقراص 250 مجم",Neurological,"تُستخدم دياموكس أقراص 250 مجم كأدوية عصبية محورية وضرورية للغاية؛ لتنظيم التوازن اللحظي لكهرباء المخ ومهدئ نشط جداً لإشارات الألم العصبي. ناجزة لمرضى الصرع والاختلاجات السريعة وللتحكم بتهيج الخلايا العصبية الناتج عن الاكتئابات والقلق المفرط.","استقرار حيوي مقابل الشعور المحتمل المتواصل بالنعاس والدوار الذي يخل بالخفة، ويُمنع نهائياً ترك الدواء المفاجئ لتفادي التشنجات الارتدادية أو الهبوط المفاجئ للمرضى."
605,"Imigran 50mg Tablets","إميجران أقراص 50 مجم",Neurological,"تُستخدم إميجران أقراص 50 مجم كأدوية عصبية محورية وضرورية للغاية؛ لتنظيم التوازن اللحظي لكهرباء المخ ومهدئ نشط جداً لإشارات الألم العصبي. ناجزة لمرضى الصرع والاختلاجات السريعة وللتحكم بتهيج الخلايا العصبية الناتج عن الاكتئابات والقلق المفرط.","استقرار حيوي مقابل الشعور المحتمل المتواصل بالنعاس والدوار الذي يخل بالخفة، ويُمنع نهائياً ترك الدواء المفاجئ لتفادي التشنجات الارتدادية أو الهبوط المفاجئ للمرضى."
606,"Naramig 2.5mg Tablets","نارامج أقراص 2.5 مجم",Neurological,"تُستخدم نارامج أقراص 2.5 مجم كأدوية عصبية محورية وضرورية للغاية؛ لتنظيم التوازن اللحظي لكهرباء المخ ومهدئ نشط جداً لإشارات الألم العصبي. ناجزة لمرضى الصرع والاختلاجات السريعة وللتحكم بتهيج الخلايا العصبية الناتج عن الاكتئابات والقلق المفرط.","استقرار حيوي مقابل الشعور المحتمل المتواصل بالنعاس والدوار الذي يخل بالخفة، ويُمنع نهائياً ترك الدواء المفاجئ لتفادي التشنجات الارتدادية أو الهبوط المفاجئ للمرضى."
607,"Nurofen Migraine Tablets","نوروفين مايجرين أقراص",Neurological,"تُستخدم نوروفين مايجرين أقراص كمضاد للالتهابات غير الستيرويدية (NSAID) يعمل كمسكن قوي للآلام المتوسطة إلى الشديدة، ويُستخدم بشكل واسع لخفض الحرارة، وتقليل التورم والالتهاب المرافق لالتهاب المفاصل، الكدمات، آلام الأسنان المبرحة والآلام الروماتيزمية.","شائعاً ما يسبب اضطرابات في المعدة كالتهاب الجدار المعدي أو الحموضة وحرقان الصدر، ويحظر استخدامه لمرضى قرحة المعدة أو الربو الشديد."
608,"Caffeine + Ergotamine Tablets","كافيين + إيرجوتامين أقراص",Neurological,"تُستخدم كافيين + إيرجوتامين أقراص كأدوية عصبية محورية وضرورية للغاية؛ لتنظيم التوازن اللحظي لكهرباء المخ ومهدئ نشط جداً لإشارات الألم العصبي. ناجزة لمرضى الصرع والاختلاجات السريعة وللتحكم بتهيج الخلايا العصبية الناتج عن الاكتئابات والقلق المفرط.","استقرار حيوي مقابل الشعور المحتمل المتواصل بالنعاس والدوار الذي يخل بالخفة، ويُمنع نهائياً ترك الدواء المفاجئ لتفادي التشنجات الارتدادية أو الهبوط المفاجئ للمرضى."
609,"Topiramate 25mg Tablets","توبيرامات أقراص 25 مجم",Neurological,"تُستخدم توبيرامات أقراص 25 مجم كأدوية عصبية محورية وضرورية للغاية؛ لتنظيم التوازن اللحظي لكهرباء المخ ومهدئ نشط جداً لإشارات الألم العصبي. ناجزة لمرضى الصرع والاختلاجات السريعة وللتحكم بتهيج الخلايا العصبية الناتج عن الاكتئابات والقلق المفرط.","استقرار حيوي مقابل الشعور المحتمل المتواصل بالنعاس والدوار الذي يخل بالخفة، ويُمنع نهائياً ترك الدواء المفاجئ لتفادي التشنجات الارتدادية أو الهبوط المفاجئ للمرضى."
610,"Flunarizine 5mg Capsules","فلوناريزين كبسولات 5 مجم",Neurological,"تُستخدم فلوناريزين كبسولات 5 مجم كأدوية عصبية محورية وضرورية للغاية؛ لتنظيم التوازن اللحظي لكهرباء المخ ومهدئ نشط جداً لإشارات الألم العصبي. ناجزة لمرضى الصرع والاختلاجات السريعة وللتحكم بتهيج الخلايا العصبية الناتج عن الاكتئابات والقلق المفرط.","استقرار حيوي مقابل الشعور المحتمل المتواصل بالنعاس والدوار الذي يخل بالخفة، ويُمنع نهائياً ترك الدواء المفاجئ لتفادي التشنجات الارتدادية أو الهبوط المفاجئ للمرضى."
611,"Sibelium 5mg Capsules","سيبيليوم كبسولات 5 مجم",Neurological,"تُستخدم سيبيليوم كبسولات 5 مجم كأدوية عصبية محورية وضرورية للغاية؛ لتنظيم التوازن اللحظي لكهرباء المخ ومهدئ نشط جداً لإشارات الألم العصبي. ناجزة لمرضى الصرع والاختلاجات السريعة وللتحكم بتهيج الخلايا العصبية الناتج عن الاكتئابات والقلق المفرط.","استقرار حيوي مقابل الشعور المحتمل المتواصل بالنعاس والدوار الذي يخل بالخفة، ويُمنع نهائياً ترك الدواء المفاجئ لتفادي التشنجات الارتدادية أو الهبوط المفاجئ للمرضى."
612,"Sinemet 25/100mg Tablets","سينيميت أقراص 25/100 مجم",Neurological,"تُستخدم سينيميت أقراص 25/100 مجم كأدوية عصبية محورية وضرورية للغاية؛ لتنظيم التوازن اللحظي لكهرباء المخ ومهدئ نشط جداً لإشارات الألم العصبي. ناجزة لمرضى الصرع والاختلاجات السريعة وللتحكم بتهيج الخلايا العصبية الناتج عن الاكتئابات والقلق المفرط.","استقرار حيوي مقابل الشعور المحتمل المتواصل بالنعاس والدوار الذي يخل بالخفة، ويُمنع نهائياً ترك الدواء المفاجئ لتفادي التشنجات الارتدادية أو الهبوط المفاجئ للمرضى."
613,"Madopar 125mg Capsules","مادوبار كبسولات 125 مجم",Neurological,"تُستخدم مادوبار كبسولات 125 مجم كأدوية عصبية محورية وضرورية للغاية؛ لتنظيم التوازن اللحظي لكهرباء المخ ومهدئ نشط جداً لإشارات الألم العصبي. ناجزة لمرضى الصرع والاختلاجات السريعة وللتحكم بتهيج الخلايا العصبية الناتج عن الاكتئابات والقلق المفرط.","استقرار حيوي مقابل الشعور المحتمل المتواصل بالنعاس والدوار الذي يخل بالخفة، ويُمنع نهائياً ترك الدواء المفاجئ لتفادي التشنجات الارتدادية أو الهبوط المفاجئ للمرضى."
614,"Requip 2mg Tablets","ريكوب أقراص 2 مجم",Neurological,"تُستخدم ريكوب أقراص 2 مجم كأدوية عصبية محورية وضرورية للغاية؛ لتنظيم التوازن اللحظي لكهرباء المخ ومهدئ نشط جداً لإشارات الألم العصبي. ناجزة لمرضى الصرع والاختلاجات السريعة وللتحكم بتهيج الخلايا العصبية الناتج عن الاكتئابات والقلق المفرط.","استقرار حيوي مقابل الشعور المحتمل المتواصل بالنعاس والدوار الذي يخل بالخفة، ويُمنع نهائياً ترك الدواء المفاجئ لتفادي التشنجات الارتدادية أو الهبوط المفاجئ للمرضى."
615,"Artane 2mg Tablets","أرتين أقراص 2 مجم",Neurological,"تُستخدم أرتين أقراص 2 مجم كأدوية عصبية محورية وضرورية للغاية؛ لتنظيم التوازن اللحظي لكهرباء المخ ومهدئ نشط جداً لإشارات الألم العصبي. ناجزة لمرضى الصرع والاختلاجات السريعة وللتحكم بتهيج الخلايا العصبية الناتج عن الاكتئابات والقلق المفرط.","استقرار حيوي مقابل الشعور المحتمل المتواصل بالنعاس والدوار الذي يخل بالخفة، ويُمنع نهائياً ترك الدواء المفاجئ لتفادي التشنجات الارتدادية أو الهبوط المفاجئ للمرضى."
616,"Trihexyphenidyl 2mg Tablets","ترايهيكسيفينيديل أقراص 2 مجم",Neurological,"تُستخدم ترايهيكسيفينيديل أقراص 2 مجم كأدوية عصبية محورية وضرورية للغاية؛ لتنظيم التوازن اللحظي لكهرباء المخ ومهدئ نشط جداً لإشارات الألم العصبي. ناجزة لمرضى الصرع والاختلاجات السريعة وللتحكم بتهيج الخلايا العصبية الناتج عن الاكتئابات والقلق المفرط.","استقرار حيوي مقابل الشعور المحتمل المتواصل بالنعاس والدوار الذي يخل بالخفة، ويُمنع نهائياً ترك الدواء المفاجئ لتفادي التشنجات الارتدادية أو الهبوط المفاجئ للمرضى."
617,"Parlodel 2.5mg Tablets","بارلوديل أقراص 2.5 مجم",Neurological,"تُستخدم بارلوديل أقراص 2.5 مجم كأدوية عصبية محورية وضرورية للغاية؛ لتنظيم التوازن اللحظي لكهرباء المخ ومهدئ نشط جداً لإشارات الألم العصبي. ناجزة لمرضى الصرع والاختلاجات السريعة وللتحكم بتهيج الخلايا العصبية الناتج عن الاكتئابات والقلق المفرط.","استقرار حيوي مقابل الشعور المحتمل المتواصل بالنعاس والدوار الذي يخل بالخفة، ويُمنع نهائياً ترك الدواء المفاجئ لتفادي التشنجات الارتدادية أو الهبوط المفاجئ للمرضى."
618,"Akineton 2mg Tablets","أكينيتون أقراص 2 مجم",Neurological,"تُستخدم أكينيتون أقراص 2 مجم كأدوية عصبية محورية وضرورية للغاية؛ لتنظيم التوازن اللحظي لكهرباء المخ ومهدئ نشط جداً لإشارات الألم العصبي. ناجزة لمرضى الصرع والاختلاجات السريعة وللتحكم بتهيج الخلايا العصبية الناتج عن الاكتئابات والقلق المفرط.","استقرار حيوي مقابل الشعور المحتمل المتواصل بالنعاس والدوار الذي يخل بالخفة، ويُمنع نهائياً ترك الدواء المفاجئ لتفادي التشنجات الارتدادية أو الهبوط المفاجئ للمرضى."
619,"Melatonin 3mg Tablets","ميلاتونين أقراص 3 مجم",Neurological,"تُستخدم ميلاتونين أقراص 3 مجم كأدوية عصبية محورية وضرورية للغاية؛ لتنظيم التوازن اللحظي لكهرباء المخ ومهدئ نشط جداً لإشارات الألم العصبي. ناجزة لمرضى الصرع والاختلاجات السريعة وللتحكم بتهيج الخلايا العصبية الناتج عن الاكتئابات والقلق المفرط.","استقرار حيوي مقابل الشعور المحتمل المتواصل بالنعاس والدوار الذي يخل بالخفة، ويُمنع نهائياً ترك الدواء المفاجئ لتفادي التشنجات الارتدادية أو الهبوط المفاجئ للمرضى."
620,"Melatonin 5mg Tablets","ميلاتونين أقراص 5 مجم",Neurological,"تُستخدم ميلاتونين أقراص 5 مجم كأدوية عصبية محورية وضرورية للغاية؛ لتنظيم التوازن اللحظي لكهرباء المخ ومهدئ نشط جداً لإشارات الألم العصبي. ناجزة لمرضى الصرع والاختلاجات السريعة وللتحكم بتهيج الخلايا العصبية الناتج عن الاكتئابات والقلق المفرط.","استقرار حيوي مقابل الشعور المحتمل المتواصل بالنعاس والدوار الذي يخل بالخفة، ويُمنع نهائياً ترك الدواء المفاجئ لتفادي التشنجات الارتدادية أو الهبوط المفاجئ للمرضى."
621,"Circadin 2mg Tablets","سيركادين أقراص 2 مجم",Neurological,"تُستخدم سيركادين أقراص 2 مجم كأدوية عصبية محورية وضرورية للغاية؛ لتنظيم التوازن اللحظي لكهرباء المخ ومهدئ نشط جداً لإشارات الألم العصبي. ناجزة لمرضى الصرع والاختلاجات السريعة وللتحكم بتهيج الخلايا العصبية الناتج عن الاكتئابات والقلق المفرط.","استقرار حيوي مقابل الشعور المحتمل المتواصل بالنعاس والدوار الذي يخل بالخفة، ويُمنع نهائياً ترك الدواء المفاجئ لتفادي التشنجات الارتدادية أو الهبوط المفاجئ للمرضى."
622,"Nitrazepam 5mg Tablets","نيترازيبام أقراص 5 مجم",Neurological,"تُستخدم نيترازيبام أقراص 5 مجم كأدوية عصبية محورية وضرورية للغاية؛ لتنظيم التوازن اللحظي لكهرباء المخ ومهدئ نشط جداً لإشارات الألم العصبي. ناجزة لمرضى الصرع والاختلاجات السريعة وللتحكم بتهيج الخلايا العصبية الناتج عن الاكتئابات والقلق المفرط.","استقرار حيوي مقابل الشعور المحتمل المتواصل بالنعاس والدوار الذي يخل بالخفة، ويُمنع نهائياً ترك الدواء المفاجئ لتفادي التشنجات الارتدادية أو الهبوط المفاجئ للمرضى."
623,"Lorazepam 1mg Tablets","لورازيبام أقراص 1 مجم",Neurological,"تُستخدم لورازيبام أقراص 1 مجم كأدوية عصبية محورية وضرورية للغاية؛ لتنظيم التوازن اللحظي لكهرباء المخ ومهدئ نشط جداً لإشارات الألم العصبي. ناجزة لمرضى الصرع والاختلاجات السريعة وللتحكم بتهيج الخلايا العصبية الناتج عن الاكتئابات والقلق المفرط.","استقرار حيوي مقابل الشعور المحتمل المتواصل بالنعاس والدوار الذي يخل بالخفة، ويُمنع نهائياً ترك الدواء المفاجئ لتفادي التشنجات الارتدادية أو الهبوط المفاجئ للمرضى."
624,"Zolpidem 10mg Tablets","زولبيديم أقراص 10 مجم",Neurological,"تُستخدم زولبيديم أقراص 10 مجم كأدوية عصبية محورية وضرورية للغاية؛ لتنظيم التوازن اللحظي لكهرباء المخ ومهدئ نشط جداً لإشارات الألم العصبي. ناجزة لمرضى الصرع والاختلاجات السريعة وللتحكم بتهيج الخلايا العصبية الناتج عن الاكتئابات والقلق المفرط.","استقرار حيوي مقابل الشعور المحتمل المتواصل بالنعاس والدوار الذي يخل بالخفة، ويُمنع نهائياً ترك الدواء المفاجئ لتفادي التشنجات الارتدادية أو الهبوط المفاجئ للمرضى."
625,"Midazolam Ampoules","ميدازولام أمبولات",Neurological,"تُستخدم ميدازولام أمبولات كأدوية عصبية محورية وضرورية للغاية؛ لتنظيم التوازن اللحظي لكهرباء المخ ومهدئ نشط جداً لإشارات الألم العصبي. ناجزة لمرضى الصرع والاختلاجات السريعة وللتحكم بتهيج الخلايا العصبية الناتج عن الاكتئابات والقلق المفرط.","استقرار حيوي مقابل الشعور المحتمل المتواصل بالنعاس والدوار الذي يخل بالخفة، ويُمنع نهائياً ترك الدواء المفاجئ لتفادي التشنجات الارتدادية أو الهبوط المفاجئ للمرضى."
626,"Xenical 120mg Capsules","زينيكال كبسولات 120 مجم",Obesity,"تُستخدم زينيكال كبسولات 120 مجم كدواء علاجي متخصص يوصف من قِبل الطبيب المختص بناء على الحالة المرضية السريرية للوصول للمعدل المطلوب للشفاء واستقرار العلامات الحيوية للجسم.","متفاوتة من مريض لآخر حيث يستجيب الجسم للمادة الفعالة إما بانسجام وتسكين للآلام أو بظهور أعراض كالإرهاق العام أو الإضطرابات الهضمية العابرة."
627,"Orlistat 120mg Capsules","أورليستات كبسولات 120 مجم",Obesity,"تُستخدم أورليستات كبسولات 120 مجم كدواء علاجي متخصص يوصف من قِبل الطبيب المختص بناء على الحالة المرضية السريرية للوصول للمعدل المطلوب للشفاء واستقرار العلامات الحيوية للجسم.","متفاوتة من مريض لآخر حيث يستجيب الجسم للمادة الفعالة إما بانسجام وتسكين للآلام أو بظهور أعراض كالإرهاق العام أو الإضطرابات الهضمية العابرة."
628,"Contrave Tablets","كونتريف أقراص",Obesity,"تُستخدم كونتريف أقراص كدواء علاجي متخصص يوصف من قِبل الطبيب المختص بناء على الحالة المرضية السريرية للوصول للمعدل المطلوب للشفاء واستقرار العلامات الحيوية للجسم.","متفاوتة من مريض لآخر حيث يستجيب الجسم للمادة الفعالة إما بانسجام وتسكين للآلام أو بظهور أعراض كالإرهاق العام أو الإضطرابات الهضمية العابرة."
629,"Methocarbamol 500mg Tablets","ميثوكاربامول أقراص 500 مجم",Painkillers,"تُستخدم ميثوكاربامول أقراص 500 مجم كمسكن قوي وفعال لآلام الهيكل العظمي والمفاصل، وخافض سريع لحرارة الجسم المرتفعة (الحمى). يُستخدم بكفاءة لعلاج الصداع أو الصداع النصفي، آلام الدورة الشهرية لدى النساء، والتهابات الحلق المرافقة لنزلات البرد وتخفيف آلام الأسنان.","يعتبر آمناً جداً عند الاستخدام المعتدل، ولكن الجرعات الزائدة المتكررة قد تسبب إجهاداً شديداً لوظائف الكبد، وفي حالات نادرة قد يحدث طفح جلدي طفيف."
630,"Myolax Tablets","ميولاكس أقراص",Painkillers,"تُستخدم ميولاكس أقراص كمسكن قوي وفعال لآلام الهيكل العظمي والمفاصل، وخافض سريع لحرارة الجسم المرتفعة (الحمى). يُستخدم بكفاءة لعلاج الصداع أو الصداع النصفي، آلام الدورة الشهرية لدى النساء، والتهابات الحلق المرافقة لنزلات البرد وتخفيف آلام الأسنان.","يعتبر آمناً جداً عند الاستخدام المعتدل، ولكن الجرعات الزائدة المتكررة قد تسبب إجهاداً شديداً لوظائف الكبد، وفي حالات نادرة قد يحدث طفح جلدي طفيف."
631,"Norflex Tablets","نورفليكس أقراص",Painkillers,"تُستخدم نورفليكس أقراص كمسكن قوي وفعال لآلام الهيكل العظمي والمفاصل، وخافض سريع لحرارة الجسم المرتفعة (الحمى). يُستخدم بكفاءة لعلاج الصداع أو الصداع النصفي، آلام الدورة الشهرية لدى النساء، والتهابات الحلق المرافقة لنزلات البرد وتخفيف آلام الأسنان.","يعتبر آمناً جداً عند الاستخدام المعتدل، ولكن الجرعات الزائدة المتكررة قد تسبب إجهاداً شديداً لوظائف الكبد، وفي حالات نادرة قد يحدث طفح جلدي طفيف."
632,"Robaxin Tablets","روباكسين أقراص",Painkillers,"تُستخدم روباكسين أقراص كمسكن قوي وفعال لآلام الهيكل العظمي والمفاصل، وخافض سريع لحرارة الجسم المرتفعة (الحمى). يُستخدم بكفاءة لعلاج الصداع أو الصداع النصفي، آلام الدورة الشهرية لدى النساء، والتهابات الحلق المرافقة لنزلات البرد وتخفيف آلام الأسنان.","يعتبر آمناً جداً عند الاستخدام المعتدل، ولكن الجرعات الزائدة المتكررة قد تسبب إجهاداً شديداً لوظائف الكبد، وفي حالات نادرة قد يحدث طفح جلدي طفيف."
633,"Sirdalud 4mg Tablets","سيردالود أقراص 4 مجم",Painkillers,"تُستخدم سيردالود أقراص 4 مجم كمسكن قوي وفعال لآلام الهيكل العظمي والمفاصل، وخافض سريع لحرارة الجسم المرتفعة (الحمى). يُستخدم بكفاءة لعلاج الصداع أو الصداع النصفي، آلام الدورة الشهرية لدى النساء، والتهابات الحلق المرافقة لنزلات البرد وتخفيف آلام الأسنان.","يعتبر آمناً جداً عند الاستخدام المعتدل، ولكن الجرعات الزائدة المتكررة قد تسبب إجهاداً شديداً لوظائف الكبد، وفي حالات نادرة قد يحدث طفح جلدي طفيف."
634,"Parafon Tablets","بارافون أقراص",Painkillers,"تُستخدم بارافون أقراص كمسكن قوي وفعال لآلام الهيكل العظمي والمفاصل، وخافض سريع لحرارة الجسم المرتفعة (الحمى). يُستخدم بكفاءة لعلاج الصداع أو الصداع النصفي، آلام الدورة الشهرية لدى النساء، والتهابات الحلق المرافقة لنزلات البرد وتخفيف آلام الأسنان.","يعتبر آمناً جداً عند الاستخدام المعتدل، ولكن الجرعات الزائدة المتكررة قد تسبب إجهاداً شديداً لوظائف الكبد، وفي حالات نادرة قد يحدث طفح جلدي طفيف."
635,"Ramipril 5mg Tablets","راميبريل أقراص 5 مجم","Blood pressure & Heart","تُستخدم راميبريل أقراص 5 مجم كحاصرات ذكية لمستقبلات بيتا، تعمل بشكل علمي لدعم عضلة القلب، وتقليل عبء الضربات المتسارعة المجهدة، بالإضافة لخفض ضغط الدم المرتفع والوقاية الفعالة من نوبات الذبحات الصدرية.","قد يشعر المريض بنوع من الدوار العابر المستمر وبطء ضربات القلب والشعور ببرودة واضحة في الأطراف، ولا يصلح لمرضى الربو الشديد."
636,"Perindopril 5mg Tablets","بيريندوبريل أقراص 5 مجم","Blood pressure & Heart","تُستخدم بيريندوبريل أقراص 5 مجم كحاصرات ذكية لمستقبلات بيتا، تعمل بشكل علمي لدعم عضلة القلب، وتقليل عبء الضربات المتسارعة المجهدة، بالإضافة لخفض ضغط الدم المرتفع والوقاية الفعالة من نوبات الذبحات الصدرية.","قد يشعر المريض بنوع من الدوار العابر المستمر وبطء ضربات القلب والشعور ببرودة واضحة في الأطراف، ولا يصلح لمرضى الربو الشديد."
637,"Enalapril 10mg Tablets","إيناليبريل أقراص 10 مجم","Blood pressure & Heart","تُستخدم إيناليبريل أقراص 10 مجم كحاصرات ذكية لمستقبلات بيتا، تعمل بشكل علمي لدعم عضلة القلب، وتقليل عبء الضربات المتسارعة المجهدة، بالإضافة لخفض ضغط الدم المرتفع والوقاية الفعالة من نوبات الذبحات الصدرية.","قد يشعر المريض بنوع من الدوار العابر المستمر وبطء ضربات القلب والشعور ببرودة واضحة في الأطراف، ولا يصلح لمرضى الربو الشديد."
638,"Losartan 100mg Tablets","لوسارتان أقراص 100 مجم","Blood pressure & Heart","تُستخدم لوسارتان أقراص 100 مجم كحاصرات ذكية لمستقبلات بيتا، تعمل بشكل علمي لدعم عضلة القلب، وتقليل عبء الضربات المتسارعة المجهدة، بالإضافة لخفض ضغط الدم المرتفع والوقاية الفعالة من نوبات الذبحات الصدرية.","قد يشعر المريض بنوع من الدوار العابر المستمر وبطء ضربات القلب والشعور ببرودة واضحة في الأطراف، ولا يصلح لمرضى الربو الشديد."
639,"Irbesartan 150mg Tablets","إيربيسارتان أقراص 150 مجم","Blood pressure & Heart","تُستخدم إيربيسارتان أقراص 150 مجم كحاصرات ذكية لمستقبلات بيتا، تعمل بشكل علمي لدعم عضلة القلب، وتقليل عبء الضربات المتسارعة المجهدة، بالإضافة لخفض ضغط الدم المرتفع والوقاية الفعالة من نوبات الذبحات الصدرية.","قد يشعر المريض بنوع من الدوار العابر المستمر وبطء ضربات القلب والشعور ببرودة واضحة في الأطراف، ولا يصلح لمرضى الربو الشديد."
640,"Olmesartan 20mg Tablets","أولميسارتان أقراص 20 مجم","Blood pressure & Heart","تُستخدم أولميسارتان أقراص 20 مجم كحاصرات ذكية لمستقبلات بيتا، تعمل بشكل علمي لدعم عضلة القلب، وتقليل عبء الضربات المتسارعة المجهدة، بالإضافة لخفض ضغط الدم المرتفع والوقاية الفعالة من نوبات الذبحات الصدرية.","قد يشعر المريض بنوع من الدوار العابر المستمر وبطء ضربات القلب والشعور ببرودة واضحة في الأطراف، ولا يصلح لمرضى الربو الشديد."
641,"Carvedilol 12.5mg Tablets","كارفيديلول أقراص 12.5 مجم","Blood pressure & Heart","تُستخدم كارفيديلول أقراص 12.5 مجم كحاصرات ذكية لمستقبلات بيتا، تعمل بشكل علمي لدعم عضلة القلب، وتقليل عبء الضربات المتسارعة المجهدة، بالإضافة لخفض ضغط الدم المرتفع والوقاية الفعالة من نوبات الذبحات الصدرية.","قد يشعر المريض بنوع من الدوار العابر المستمر وبطء ضربات القلب والشعور ببرودة واضحة في الأطراف، ولا يصلح لمرضى الربو الشديد."
642,"Bisoprolol 5mg Tablets","بيسوبرولول أقراص 5 مجم","Blood pressure & Heart","تُستخدم بيسوبرولول أقراص 5 مجم كحاصرات ذكية لمستقبلات بيتا، تعمل بشكل علمي لدعم عضلة القلب، وتقليل عبء الضربات المتسارعة المجهدة، بالإضافة لخفض ضغط الدم المرتفع والوقاية الفعالة من نوبات الذبحات الصدرية.","قد يشعر المريض بنوع من الدوار العابر المستمر وبطء ضربات القلب والشعور ببرودة واضحة في الأطراف، ولا يصلح لمرضى الربو الشديد."
643,"Nebivolol 5mg Tablets","نيبيفولول أقراص 5 مجم","Blood pressure & Heart","تُستخدم نيبيفولول أقراص 5 مجم كحاصرات ذكية لمستقبلات بيتا، تعمل بشكل علمي لدعم عضلة القلب، وتقليل عبء الضربات المتسارعة المجهدة، بالإضافة لخفض ضغط الدم المرتفع والوقاية الفعالة من نوبات الذبحات الصدرية.","قد يشعر المريض بنوع من الدوار العابر المستمر وبطء ضربات القلب والشعور ببرودة واضحة في الأطراف، ولا يصلح لمرضى الربو الشديد."
644,"Hydralazine 25mg Tablets","هيدرالازين أقراص 25 مجم","Blood pressure & Heart","تُستخدم هيدرالازين أقراص 25 مجم كحاصرات ذكية لمستقبلات بيتا، تعمل بشكل علمي لدعم عضلة القلب، وتقليل عبء الضربات المتسارعة المجهدة، بالإضافة لخفض ضغط الدم المرتفع والوقاية الفعالة من نوبات الذبحات الصدرية.","قد يشعر المريض بنوع من الدوار العابر المستمر وبطء ضربات القلب والشعور ببرودة واضحة في الأطراف، ولا يصلح لمرضى الربو الشديد."
645,"Nifedipine 20mg Tablets","نيفيديبين أقراص 20 مجم","Blood pressure & Heart","تُستخدم نيفيديبين أقراص 20 مجم كحاصرات ذكية لمستقبلات بيتا، تعمل بشكل علمي لدعم عضلة القلب، وتقليل عبء الضربات المتسارعة المجهدة، بالإضافة لخفض ضغط الدم المرتفع والوقاية الفعالة من نوبات الذبحات الصدرية.","قد يشعر المريض بنوع من الدوار العابر المستمر وبطء ضربات القلب والشعور ببرودة واضحة في الأطراف، ولا يصلح لمرضى الربو الشديد."
646,"Felodipine 5mg Tablets","فيلوديبين أقراص 5 مجم","Blood pressure & Heart","تُستخدم فيلوديبين أقراص 5 مجم كحاصرات ذكية لمستقبلات بيتا، تعمل بشكل علمي لدعم عضلة القلب، وتقليل عبء الضربات المتسارعة المجهدة، بالإضافة لخفض ضغط الدم المرتفع والوقاية الفعالة من نوبات الذبحات الصدرية.","قد يشعر المريض بنوع من الدوار العابر المستمر وبطء ضربات القلب والشعور ببرودة واضحة في الأطراف، ولا يصلح لمرضى الربو الشديد."
647,"Ivabradine 7.5mg Tablets","إيفابرادين أقراص 7.5 مجم","Blood pressure & Heart","تُستخدم إيفابرادين أقراص 7.5 مجم كحاصرات ذكية لمستقبلات بيتا، تعمل بشكل علمي لدعم عضلة القلب، وتقليل عبء الضربات المتسارعة المجهدة، بالإضافة لخفض ضغط الدم المرتفع والوقاية الفعالة من نوبات الذبحات الصدرية.","قد يشعر المريض بنوع من الدوار العابر المستمر وبطء ضربات القلب والشعور ببرودة واضحة في الأطراف، ولا يصلح لمرضى الربو الشديد."
648,"Dopamine Ampoules","دوبامين أمبولات","Blood pressure & Heart","تُستخدم دوبامين أمبولات كحاصرات ذكية لمستقبلات بيتا، تعمل بشكل علمي لدعم عضلة القلب، وتقليل عبء الضربات المتسارعة المجهدة، بالإضافة لخفض ضغط الدم المرتفع والوقاية الفعالة من نوبات الذبحات الصدرية.","قد يشعر المريض بنوع من الدوار العابر المستمر وبطء ضربات القلب والشعور ببرودة واضحة في الأطراف، ولا يصلح لمرضى الربو الشديد."
649,"Dobutamine Ampoules","دوبيوتامين أمبولات","Blood pressure & Heart","تُستخدم دوبيوتامين أمبولات كحاصرات ذكية لمستقبلات بيتا، تعمل بشكل علمي لدعم عضلة القلب، وتقليل عبء الضربات المتسارعة المجهدة، بالإضافة لخفض ضغط الدم المرتفع والوقاية الفعالة من نوبات الذبحات الصدرية.","قد يشعر المريض بنوع من الدوار العابر المستمر وبطء ضربات القلب والشعور ببرودة واضحة في الأطراف، ولا يصلح لمرضى الربو الشديد."
650,"Adrenaline Ampoules","أدرينالين أمبولات","Blood pressure & Heart","تُستخدم أدرينالين أمبولات كحاصرات ذكية لمستقبلات بيتا، تعمل بشكل علمي لدعم عضلة القلب، وتقليل عبء الضربات المتسارعة المجهدة، بالإضافة لخفض ضغط الدم المرتفع والوقاية الفعالة من نوبات الذبحات الصدرية.","قد يشعر المريض بنوع من الدوار العابر المستمر وبطء ضربات القلب والشعور ببرودة واضحة في الأطراف، ولا يصلح لمرضى الربو الشديد."
651,"Atropine Ampoules","أتروبين أمبولات","Blood pressure & Heart","تُستخدم أتروبين أمبولات كحاصرات ذكية لمستقبلات بيتا، تعمل بشكل علمي لدعم عضلة القلب، وتقليل عبء الضربات المتسارعة المجهدة، بالإضافة لخفض ضغط الدم المرتفع والوقاية الفعالة من نوبات الذبحات الصدرية.","قد يشعر المريض بنوع من الدوار العابر المستمر وبطء ضربات القلب والشعور ببرودة واضحة في الأطراف، ولا يصلح لمرضى الربو الشديد."
652,"Bricanyl 2.5mg Tablets","بريكانيل أقراص 2.5 مجم",Respiratory,"تُستخدم بريكانيل أقراص 2.5 مجم كموسع فوري للقصبات والشعب الهوائية المتشنجة والضائقة، يستعمل لإنقاذ مرضى أزمات الربو التنفسية وداء الانسداد الرئوي من ضيق التنفس وصفير الصدر لعودة تدفق الأكسيجين.","من أهم آثاره الجانبية المعروفة حدوث رجفة ملاحظة وخفيفة في اليدين مع خفقان متسارع بالقلب وجفاف الفم، وتزول هذه الأعراض تدريجياً."
653,"Bricanyl Inhaler","بريكانيل بخاخ",Respiratory,"تُستخدم بريكانيل بخاخ كموسع فوري للقصبات والشعب الهوائية المتشنجة والضائقة، يستعمل لإنقاذ مرضى أزمات الربو التنفسية وداء الانسداد الرئوي من ضيق التنفس وصفير الصدر لعودة تدفق الأكسيجين.","من أهم آثاره الجانبية المعروفة حدوث رجفة ملاحظة وخفيفة في اليدين مع خفقان متسارع بالقلب وجفاف الفم، وتزول هذه الأعراض تدريجياً."
654,"Bricanyl Nebules","بريكانيل نيبيولز",Respiratory,"تُستخدم بريكانيل نيبيولز كموسع فوري للقصبات والشعب الهوائية المتشنجة والضائقة، يستعمل لإنقاذ مرضى أزمات الربو التنفسية وداء الانسداد الرئوي من ضيق التنفس وصفير الصدر لعودة تدفق الأكسيجين.","من أهم آثاره الجانبية المعروفة حدوث رجفة ملاحظة وخفيفة في اليدين مع خفقان متسارع بالقلب وجفاف الفم، وتزول هذه الأعراض تدريجياً."
655,"Atrovent Inhaler","أتروفنت بخاخ",Respiratory,"تُستخدم أتروفنت بخاخ كموسع فوري للقصبات والشعب الهوائية المتشنجة والضائقة، يستعمل لإنقاذ مرضى أزمات الربو التنفسية وداء الانسداد الرئوي من ضيق التنفس وصفير الصدر لعودة تدفق الأكسيجين.","من أهم آثاره الجانبية المعروفة حدوث رجفة ملاحظة وخفيفة في اليدين مع خفقان متسارع بالقلب وجفاف الفم، وتزول هذه الأعراض تدريجياً."
656,"Atrovent Nebules","أتروفنت نيبيولز",Respiratory,"تُستخدم أتروفنت نيبيولز كموسع فوري للقصبات والشعب الهوائية المتشنجة والضائقة، يستعمل لإنقاذ مرضى أزمات الربو التنفسية وداء الانسداد الرئوي من ضيق التنفس وصفير الصدر لعودة تدفق الأكسيجين.","من أهم آثاره الجانبية المعروفة حدوث رجفة ملاحظة وخفيفة في اليدين مع خفقان متسارع بالقلب وجفاف الفم، وتزول هذه الأعراض تدريجياً."
657,"Combivent Inhaler","كومبيفنت بخاخ",Respiratory,"تُستخدم كومبيفنت بخاخ كدواء علاجي متخصص يوصف من قِبل الطبيب المختص بناء على الحالة المرضية السريرية للوصول للمعدل المطلوب للشفاء واستقرار العلامات الحيوية للجسم.","متفاوتة من مريض لآخر حيث يستجيب الجسم للمادة الفعالة إما بانسجام وتسكين للآلام أو بظهور أعراض كالإرهاق العام أو الإضطرابات الهضمية العابرة."
658,"Oxis Turbuhaler","أوكسيس توربوهيلر",Respiratory,"تُستخدم أوكسيس توربوهيلر كدواء علاجي متخصص يوصف من قِبل الطبيب المختص بناء على الحالة المرضية السريرية للوصول للمعدل المطلوب للشفاء واستقرار العلامات الحيوية للجسم.","متفاوتة من مريض لآخر حيث يستجيب الجسم للمادة الفعالة إما بانسجام وتسكين للآلام أو بظهور أعراض كالإرهاق العام أو الإضطرابات الهضمية العابرة."
659,"Onbrez Breezhaler","أونبريز بريزهيلر",Respiratory,"تُستخدم أونبريز بريزهيلر كدواء علاجي متخصص يوصف من قِبل الطبيب المختص بناء على الحالة المرضية السريرية للوصول للمعدل المطلوب للشفاء واستقرار العلامات الحيوية للجسم.","متفاوتة من مريض لآخر حيث يستجيب الجسم للمادة الفعالة إما بانسجام وتسكين للآلام أو بظهور أعراض كالإرهاق العام أو الإضطرابات الهضمية العابرة."
660,"Ultibro Breezhaler","الترابرو بريزهيلر",Respiratory,"تُستخدم الترابرو بريزهيلر كدواء علاجي متخصص يوصف من قِبل الطبيب المختص بناء على الحالة المرضية السريرية للوصول للمعدل المطلوب للشفاء واستقرار العلامات الحيوية للجسم.","متفاوتة من مريض لآخر حيث يستجيب الجسم للمادة الفعالة إما بانسجام وتسكين للآلام أو بظهور أعراض كالإرهاق العام أو الإضطرابات الهضمية العابرة."
661,"Relvar Ellipta","ريلفار إليبتا",Respiratory,"تُستخدم ريلفار إليبتا كدواء علاجي متخصص يوصف من قِبل الطبيب المختص بناء على الحالة المرضية السريرية للوصول للمعدل المطلوب للشفاء واستقرار العلامات الحيوية للجسم.","متفاوتة من مريض لآخر حيث يستجيب الجسم للمادة الفعالة إما بانسجام وتسكين للآلام أو بظهور أعراض كالإرهاق العام أو الإضطرابات الهضمية العابرة."
662,"Anoro Ellipta","أنورو إليبتا",Respiratory,"تُستخدم أنورو إليبتا كدواء علاجي متخصص يوصف من قِبل الطبيب المختص بناء على الحالة المرضية السريرية للوصول للمعدل المطلوب للشفاء واستقرار العلامات الحيوية للجسم.","متفاوتة من مريض لآخر حيث يستجيب الجسم للمادة الفعالة إما بانسجام وتسكين للآلام أو بظهور أعراض كالإرهاق العام أو الإضطرابات الهضمية العابرة."
663,"Berodual Inhaler","بيروديول بخاخ",Respiratory,"تُستخدم بيروديول بخاخ كدواء علاجي متخصص يوصف من قِبل الطبيب المختص بناء على الحالة المرضية السريرية للوصول للمعدل المطلوب للشفاء واستقرار العلامات الحيوية للجسم.","متفاوتة من مريض لآخر حيث يستجيب الجسم للمادة الفعالة إما بانسجام وتسكين للآلام أو بظهور أعراض كالإرهاق العام أو الإضطرابات الهضمية العابرة."
664,"N-Acetylcysteine 600mg Sachets","إن-أسيتيل سيستين 600 مجم أكياس",Respiratory,"تُستخدم إن-أسيتيل سيستين 600 مجم أكياس كمذيب علمي قوي وطارد محفز للبلغم. يوصف للسعال الرطب القوي والمصحوب بإفرازات ومخاط سميك لزج؛ حيث يعمل بفاعلية على تكسير ترابط البلغم في عمق الصدر لمساعدة المريض على طرده بشكل أسهل.","علاج آمن جداً وخالي من أي تأثيرات مهدئة، غير أن مقدار التميع الزائد قد يشعر بعض المرضى بغثيان خفيف جداً. ويفضل معه الإكثار من شرب السوائل الدفيئة."
665,"Erdosteine 300mg Capsules","إردوستيين كبسولات 300 مجم",Respiratory,"تُستخدم إردوستيين كبسولات 300 مجم كدواء علاجي متخصص يوصف من قِبل الطبيب المختص بناء على الحالة المرضية السريرية للوصول للمعدل المطلوب للشفاء واستقرار العلامات الحيوية للجسم.","متفاوتة من مريض لآخر حيث يستجيب الجسم للمادة الفعالة إما بانسجام وتسكين للآلام أو بظهور أعراض كالإرهاق العام أو الإضطرابات الهضمية العابرة."
666,"Montelukast 10mg Tablets","مونتيلوكاست أقراص 10 مجم",Respiratory,"تُستخدم مونتيلوكاست أقراص 10 مجم كموسع فوري للقصبات والشعب الهوائية المتشنجة والضائقة، يستعمل لإنقاذ مرضى أزمات الربو التنفسية وداء الانسداد الرئوي من ضيق التنفس وصفير الصدر لعودة تدفق الأكسيجين.","من أهم آثاره الجانبية المعروفة حدوث رجفة ملاحظة وخفيفة في اليدين مع خفقان متسارع بالقلب وجفاف الفم، وتزول هذه الأعراض تدريجياً."
667,"Montelukast 5mg Chewable","مونتيلوكاست أقراص مضغ 5 مجم",Respiratory,"تُستخدم مونتيلوكاست أقراص مضغ 5 مجم كموسع فوري للقصبات والشعب الهوائية المتشنجة والضائقة، يستعمل لإنقاذ مرضى أزمات الربو التنفسية وداء الانسداد الرئوي من ضيق التنفس وصفير الصدر لعودة تدفق الأكسيجين.","من أهم آثاره الجانبية المعروفة حدوث رجفة ملاحظة وخفيفة في اليدين مع خفقان متسارع بالقلب وجفاف الفم، وتزول هذه الأعراض تدريجياً."
668,"Zaditen 1mg Tablets","زاديتين أقراص 1 مجم",Respiratory,"تُستخدم زاديتين أقراص 1 مجم كموسع فوري للقصبات والشعب الهوائية المتشنجة والضائقة، يستعمل لإنقاذ مرضى أزمات الربو التنفسية وداء الانسداد الرئوي من ضيق التنفس وصفير الصدر لعودة تدفق الأكسيجين.","من أهم آثاره الجانبية المعروفة حدوث رجفة ملاحظة وخفيفة في اليدين مع خفقان متسارع بالقلب وجفاف الفم، وتزول هذه الأعراض تدريجياً."
669,"Zaditen Syrup","زاديتين شراب",Respiratory,"تُستخدم زاديتين شراب كموسع فوري للقصبات والشعب الهوائية المتشنجة والضائقة، يستعمل لإنقاذ مرضى أزمات الربو التنفسية وداء الانسداد الرئوي من ضيق التنفس وصفير الصدر لعودة تدفق الأكسيجين.","من أهم آثاره الجانبية المعروفة حدوث رجفة ملاحظة وخفيفة في اليدين مع خفقان متسارع بالقلب وجفاف الفم، وتزول هذه الأعراض تدريجياً."
670,"Medrol 4mg Tablets","ميدرول أقراص 4 مجم",Cortisone,"تُستخدم ميدرول أقراص 4 مجم كمضاد فعّال وشديد القوة للالتهابات المناعية المفرطة وحالات الربو الحادة وهجمات التحسس الجسدي الخطيرة، بالإضافة لكبحه السريع للأمراض الروماتيزمية وتورم المفاصل.","دواء ضروري لكنه خطير عند سوء الاستخدام الطويل بلا وعاء طبي متريث، فهو يتسبب باحتباس الماء تحت الجلد، وزيادة مخيفة في الوزن وارتفاع ضغط الدم."
671,"Medrol 16mg Tablets","ميدرول أقراص 16 مجم",Cortisone,"تُستخدم ميدرول أقراص 16 مجم كمضاد فعّال وشديد القوة للالتهابات المناعية المفرطة وحالات الربو الحادة وهجمات التحسس الجسدي الخطيرة، بالإضافة لكبحه السريع للأمراض الروماتيزمية وتورم المفاصل.","دواء ضروري لكنه خطير عند سوء الاستخدام الطويل بلا وعاء طبي متريث، فهو يتسبب باحتباس الماء تحت الجلد، وزيادة مخيفة في الوزن وارتفاع ضغط الدم."
672,Augmentin,أوجمنتين,Antibiotics,"تُستخدم أوجمنتين كمضاد حيوي واسع المجال بتركيبة البنسلين، يُستخدم بفعالية فائقة للقضاء على الالتهابات البكتيرية في الجهاز التنفسي العلوي والسفلي (كالتهاب اللوزتين والجيوب الأنفية والالتهاب الرئوي)، بالإضافة لمعالجة التهابات الأذن والمسالك البولية وعدوى الأسنان.","قد يصاحبه إسهال أو اضطرابات هضمية خفيفة. يجب التوقف فوراً ومراجعة الطبيب إذا ظهر طفح جلدي كثيف أو تورم يشير لحساسية من البنسلين."
673,Hibiotic,هايبيوتك,Antibiotics,"تُستخدم هايبيوتك كمضاد حيوي واسع المجال بتركيبة البنسلين، يُستخدم بفعالية فائقة للقضاء على الالتهابات البكتيرية في الجهاز التنفسي العلوي والسفلي (كالتهاب اللوزتين والجيوب الأنفية والالتهاب الرئوي)، بالإضافة لمعالجة التهابات الأذن والمسالك البولية وعدوى الأسنان.","قد يصاحبه إسهال أو اضطرابات هضمية خفيفة. يجب التوقف فوراً ومراجعة الطبيب إذا ظهر طفح جلدي كثيف أو تورم يشير لحساسية من البنسلين."
674,Flumox,فلوموكس,Antibiotics,"تُستخدم فلوموكس كمضاد حيوي واسع المجال بتركيبة البنسلين، يُستخدم بفعالية فائقة للقضاء على الالتهابات البكتيرية في الجهاز التنفسي العلوي والسفلي (كالتهاب اللوزتين والجيوب الأنفية والالتهاب الرئوي)، بالإضافة لمعالجة التهابات الأذن والمسالك البولية وعدوى الأسنان.","قد يصاحبه إسهال أو اضطرابات هضمية خفيفة. يجب التوقف فوراً ومراجعة الطبيب إذا ظهر طفح جلدي كثيف أو تورم يشير لحساسية من البنسلين."
675,Curam,كيورام,Antibiotics,"تُستخدم كيورام كمضاد حيوي واسع المجال بتركيبة البنسلين، يُستخدم بفعالية فائقة للقضاء على الالتهابات البكتيرية في الجهاز التنفسي العلوي والسفلي (كالتهاب اللوزتين والجيوب الأنفية والالتهاب الرئوي)، بالإضافة لمعالجة التهابات الأذن والمسالك البولية وعدوى الأسنان.","قد يصاحبه إسهال أو اضطرابات هضمية خفيفة. يجب التوقف فوراً ومراجعة الطبيب إذا ظهر طفح جلدي كثيف أو تورم يشير لحساسية من البنسلين."
676,Zithromax,زيثروماكس,Antibiotics,"تُستخدم زيثروماكس كمضاد حيوي قوي يُستخدم لعلاج التهابات الجهاز التنفسي الحادة، التهاب الشعب الهوائية المزمن، والتهابات الحلق لدى المرضى الذين يعانون من حساسية تجاه البنسلين، كما يعالج بعض أنواع العدوى الجلدية.","غثيان أو قيء بسيط مع إسهال، وفي حالات نادرة جداً قد يسبب تسارعاً في ضربات القلب أو تغيراً في حاسة التذوق."
677,Xithrone,زيثيرون,Antibiotics,"تُستخدم زيثيرون كمضاد حيوي قوي يُستخدم لعلاج التهابات الجهاز التنفسي الحادة، التهاب الشعب الهوائية المزمن، والتهابات الحلق لدى المرضى الذين يعانون من حساسية تجاه البنسلين، كما يعالج بعض أنواع العدوى الجلدية.","غثيان أو قيء بسيط مع إسهال، وفي حالات نادرة جداً قد يسبب تسارعاً في ضربات القلب أو تغيراً في حاسة التذوق."
678,Klacid,كلاسيد,Antibiotics,"تُستخدم كلاسيد كمضاد حيوي قوي يُستخدم لعلاج التهابات الجهاز التنفسي الحادة، التهاب الشعب الهوائية المزمن، والتهابات الحلق لدى المرضى الذين يعانون من حساسية تجاه البنسلين، كما يعالج بعض أنواع العدوى الجلدية.","غثيان أو قيء بسيط مع إسهال، وفي حالات نادرة جداً قد يسبب تسارعاً في ضربات القلب أو تغيراً في حاسة التذوق."
679,Ciprocin,سيبروسين,Antibiotics,"تُستخدم سيبروسين كمضاد حيوي شديد الفعالية موجه خصيصاً لعلاج التهابات المسالك البولية المعقدة، التهاب البروستاتا، والعدوى البكتيرية المعوية القوية التي تسبب الإسهال الحاد.","قد يسبب التهابات واضحة في الأوتار وألماً عضلياً، ويحظر إعطاؤه للأطفال والنساء الحوامل لعدم أمانه على نمو المفاصل والعظام."
680,Tarivid,تاريفيد,Antibiotics,"تُستخدم تاريفيد كمضاد حيوي شديد الفعالية موجه خصيصاً لعلاج التهابات المسالك البولية المعقدة، التهاب البروستاتا، والعدوى البكتيرية المعوية القوية التي تسبب الإسهال الحاد.","قد يسبب التهابات واضحة في الأوتار وألماً عضلياً، ويحظر إعطاؤه للأطفال والنساء الحوامل لعدم أمانه على نمو المفاصل والعظام."
681,Cefotax,سيفوتاكس,Antibiotics,"تُستخدم سيفوتاكس كمضاد حيوي واسع المجال بتركيبة البنسلين، يُستخدم بفعالية فائقة للقضاء على الالتهابات البكتيرية في الجهاز التنفسي العلوي والسفلي (كالتهاب اللوزتين والجيوب الأنفية والالتهاب الرئوي)، بالإضافة لمعالجة التهابات الأذن والمسالك البولية وعدوى الأسنان.","قد يصاحبه إسهال أو اضطرابات هضمية خفيفة. يجب التوقف فوراً ومراجعة الطبيب إذا ظهر طفح جلدي كثيف أو تورم يشير لحساسية من البنسلين."
682,Nexium,نيكسيوم,"Stomach & GI","تُستخدم نيكسيوم كمثبط ذكي لمضخات البروتون لمنع إفراز حمض المعدة بقوة. وهو العلاج الأساسي والممتاز لحرقان فم المعدة، الارتجاع المريئي المتعب، والشفاء الموضعي لقرحة المعدة والإثنا عشر.","الاستعمال القصير غالباً آمن بلا أعراض سوى صداع خفيف أو إمساك. الاستخدام المستمر الطويل قد يقلل من امتصاص الجسم لفيتامين ب١٢ وأملاح الكالسيوم."
683,Controloc,كونترولوك,"Stomach & GI","تُستخدم كونترولوك كمثبط ذكي لمضخات البروتون لمنع إفراز حمض المعدة بقوة. وهو العلاج الأساسي والممتاز لحرقان فم المعدة، الارتجاع المريئي المتعب، والشفاء الموضعي لقرحة المعدة والإثنا عشر.","الاستعمال القصير غالباً آمن بلا أعراض سوى صداع خفيف أو إمساك. الاستخدام المستمر الطويل قد يقلل من امتصاص الجسم لفيتامين ب١٢ وأملاح الكالسيوم."
684,Colona,كولونا,"Stomach & GI","تُستخدم كولونا كمضاد فوري للتقلصات والتشنجات يعمل على إرخاء عضلات القولون والجهاز الهضمي الملساء. يعتبر خياراً فعّالاً لمرضى متلازمة القولون العصبي، والتخلص من المغص المعوي والانتفاخ الخانق.","التركيبات التي تدمج مهدئاً (مثل بعض أصناف القولون) تسبب النعاس الخفيف وجفاف الفم، والأصناف غير المهدئة آمنة جداً وتترك أثراً جانبياً نادراً يتمثل في دوخة بسيطة."
685,Duspatalin,دسباتالين,"Stomach & GI","تُستخدم دسباتالين كمضاد فوري للتقلصات والتشنجات يعمل على إرخاء عضلات القولون والجهاز الهضمي الملساء. يعتبر خياراً فعّالاً لمرضى متلازمة القولون العصبي، والتخلص من المغص المعوي والانتفاخ الخانق.","التركيبات التي تدمج مهدئاً (مثل بعض أصناف القولون) تسبب النعاس الخفيف وجفاف الفم، والأصناف غير المهدئة آمنة جداً وتترك أثراً جانبياً نادراً يتمثل في دوخة بسيطة."
686,Gaviscon,جافيسكون,"Stomach & GI","تُستخدم جافيسكون كمعادل حموضة سريع ومهدئ فوري لحرقة المعدة وعسر الهضم، حيث يغلف جدار المعدة والمريء ليحميهما من ارتداد الحمض.","الإكثار منه قد يخل بتوازن وظائف الجهاز الهضمي ليسبب الإمساك (في المحتويات الغنية بالألومنيوم) أو الإسهال (في الغنية بالماغنسيوم)."
687,Librax,ليبراكس,"Stomach & GI","تُستخدم ليبراكس كمضاد فوري للتقلصات والتشنجات يعمل على إرخاء عضلات القولون والجهاز الهضمي الملساء. يعتبر خياراً فعّالاً لمرضى متلازمة القولون العصبي، والتخلص من المغص المعوي والانتفاخ الخانق.","التركيبات التي تدمج مهدئاً (مثل بعض أصناف القولون) تسبب النعاس الخفيف وجفاف الفم، والأصناف غير المهدئة آمنة جداً وتترك أثراً جانبياً نادراً يتمثل في دوخة بسيطة."
688,Aldomet,ألدوميت,"Heart & BP","تُستخدم ألدوميت كأدوية مساندة لأداء الدورة الدموية، تستخدم إما كمدرات للبول للتخلص من السوائل المتجمعة في الرئة والأطراف السفلية، أو كمميعات قوية للدم لمنع حدوث التجلطات المفاجئة في الأوردة والشرايين المغذية.","مدرات البول قد تسبب الإجهاد العضلي لخسارة الأملاح (كالبوتاسيوم)، ومميعات الدم قد تزيد من خطر وطول مدة النزيف من الجروح أو الكدمات البسيطة."
689,Cordarone,كوردارون,"Heart & BP","تُستخدم كوردارون كأدوية مساندة لأداء الدورة الدموية، تستخدم إما كمدرات للبول للتخلص من السوائل المتجمعة في الرئة والأطراف السفلية، أو كمميعات قوية للدم لمنع حدوث التجلطات المفاجئة في الأوردة والشرايين المغذية.","مدرات البول قد تسبب الإجهاد العضلي لخسارة الأملاح (كالبوتاسيوم)، ومميعات الدم قد تزيد من خطر وطول مدة النزيف من الجروح أو الكدمات البسيطة."
690,Lasix,لازيكس,"Heart & BP","تُستخدم لازيكس كأدوية مساندة لأداء الدورة الدموية، تستخدم إما كمدرات للبول للتخلص من السوائل المتجمعة في الرئة والأطراف السفلية، أو كمميعات قوية للدم لمنع حدوث التجلطات المفاجئة في الأوردة والشرايين المغذية.","مدرات البول قد تسبب الإجهاد العضلي لخسارة الأملاح (كالبوتاسيوم)، ومميعات الدم قد تزيد من خطر وطول مدة النزيف من الجروح أو الكدمات البسيطة."
691,Capoten,كابوتين,"Heart & BP","تُستخدم كابوتين كموسع للشرايين ومخفض لضغط الدم يحمي عضلة القلب والكلى بمرور الوقت من الأضرار العنيفة لضغط الدم المرتفع ويقي المرضى من المضاعفات المستقبلية.","عائلة (ACE) كالزستريل كابوتين قد تصاحبها كأثر جانبي كحة وسعال جاف مزعج جداً تتطلب وقف الدواء بأمر الطبيب، بالإضافة لدوار عابر ملحوظ."
692,Amaryl,أماريل,Diabetes,"تُستخدم أماريل كمحفز قوي للبنكرياس لإنتاج وضخ المزيد من الإنسولين في مجرى الدم للسيطرة المباشرة على مستويات السكر المرتفعة بعد الوجبات لمرضى النوع الثاني.","أكثر أعراضه الجانبية شيوعاً وخطراً هي نوبات هبوط السكر المفاجئ (الدوخة، التعرق، الرعشة) خصوصاً للمريض الذي يهمل وجبته بعد الدواء."
693,Diamicron,دياميكرون,Diabetes,"تُستخدم دياميكرون كمحفز قوي للبنكرياس لإنتاج وضخ المزيد من الإنسولين في مجرى الدم للسيطرة المباشرة على مستويات السكر المرتفعة بعد الوجبات لمرضى النوع الثاني.","أكثر أعراضه الجانبية شيوعاً وخطراً هي نوبات هبوط السكر المفاجئ (الدوخة، التعرق، الرعشة) خصوصاً للمريض الذي يهمل وجبته بعد الدواء."
694,Glucophage,جلوكوفاج,Diabetes,"تُستخدم جلوكوفاج كمنظم حيوي وأساسي لسكر الدم يعمل على زيادة حساسية الجسم للإنسولين وتقليل إنتاج الكبد اللحظي للسكر. يعتبر طوق النجاة الأول عالمياً لمرضى السكري من النوع الثاني.","اضطرابات الجهاز الهضمي المؤقتة هي العرض الأشهر (الإسهال الشديد، ألآم البطن، والانتفاخ)، ويفضل تناوله في وسط الوجبات لتقليل هذا الأثر."
695,Galvus,جالفوس,Diabetes,"تُستخدم جالفوس كجيل حديث من أدوية السكري يعمل إما على منع تكسر الهرمونات المحفزة للإنسولين أو طرد الجلوكوز الزائد عن طريق البول، مما يحافظ على استقرار السكر ويحمي القلب والكلى.","المجموعة التي تعمل عبر البول (SGLT2) قد تسبب تكرار التبول وزيادة ملحوظة في خطر الإصابة بعدوى المسالك البولية الفطرية المتككرة."
696,Claritine,كلاريتين,Allergy,"تُستخدم كلاريتين كمضادات لهستامين الجسم نشطة وفعالة، تستخدم بامتياز لتخفيف وعلاج أعراض الحساسية الموسمية المُزعجة بشدة، سيلان الأنف والعطس المتكرر، إدماع العينين، والطفح الجلدي دون التأثير السلبي على التركيز المعتاد.","باعتباره الجيل الحديث فهو لا يسبب النعاس تقريباً ويمكن مزاولة اليوم معها بنشاط بالغ، قد يُلاحظ فقط صداع بسيط أو جفاف خفيف في الحلق والفم."
697,Mosidin,موسيدين,Allergy,"تُستخدم موسيدين كمضادات لهستامين الجسم نشطة وفعالة، تستخدم بامتياز لتخفيف وعلاج أعراض الحساسية الموسمية المُزعجة بشدة، سيلان الأنف والعطس المتكرر، إدماع العينين، والطفح الجلدي دون التأثير السلبي على التركيز المعتاد.","باعتباره الجيل الحديث فهو لا يسبب النعاس تقريباً ويمكن مزاولة اليوم معها بنشاط بالغ، قد يُلاحظ فقط صداع بسيط أو جفاف خفيف في الحلق والفم."
698,Allergic,أليرجيك,Allergy,"تُستخدم أليرجيك كمضادات لهستامين الجسم نشطة وفعالة، تستخدم بامتياز لتخفيف وعلاج أعراض الحساسية الموسمية المُزعجة بشدة، سيلان الأنف والعطس المتكرر، إدماع العينين، والطفح الجلدي دون التأثير السلبي على التركيز المعتاد.","باعتباره الجيل الحديث فهو لا يسبب النعاس تقريباً ويمكن مزاولة اليوم معها بنشاط بالغ، قد يُلاحظ فقط صداع بسيط أو جفاف خفيف في الحلق والفم."
699,Bronchicum,برونشيكم,"Cough & Cold","تُستخدم برونشيكم كمذيب علمي قوي وطارد محفز للبلغم. يوصف للسعال الرطب القوي والمصحوب بإفرازات ومخاط سميك لزج؛ حيث يعمل بفاعلية على تكسير ترابط البلغم في عمق الصدر لمساعدة المريض على طرده بشكل أسهل.","علاج آمن جداً وخالي من أي تأثيرات مهدئة، غير أن مقدار التميع الزائد قد يشعر بعض المرضى بغثيان خفيف جداً. ويفضل معه الإكثار من شرب السوائل الدفيئة."
700,Oplex,أوبلكس,"Cough & Cold","تُستخدم أوبلكس كمهدئ مباشر لنوبات السعال الجاف المتعب (الكحة الناشفة الخالية من الإفرازات والبلغم تماماً)، والذي ينتج إما عن حساسية الجهاز التنفسي، التدخين المفرط، أو السعال المستمر الذي يمزق مجرى الهواء.","الغالبية العظمى منها تسبب النعاس الملحوظ والدوخة (لتثبيط مركز السعال)، لذلك ينصح بضرورة أخذها للراحة المسائية، ويمنع بشدة إعطائها للأطفال الأقل سناً."
701,Sinecod,سينيكود,"Cough & Cold","تُستخدم سينيكود كمهدئ مباشر لنوبات السعال الجاف المتعب (الكحة الناشفة الخالية من الإفرازات والبلغم تماماً)، والذي ينتج إما عن حساسية الجهاز التنفسي، التدخين المفرط، أو السعال المستمر الذي يمزق مجرى الهواء.","الغالبية العظمى منها تسبب النعاس الملحوظ والدوخة (لتثبيط مركز السعال)، لذلك ينصح بضرورة أخذها للراحة المسائية، ويمنع بشدة إعطائها للأطفال الأقل سناً."
702,Prospan,بروسبان,"Cough & Cold","تُستخدم بروسبان كمذيب علمي قوي وطارد محفز للبلغم. يوصف للسعال الرطب القوي والمصحوب بإفرازات ومخاط سميك لزج؛ حيث يعمل بفاعلية على تكسير ترابط البلغم في عمق الصدر لمساعدة المريض على طرده بشكل أسهل.","علاج آمن جداً وخالي من أي تأثيرات مهدئة، غير أن مقدار التميع الزائد قد يشعر بعض المرضى بغثيان خفيف جداً. ويفضل معه الإكثار من شرب السوائل الدفيئة."
703,Congestal,كونجستال,"Cough & Cold","تُستخدم كونجستال كتركيبة طبية دوائية متكاملة مصممة بنجاح، وتحتوي دمجاً لمسكن للألم، مزيل فعال لاحتقان الجيوب الأنفية ومضاد للحساسية. وتعتبر الخيار الأمثل والناجز لعلاج نزلات البرد الحادة والإنفلونزا.","قد يسبب جفافاً ملحوظاً في الفم ودواراً بسيطاً. يُمنع صرف مثل هذه التركيبات ذات مزيلات الاحتقان لمرضى الضغط المرتفع لما قد تتسبب فيه من ارتفاع ضغط قوي."
704,Comtrex,كومتريكس,"Cough & Cold","تُستخدم كومتريكس كتركيبة طبية دوائية متكاملة مصممة بنجاح، وتحتوي دمجاً لمسكن للألم، مزيل فعال لاحتقان الجيوب الأنفية ومضاد للحساسية. وتعتبر الخيار الأمثل والناجز لعلاج نزلات البرد الحادة والإنفلونزا.","قد يسبب جفافاً ملحوظاً في الفم ودواراً بسيطاً. يُمنع صرف مثل هذه التركيبات ذات مزيلات الاحتقان لمرضى الضغط المرتفع لما قد تتسبب فيه من ارتفاع ضغط قوي."
705,Voltaren,فولتارين,Painkillers,"تُستخدم فولتارين كمضاد التهاب ومسكن قوي لآلام العظام الشديدة، الهجمات الروماتيزمية الحادة، هشاشة العظام، وآلام ما بعد العمليات الجراحية الموضعية والكسور.","قد يسبب الاستخدام المطول ألماً في المعدة أو قرحة معدية، وارتفاعاً طفيفاً في ضغط الدم، ولا يُنصح باستخدامه لمرضى القلب دون استشارة طبيب."
706,Ketofan,كيتوفان,Painkillers,"تُستخدم كيتوفان كمسكن قوي للآلام الجسدية والعضلية والتهابات الأوتار والالتواءات الرياضية الحادة، بالإضافة لتسكين آلام الأسنان العميقة.","أعراض هضمية كالغثيان وألم محيط المعدة، ويجب تجنبه في حالات مرضى القرحة أو القصور الكلوي الشديد."
707,Ketolac,كيتولاك,Painkillers,"تُستخدم كيتولاك كمسكن قوي وفعال لآلام الهيكل العظمي والمفاصل، وخافض سريع لحرارة الجسم المرتفعة (الحمى). يُستخدم بكفاءة لعلاج الصداع أو الصداع النصفي، آلام الدورة الشهرية لدى النساء، والتهابات الحلق المرافقة لنزلات البرد وتخفيف آلام الأسنان.","يعتبر آمناً جداً عند الاستخدام المعتدل، ولكن الجرعات الزائدة المتكررة قد تسبب إجهاداً شديداً لوظائف الكبد، وفي حالات نادرة قد يحدث طفح جلدي طفيف."
708,Novaldol,نوفالدول,Painkillers,"تُستخدم نوفالدول كمسكن قوي وفعال لآلام الهيكل العظمي والمفاصل، وخافض سريع لحرارة الجسم المرتفعة (الحمى). يُستخدم بكفاءة لعلاج الصداع أو الصداع النصفي، آلام الدورة الشهرية لدى النساء، والتهابات الحلق المرافقة لنزلات البرد وتخفيف آلام الأسنان.","يعتبر آمناً جداً عند الاستخدام المعتدل، ولكن الجرعات الزائدة المتكررة قد تسبب إجهاداً شديداً لوظائف الكبد، وفي حالات نادرة قد يحدث طفح جلدي طفيف."
709,Vitayami,فيتايامي,Vitamins,"تُستخدم فيتايامي كتركيبة طبية غذائية ممتازة ودقيقة لسد ثغرات ونقص التغذية اليومية، وتدعيم نشاط الجسم العضلي وتقوية جهاز المناعة. تستخدم بامتياز لفترات الإرهاق المستمر وفترات نقاهة ما بعد التعافي الشديد وللصحة العامة.","آمنة طالما أنها لا تتجاوز الحدود القصوى الموصوفة، وأي أعراض تقتصر عادة على غثيان خفيف أو إمساك معدي لتركيبات الحديد القوية."
710,Cal-Mag,"كال ماج",Vitamins,"تُستخدم كال ماج كتركيبة طبية غذائية ممتازة ودقيقة لسد ثغرات ونقص التغذية اليومية، وتدعيم نشاط الجسم العضلي وتقوية جهاز المناعة. تستخدم بامتياز لفترات الإرهاق المستمر وفترات نقاهة ما بعد التعافي الشديد وللصحة العامة.","آمنة طالما أنها لا تتجاوز الحدود القصوى الموصوفة، وأي أعراض تقتصر عادة على غثيان خفيف أو إمساك معدي لتركيبات الحديد القوية."
711,Ferroglobin,فيروجلوبين,Vitamins,"تُستخدم فيروجلوبين كتركيبة طبية غذائية ممتازة ودقيقة لسد ثغرات ونقص التغذية اليومية، وتدعيم نشاط الجسم العضلي وتقوية جهاز المناعة. تستخدم بامتياز لفترات الإرهاق المستمر وفترات نقاهة ما بعد التعافي الشديد وللصحة العامة.","آمنة طالما أنها لا تتجاوز الحدود القصوى الموصوفة، وأي أعراض تقتصر عادة على غثيان خفيف أو إمساك معدي لتركيبات الحديد القوية."
712,Limitless,ليميتلس,Vitamins,"تُستخدم ليميتلس كتركيبة طبية غذائية ممتازة ودقيقة لسد ثغرات ونقص التغذية اليومية، وتدعيم نشاط الجسم العضلي وتقوية جهاز المناعة. تستخدم بامتياز لفترات الإرهاق المستمر وفترات نقاهة ما بعد التعافي الشديد وللصحة العامة.","آمنة طالما أنها لا تتجاوز الحدود القصوى الموصوفة، وأي أعراض تقتصر عادة على غثيان خفيف أو إمساك معدي لتركيبات الحديد القوية."
713,Neuroton,نيوروتون,Vitamins,"تُستخدم نيوروتون كأداة علاجية متكاملة لدعم وتغذية وصيانة الخلايا العصبية المرهقة وتكوين غلاف العصب المتآكل. يستعان به بامتياز للتخلص الدائم من الإجهاد الذهني، وتسكين آلام والتهابات أعصاب الظهر والمفاصل المبرحة.","مفيدة جداً للجميع، ومع ذلك فقد يتسبب تناولها العشوائي على معدة خاوية في غثيان، وقد يلحظ المريض متغيّرات طبيعية كتلون البول لتبعات الفيتامين المستقلب، وهذا ليس مقلقاً."
714,Milga,ميلجا,Vitamins,"تُستخدم ميلجا كأداة علاجية متكاملة لدعم وتغذية وصيانة الخلايا العصبية المرهقة وتكوين غلاف العصب المتآكل. يستعان به بامتياز للتخلص الدائم من الإجهاد الذهني، وتسكين آلام والتهابات أعصاب الظهر والمفاصل المبرحة.","مفيدة جداً للجميع، ومع ذلك فقد يتسبب تناولها العشوائي على معدة خاوية في غثيان، وقد يلحظ المريض متغيّرات طبيعية كتلون البول لتبعات الفيتامين المستقلب، وهذا ليس مقلقاً."
715,Thiotacid,ثيوتاسيد,Vitamins,"تُستخدم ثيوتاسيد كمضاد أكسدة قوي يُوصف عالمياً لعلاج التهابات الأعصاب الطرفية العميقة، وخاصة اعتلال الأعصاب الملحوظ الناتج عن مرض السكري (تنميل، حرقان، وخز مؤلم في الأطراف). يُستخدم بكفاءة كبرى لدعم وظائف الأعصاب وتحسين النواقل العصبية.","علاج ممتاز التحمل بشكل عام، لكن في حالات نادرة جداً قد يحدث بعض الانزعاج الخفيف في المعدة أو غثيان بسيط أو طفح جلدي."
716,Solupred,سولوبريد,Cortisone,"تُستخدم سولوبريد كمضاد فعّال وشديد القوة للالتهابات المناعية المفرطة وحالات الربو الحادة وهجمات التحسس الجسدي الخطيرة، بالإضافة لكبحه السريع للأمراض الروماتيزمية وتورم المفاصل.","دواء ضروري لكنه خطير عند سوء الاستخدام الطويل بلا وعاء طبي متريث، فهو يتسبب باحتباس الماء تحت الجلد، وزيادة مخيفة في الوزن وارتفاع ضغط الدم."
717,Predsol,بريدسول,Cortisone,"تُستخدم بريدسول كمضاد فعّال وشديد القوة للالتهابات المناعية المفرطة وحالات الربو الحادة وهجمات التحسس الجسدي الخطيرة، بالإضافة لكبحه السريع للأمراض الروماتيزمية وتورم المفاصل.","دواء ضروري لكنه خطير عند سوء الاستخدام الطويل بلا وعاء طبي متريث، فهو يتسبب باحتباس الماء تحت الجلد، وزيادة مخيفة في الوزن وارتفاع ضغط الدم."
718,Dexamethasone,ديكساميثازون,Cortisone,"تُستخدم ديكساميثازون كمضاد فعّال وشديد القوة للالتهابات المناعية المفرطة وحالات الربو الحادة وهجمات التحسس الجسدي الخطيرة، بالإضافة لكبحه السريع للأمراض الروماتيزمية وتورم المفاصل.","دواء ضروري لكنه خطير عند سوء الاستخدام الطويل بلا وعاء طبي متريث، فهو يتسبب باحتباس الماء تحت الجلد، وزيادة مخيفة في الوزن وارتفاع ضغط الدم."
719,Hostacortin,هوستاكورتين,Cortisone,"تُستخدم هوستاكورتين كمضاد فعّال وشديد القوة للالتهابات المناعية المفرطة وحالات الربو الحادة وهجمات التحسس الجسدي الخطيرة، بالإضافة لكبحه السريع للأمراض الروماتيزمية وتورم المفاصل.","دواء ضروري لكنه خطير عند سوء الاستخدام الطويل بلا وعاء طبي متريث، فهو يتسبب باحتباس الماء تحت الجلد، وزيادة مخيفة في الوزن وارتفاع ضغط الدم."
720,Systane,سيستان,"Eye Drops","تُستخدم سيستان كقطرات دوائية مُعقمة ومُطوّرة خصيصاً للاستخدام العيني الحيوي الآمن، منها المرطبة مكثفة متكررة لعلاج جفاف العين وتهيج القرنية بسبب الشاشات، ومنها الطبية المعالجة للتحسس والالتهابات الجرثومية الظاهرة وتسكين ألم إرهاق ما بعد الليزك.","تعد بشكل كبير آمنة جداً. العرض المشترك هو الإحساس المؤقت فقط بحرقان أو غباشة عابرة للرؤية لثوان معدودة بعد تقطير المادة ولزوجتـها الفعّالة."
721,"Tears Naturale","تيرز ناتشورال","Eye Drops","تُستخدم تيرز ناتشورال كقطرات دوائية مُعقمة ومُطوّرة خصيصاً للاستخدام العيني الحيوي الآمن، منها المرطبة مكثفة متكررة لعلاج جفاف العين وتهيج القرنية بسبب الشاشات، ومنها الطبية المعالجة للتحسس والالتهابات الجرثومية الظاهرة وتسكين ألم إرهاق ما بعد الليزك.","تعد بشكل كبير آمنة جداً. العرض المشترك هو الإحساس المؤقت فقط بحرقان أو غباشة عابرة للرؤية لثوان معدودة بعد تقطير المادة ولزوجتـها الفعّالة."
722,"Refresh Tears","ريفريش تيرز","Eye Drops","تُستخدم ريفريش تيرز كقطرات دوائية مُعقمة ومُطوّرة خصيصاً للاستخدام العيني الحيوي الآمن، منها المرطبة مكثفة متكررة لعلاج جفاف العين وتهيج القرنية بسبب الشاشات، ومنها الطبية المعالجة للتحسس والالتهابات الجرثومية الظاهرة وتسكين ألم إرهاق ما بعد الليزك.","تعد بشكل كبير آمنة جداً. العرض المشترك هو الإحساس المؤقت فقط بحرقان أو غباشة عابرة للرؤية لثوان معدودة بعد تقطير المادة ولزوجتـها الفعّالة."
723,Optive,أوبتيف,"Eye Drops","تُستخدم أوبتيف كقطرات دوائية مُعقمة ومُطوّرة خصيصاً للاستخدام العيني الحيوي الآمن، منها المرطبة مكثفة متكررة لعلاج جفاف العين وتهيج القرنية بسبب الشاشات، ومنها الطبية المعالجة للتحسس والالتهابات الجرثومية الظاهرة وتسكين ألم إرهاق ما بعد الليزك.","تعد بشكل كبير آمنة جداً. العرض المشترك هو الإحساس المؤقت فقط بحرقان أو غباشة عابرة للرؤية لثوان معدودة بعد تقطير المادة ولزوجتـها الفعّالة."
724,"Rheumafen 50mg Tablets","ريومافين أقراص 50 مجم",Painkillers,"تُستخدم ريومافين أقراص 50 مجم كمسكن قوي وفعال لآلام الهيكل العظمي والمفاصل، وخافض سريع لحرارة الجسم المرتفعة (الحمى). يُستخدم بكفاءة لعلاج الصداع أو الصداع النصفي، آلام الدورة الشهرية لدى النساء، والتهابات الحلق المرافقة لنزلات البرد وتخفيف آلام الأسنان.","يعتبر آمناً جداً عند الاستخدام المعتدل، ولكن الجرعات الزائدة المتكررة قد تسبب إجهاداً شديداً لوظائف الكبد، وفي حالات نادرة قد يحدث طفح جلدي طفيف."
725,"Myophen 250mg Capsules","مايوفين كبسولات 250 مجم","Muscle Relaxant","تُستخدم مايوفين كبسولات 250 مجم كدواء علاجي متخصص يوصف من قِبل الطبيب المختص بناء على الحالة المرضية السريرية للوصول للمعدل المطلوب للشفاء واستقرار العلامات الحيوية للجسم.","متفاوتة من مريض لآخر حيث يستجيب الجسم للمادة الفعالة إما بانسجام وتسكين للآلام أو بظهور أعراض كالإرهاق العام أو الإضطرابات الهضمية العابرة."
726,"Adol Extra Tablets","أدول إكسترا أقراص",Painkillers,"تُستخدم أدول إكسترا أقراص كمسكن قوي وفعال لآلام الهيكل العظمي والمفاصل، وخافض سريع لحرارة الجسم المرتفعة (الحمى). يُستخدم بكفاءة لعلاج الصداع أو الصداع النصفي، آلام الدورة الشهرية لدى النساء، والتهابات الحلق المرافقة لنزلات البرد وتخفيف آلام الأسنان.","يعتبر آمناً جداً عند الاستخدام المعتدل، ولكن الجرعات الزائدة المتكررة قد تسبب إجهاداً شديداً لوظائف الكبد، وفي حالات نادرة قد يحدث طفح جلدي طفيف."
727,"Fenel 50mg Tablets","فينيل أقراص 50 مجم",Painkillers,"تُستخدم فينيل أقراص 50 مجم كمسكن قوي وفعال لآلام الهيكل العظمي والمفاصل، وخافض سريع لحرارة الجسم المرتفعة (الحمى). يُستخدم بكفاءة لعلاج الصداع أو الصداع النصفي، آلام الدورة الشهرية لدى النساء، والتهابات الحلق المرافقة لنزلات البرد وتخفيف آلام الأسنان.","يعتبر آمناً جداً عند الاستخدام المعتدل، ولكن الجرعات الزائدة المتكررة قد تسبب إجهاداً شديداً لوظائف الكبد، وفي حالات نادرة قد يحدث طفح جلدي طفيف."
728,"Dolphin 12.5mg Suppositories","دولفين لبوس 12.5 مجم",Painkillers,"تُستخدم دولفين لبوس 12.5 مجم كمضاد التهاب ومسكن قوي لآلام العظام الشديدة، الهجمات الروماتيزمية الحادة، هشاشة العظام، وآلام ما بعد العمليات الجراحية الموضعية والكسور.","قد يسبب الاستخدام المطول ألماً في المعدة أو قرحة معدية، وارتفاعاً طفيفاً في ضغط الدم، ولا يُنصح باستخدامه لمرضى القلب دون استشارة طبيب."
729,"Dolphin 25mg Suppositories","دولفين لبوس 25 مجم",Painkillers,"تُستخدم دولفين لبوس 25 مجم كمضاد التهاب ومسكن قوي لآلام العظام الشديدة، الهجمات الروماتيزمية الحادة، هشاشة العظام، وآلام ما بعد العمليات الجراحية الموضعية والكسور.","قد يسبب الاستخدام المطول ألماً في المعدة أو قرحة معدية، وارتفاعاً طفيفاً في ضغط الدم، ولا يُنصح باستخدامه لمرضى القلب دون استشارة طبيب."
730,"Diclac 150mg ID Tablets","ديكلاك سي آر أقراص 150 مجم",Painkillers,"تُستخدم ديكلاك سي آر أقراص 150 مجم كمضاد التهاب ومسكن قوي لآلام العظام الشديدة، الهجمات الروماتيزمية الحادة، هشاشة العظام، وآلام ما بعد العمليات الجراحية الموضعية والكسور.","قد يسبب الاستخدام المطول ألماً في المعدة أو قرحة معدية، وارتفاعاً طفيفاً في ضغط الدم، ولا يُنصح باستخدامه لمرضى القلب دون استشارة طبيب."
731,"Diclac 75mg Ampoules","ديكلاك أمبولات 75 مجم",Painkillers,"تُستخدم ديكلاك أمبولات 75 مجم كمضاد التهاب ومسكن قوي لآلام العظام الشديدة، الهجمات الروماتيزمية الحادة، هشاشة العظام، وآلام ما بعد العمليات الجراحية الموضعية والكسور.","قد يسبب الاستخدام المطول ألماً في المعدة أو قرحة معدية، وارتفاعاً طفيفاً في ضغط الدم، ولا يُنصح باستخدامه لمرضى القلب دون استشارة طبيب."
732,"Rhumacort 75mg Ampoules","روماكورت أمبولات 75 مجم",Painkillers,"تُستخدم روماكورت أمبولات 75 مجم كمسكن قوي وفعال لآلام الهيكل العظمي والمفاصل، وخافض سريع لحرارة الجسم المرتفعة (الحمى). يُستخدم بكفاءة لعلاج الصداع أو الصداع النصفي، آلام الدورة الشهرية لدى النساء، والتهابات الحلق المرافقة لنزلات البرد وتخفيف آلام الأسنان.","يعتبر آمناً جداً عند الاستخدام المعتدل، ولكن الجرعات الزائدة المتكررة قد تسبب إجهاداً شديداً لوظائف الكبد، وفي حالات نادرة قد يحدث طفح جلدي طفيف."
733,"Dolphenal Tablets","دولفينال أقراص",Painkillers,"تُستخدم دولفينال أقراص كمسكن قوي وفعال لآلام الهيكل العظمي والمفاصل، وخافض سريع لحرارة الجسم المرتفعة (الحمى). يُستخدم بكفاءة لعلاج الصداع أو الصداع النصفي، آلام الدورة الشهرية لدى النساء، والتهابات الحلق المرافقة لنزلات البرد وتخفيف آلام الأسنان.","يعتبر آمناً جداً عند الاستخدام المعتدل، ولكن الجرعات الزائدة المتكررة قد تسبب إجهاداً شديداً لوظائف الكبد، وفي حالات نادرة قد يحدث طفح جلدي طفيف."
734,"Apidone Syrup","أبيدون شراب","Allergy & Cortisone","تُستخدم أبيدون شراب كمضاد فعّال وشديد القوة للالتهابات المناعية المفرطة وحالات الربو الحادة وهجمات التحسس الجسدي الخطيرة، بالإضافة لكبحه السريع للأمراض الروماتيزمية وتورم المفاصل.","دواء ضروري لكنه خطير عند سوء الاستخدام الطويل بلا وعاء طبي متريث، فهو يتسبب باحتباس الماء تحت الجلد، وزيادة مخيفة في الوزن وارتفاع ضغط الدم."
735,"Apidone Ampoules","أبيدون أمبولات",Cortisone,"تُستخدم أبيدون أمبولات كمضاد فعّال وشديد القوة للالتهابات المناعية المفرطة وحالات الربو الحادة وهجمات التحسس الجسدي الخطيرة، بالإضافة لكبحه السريع للأمراض الروماتيزمية وتورم المفاصل.","دواء ضروري لكنه خطير عند سوء الاستخدام الطويل بلا وعاء طبي متريث، فهو يتسبب باحتباس الماء تحت الجلد، وزيادة مخيفة في الوزن وارتفاع ضغط الدم."
736,"Epi-Cot 5mg Tablets","إيبي-كورت أقراص 5 مجم",Cortisone,"تُستخدم إيبي-كورت أقراص 5 مجم كدواء علاجي متخصص يوصف من قِبل الطبيب المختص بناء على الحالة المرضية السريرية للوصول للمعدل المطلوب للشفاء واستقرار العلامات الحيوية للجسم.","متفاوتة من مريض لآخر حيث يستجيب الجسم للمادة الفعالة إما بانسجام وتسكين للآلام أو بظهور أعراض كالإرهاق العام أو الإضطرابات الهضمية العابرة."
737,"Fenistil Drops","فينيستيل نقط",Allergy,"تُستخدم فينيستيل نقط كمضاد كلاسيكي قوي للحساسية المفرطة والحكة الجلدية الشديدة التي تتطلب تركيبة مهدئة ومسكنة لرد الفعل التحسسي المزعج والمتطور.","تأثير منوم واضح ورغبة شديدة في النعاس وجفاف الفم المستمر. يمنع معه تماماً القيادة أو استخدام الآليات الثقيلة لوقت العلاج."
738,"Fenistil Gel","فينيستيل جل",Dermatology,"تُستخدم فينيستيل جل كمضاد كلاسيكي قوي للحساسية المفرطة والحكة الجلدية الشديدة التي تتطلب تركيبة مهدئة ومسكنة لرد الفعل التحسسي المزعج والمتطور.","تأثير منوم واضح ورغبة شديدة في النعاس وجفاف الفم المستمر. يمنع معه تماماً القيادة أو استخدام الآليات الثقيلة لوقت العلاج."
739,"Atarax 25mg Tablets","أتاراكس أقراص 25 مجم",Allergy,"تُستخدم أتاراكس أقراص 25 مجم كمضادات لهستامين الجسم نشطة وفعالة، تستخدم بامتياز لتخفيف وعلاج أعراض الحساسية الموسمية المُزعجة بشدة، سيلان الأنف والعطس المتكرر، إدماع العينين، والطفح الجلدي دون التأثير السلبي على التركيز المعتاد.","باعتباره الجيل الحديث فهو لا يسبب النعاس تقريباً ويمكن مزاولة اليوم معها بنشاط بالغ، قد يُلاحظ فقط صداع بسيط أو جفاف خفيف في الحلق والفم."
740,"Allergex Tablets","أليرجيكس أقراص",Allergy,"تُستخدم أليرجيكس أقراص كمضادات لهستامين الجسم نشطة وفعالة، تستخدم بامتياز لتخفيف وعلاج أعراض الحساسية الموسمية المُزعجة بشدة، سيلان الأنف والعطس المتكرر، إدماع العينين، والطفح الجلدي دون التأثير السلبي على التركيز المعتاد.","باعتباره الجيل الحديث فهو لا يسبب النعاس تقريباً ويمكن مزاولة اليوم معها بنشاط بالغ، قد يُلاحظ فقط صداع بسيط أو جفاف خفيف في الحلق والفم."
741,"Evastine 10mg Tablets","إيفاستين أقراص 10 مجم",Allergy,"تُستخدم إيفاستين أقراص 10 مجم كمضادات لهستامين الجسم نشطة وفعالة، تستخدم بامتياز لتخفيف وعلاج أعراض الحساسية الموسمية المُزعجة بشدة، سيلان الأنف والعطس المتكرر، إدماع العينين، والطفح الجلدي دون التأثير السلبي على التركيز المعتاد.","باعتباره الجيل الحديث فهو لا يسبب النعاس تقريباً ويمكن مزاولة اليوم معها بنشاط بالغ، قد يُلاحظ فقط صداع بسيط أو جفاف خفيف في الحلق والفم."
742,"Kestine 20mg Tablets","كيستين أقراص 20 مجم",Allergy,"تُستخدم كيستين أقراص 20 مجم كمضادات لهستامين الجسم نشطة وفعالة، تستخدم بامتياز لتخفيف وعلاج أعراض الحساسية الموسمية المُزعجة بشدة، سيلان الأنف والعطس المتكرر، إدماع العينين، والطفح الجلدي دون التأثير السلبي على التركيز المعتاد.","باعتباره الجيل الحديث فهو لا يسبب النعاس تقريباً ويمكن مزاولة اليوم معها بنشاط بالغ، قد يُلاحظ فقط صداع بسيط أو جفاف خفيف في الحلق والفم."
743,"Loratadine 10mg Tablets","لوراتادين أقراص 10 مجم",Allergy,"تُستخدم لوراتادين أقراص 10 مجم كمضادات لهستامين الجسم نشطة وفعالة، تستخدم بامتياز لتخفيف وعلاج أعراض الحساسية الموسمية المُزعجة بشدة، سيلان الأنف والعطس المتكرر، إدماع العينين، والطفح الجلدي دون التأثير السلبي على التركيز المعتاد.","باعتباره الجيل الحديث فهو لا يسبب النعاس تقريباً ويمكن مزاولة اليوم معها بنشاط بالغ، قد يُلاحظ فقط صداع بسيط أو جفاف خفيف في الحلق والفم."
744,"Mosedin Syrup","موسيدين شراب",Allergy,"تُستخدم موسيدين شراب كمضادات لهستامين الجسم نشطة وفعالة، تستخدم بامتياز لتخفيف وعلاج أعراض الحساسية الموسمية المُزعجة بشدة، سيلان الأنف والعطس المتكرر، إدماع العينين، والطفح الجلدي دون التأثير السلبي على التركيز المعتاد.","باعتباره الجيل الحديث فهو لا يسبب النعاس تقريباً ويمكن مزاولة اليوم معها بنشاط بالغ، قد يُلاحظ فقط صداع بسيط أو جفاف خفيف في الحلق والفم."
745,"Opatanol Eye Drops","أوباتانول نقط للعين","Eye Drops","تُستخدم أوباتانول نقط للعين كقطرات دوائية مُعقمة ومُطوّرة خصيصاً للاستخدام العيني الحيوي الآمن، منها المرطبة مكثفة متكررة لعلاج جفاف العين وتهيج القرنية بسبب الشاشات، ومنها الطبية المعالجة للتحسس والالتهابات الجرثومية الظاهرة وتسكين ألم إرهاق ما بعد الليزك.","تعد بشكل كبير آمنة جداً. العرض المشترك هو الإحساس المؤقت فقط بحرقان أو غباشة عابرة للرؤية لثوان معدودة بعد تقطير المادة ولزوجتـها الفعّالة."
746,"Relestat Eye Drops","ريليستات نقط للعين","Eye Drops","تُستخدم ريليستات نقط للعين كقطرات دوائية مُعقمة ومُطوّرة خصيصاً للاستخدام العيني الحيوي الآمن، منها المرطبة مكثفة متكررة لعلاج جفاف العين وتهيج القرنية بسبب الشاشات، ومنها الطبية المعالجة للتحسس والالتهابات الجرثومية الظاهرة وتسكين ألم إرهاق ما بعد الليزك.","تعد بشكل كبير آمنة جداً. العرض المشترك هو الإحساس المؤقت فقط بحرقان أو غباشة عابرة للرؤية لثوان معدودة بعد تقطير المادة ولزوجتـها الفعّالة."
747,"Crombo Eye Drops","كرومبو نقط للعين","Eye Drops","تُستخدم كرومبو نقط للعين كقطرات دوائية مُعقمة ومُطوّرة خصيصاً للاستخدام العيني الحيوي الآمن، منها المرطبة مكثفة متكررة لعلاج جفاف العين وتهيج القرنية بسبب الشاشات، ومنها الطبية المعالجة للتحسس والالتهابات الجرثومية الظاهرة وتسكين ألم إرهاق ما بعد الليزك.","تعد بشكل كبير آمنة جداً. العرض المشترك هو الإحساس المؤقت فقط بحرقان أو غباشة عابرة للرؤية لثوان معدودة بعد تقطير المادة ولزوجتـها الفعّالة."
748,"Econopred Plus Eye Drops","إيكونوبريد بلس نقط للعين","Eye Drops","تُستخدم إيكونوبريد بلس نقط للعين كقطرات دوائية مُعقمة ومُطوّرة خصيصاً للاستخدام العيني الحيوي الآمن، منها المرطبة مكثفة متكررة لعلاج جفاف العين وتهيج القرنية بسبب الشاشات، ومنها الطبية المعالجة للتحسس والالتهابات الجرثومية الظاهرة وتسكين ألم إرهاق ما بعد الليزك.","تعد بشكل كبير آمنة جداً. العرض المشترك هو الإحساس المؤقت فقط بحرقان أو غباشة عابرة للرؤية لثوان معدودة بعد تقطير المادة ولزوجتـها الفعّالة."
749,"Pred Forte Eye Drops","بريد فورت نقط للعين","Eye Drops","تُستخدم بريد فورت نقط للعين كقطرات دوائية مُعقمة ومُطوّرة خصيصاً للاستخدام العيني الحيوي الآمن، منها المرطبة مكثفة متكررة لعلاج جفاف العين وتهيج القرنية بسبب الشاشات، ومنها الطبية المعالجة للتحسس والالتهابات الجرثومية الظاهرة وتسكين ألم إرهاق ما بعد الليزك.","تعد بشكل كبير آمنة جداً. العرض المشترك هو الإحساس المؤقت فقط بحرقان أو غباشة عابرة للرؤية لثوان معدودة بعد تقطير المادة ولزوجتـها الفعّالة."
750,"FML Eye Drops","إف إم إل نقط للعين","Eye Drops","تُستخدم إف إم إل نقط للعين كقطرات دوائية مُعقمة ومُطوّرة خصيصاً للاستخدام العيني الحيوي الآمن، منها المرطبة مكثفة متكررة لعلاج جفاف العين وتهيج القرنية بسبب الشاشات، ومنها الطبية المعالجة للتحسس والالتهابات الجرثومية الظاهرة وتسكين ألم إرهاق ما بعد الليزك.","تعد بشكل كبير آمنة جداً. العرض المشترك هو الإحساس المؤقت فقط بحرقان أو غباشة عابرة للرؤية لثوان معدودة بعد تقطير المادة ولزوجتـها الفعّالة."
751,"Tears Guard Eye Drops","تيرز جارد نقط للعين","Eye Drops","تُستخدم تيرز جارد نقط للعين كقطرات دوائية مُعقمة ومُطوّرة خصيصاً للاستخدام العيني الحيوي الآمن، منها المرطبة مكثفة متكررة لعلاج جفاف العين وتهيج القرنية بسبب الشاشات، ومنها الطبية المعالجة للتحسس والالتهابات الجرثومية الظاهرة وتسكين ألم إرهاق ما بعد الليزك.","تعد بشكل كبير آمنة جداً. العرض المشترك هو الإحساس المؤقت فقط بحرقان أو غباشة عابرة للرؤية لثوان معدودة بعد تقطير المادة ولزوجتـها الفعّالة."
752,"Polyfresh Eye Drops","بولي فريش نقط للعين","Eye Drops","تُستخدم بولي فريش نقط للعين كقطرات دوائية مُعقمة ومُطوّرة خصيصاً للاستخدام العيني الحيوي الآمن، منها المرطبة مكثفة متكررة لعلاج جفاف العين وتهيج القرنية بسبب الشاشات، ومنها الطبية المعالجة للتحسس والالتهابات الجرثومية الظاهرة وتسكين ألم إرهاق ما بعد الليزك.","تعد بشكل كبير آمنة جداً. العرض المشترك هو الإحساس المؤقت فقط بحرقان أو غباشة عابرة للرؤية لثوان معدودة بعد تقطير المادة ولزوجتـها الفعّالة."
753,"Artelac Eye Drops","أرتيلاك نقط للعين","Eye Drops","تُستخدم أرتيلاك نقط للعين كقطرات دوائية مُعقمة ومُطوّرة خصيصاً للاستخدام العيني الحيوي الآمن، منها المرطبة مكثفة متكررة لعلاج جفاف العين وتهيج القرنية بسبب الشاشات، ومنها الطبية المعالجة للتحسس والالتهابات الجرثومية الظاهرة وتسكين ألم إرهاق ما بعد الليزك.","تعد بشكل كبير آمنة جداً. العرض المشترك هو الإحساس المؤقت فقط بحرقان أو غباشة عابرة للرؤية لثوان معدودة بعد تقطير المادة ولزوجتـها الفعّالة."
754,"Dexatrol Eye Drops","ديكساترول نقط للعين","Eye Drops","تُستخدم ديكساترول نقط للعين كقطرات دوائية مُعقمة ومُطوّرة خصيصاً للاستخدام العيني الحيوي الآمن، منها المرطبة مكثفة متكررة لعلاج جفاف العين وتهيج القرنية بسبب الشاشات، ومنها الطبية المعالجة للتحسس والالتهابات الجرثومية الظاهرة وتسكين ألم إرهاق ما بعد الليزك.","تعد بشكل كبير آمنة جداً. العرض المشترك هو الإحساس المؤقت فقط بحرقان أو غباشة عابرة للرؤية لثوان معدودة بعد تقطير المادة ولزوجتـها الفعّالة."
755,"Orchadex Eye Drops","أوركاديكس نقط للعين","Eye Drops","تُستخدم أوركاديكس نقط للعين كقطرات دوائية مُعقمة ومُطوّرة خصيصاً للاستخدام العيني الحيوي الآمن، منها المرطبة مكثفة متكررة لعلاج جفاف العين وتهيج القرنية بسبب الشاشات، ومنها الطبية المعالجة للتحسس والالتهابات الجرثومية الظاهرة وتسكين ألم إرهاق ما بعد الليزك.","تعد بشكل كبير آمنة جداً. العرض المشترك هو الإحساس المؤقت فقط بحرقان أو غباشة عابرة للرؤية لثوان معدودة بعد تقطير المادة ولزوجتـها الفعّالة."
756,"Vismed Eye Drops","فيزميد نقط للعين","Eye Drops","تُستخدم فيزميد نقط للعين كقطرات دوائية مُعقمة ومُطوّرة خصيصاً للاستخدام العيني الحيوي الآمن، منها المرطبة مكثفة متكررة لعلاج جفاف العين وتهيج القرنية بسبب الشاشات، ومنها الطبية المعالجة للتحسس والالتهابات الجرثومية الظاهرة وتسكين ألم إرهاق ما بعد الليزك.","تعد بشكل كبير آمنة جداً. العرض المشترك هو الإحساس المؤقت فقط بحرقان أو غباشة عابرة للرؤية لثوان معدودة بعد تقطير المادة ولزوجتـها الفعّالة."
757,"Iliadin 0.05% Nasal Drops","إليادين نقط أنف 0.05%","Cold & Flu","تُستخدم إليادين نقط أنف 0.05% كتركيبة طبية دوائية متكاملة مصممة بنجاح، وتحتوي دمجاً لمسكن للألم، مزيل فعال لاحتقان الجيوب الأنفية ومضاد للحساسية. وتعتبر الخيار الأمثل والناجز لعلاج نزلات البرد الحادة والإنفلونزا.","قد يسبب جفافاً ملحوظاً في الفم ودواراً بسيطاً. يُمنع صرف مثل هذه التركيبات ذات مزيلات الاحتقان لمرضى الضغط المرتفع لما قد تتسبب فيه من ارتفاع ضغط قوي."
758,"Iliadin 0.025% Nasal Drops","إليادين نقط أنف أطفال","Cold & Flu","تُستخدم إليادين نقط أنف أطفال كتركيبة طبية دوائية متكاملة مصممة بنجاح، وتحتوي دمجاً لمسكن للألم، مزيل فعال لاحتقان الجيوب الأنفية ومضاد للحساسية. وتعتبر الخيار الأمثل والناجز لعلاج نزلات البرد الحادة والإنفلونزا.","قد يسبب جفافاً ملحوظاً في الفم ودواراً بسيطاً. يُمنع صرف مثل هذه التركيبات ذات مزيلات الاحتقان لمرضى الضغط المرتفع لما قد تتسبب فيه من ارتفاع ضغط قوي."
759,"Afrin Pediatric Nasal Drops","أفرين نقط أنف أطفال","Cold & Flu","تُستخدم أفرين نقط أنف أطفال كتركيبة طبية دوائية متكاملة مصممة بنجاح، وتحتوي دمجاً لمسكن للألم، مزيل فعال لاحتقان الجيوب الأنفية ومضاد للحساسية. وتعتبر الخيار الأمثل والناجز لعلاج نزلات البرد الحادة والإنفلونزا.","قد يسبب جفافاً ملحوظاً في الفم ودواراً بسيطاً. يُمنع صرف مثل هذه التركيبات ذات مزيلات الاحتقان لمرضى الضغط المرتفع لما قد تتسبب فيه من ارتفاع ضغط قوي."
760,"Physiomer Nasal Spray","فيزيومير بخاخ أنف",Respiratory,"تُستخدم فيزيومير بخاخ أنف كدواء علاجي متخصص يوصف من قِبل الطبيب المختص بناء على الحالة المرضية السريرية للوصول للمعدل المطلوب للشفاء واستقرار العلامات الحيوية للجسم.","متفاوتة من مريض لآخر حيث يستجيب الجسم للمادة الفعالة إما بانسجام وتسكين للآلام أو بظهور أعراض كالإرهاق العام أو الإضطرابات الهضمية العابرة."
761,"Free Nose Sea Water Spray","فري نوز بخاخ أنف",Respiratory,"تُستخدم فري نوز بخاخ أنف كدواء علاجي متخصص يوصف من قِبل الطبيب المختص بناء على الحالة المرضية السريرية للوصول للمعدل المطلوب للشفاء واستقرار العلامات الحيوية للجسم.","متفاوتة من مريض لآخر حيث يستجيب الجسم للمادة الفعالة إما بانسجام وتسكين للآلام أو بظهور أعراض كالإرهاق العام أو الإضطرابات الهضمية العابرة."
762,"Zithromax 600mg Suspension","زيثروماكس معلق 600 مجم",Antibiotics,"تُستخدم زيثروماكس معلق 600 مجم كمضاد حيوي قوي يُستخدم لعلاج التهابات الجهاز التنفسي الحادة، التهاب الشعب الهوائية المزمن، والتهابات الحلق لدى المرضى الذين يعانون من حساسية تجاه البنسلين، كما يعالج بعض أنواع العدوى الجلدية.","غثيان أو قيء بسيط مع إسهال، وفي حالات نادرة جداً قد يسبب تسارعاً في ضربات القلب أو تغيراً في حاسة التذوق."
763,"Curam 228mg Suspension","كيورام معلق 228 مجم",Antibiotics,"تُستخدم كيورام معلق 228 مجم كمضاد حيوي واسع المجال بتركيبة البنسلين، يُستخدم بفعالية فائقة للقضاء على الالتهابات البكتيرية في الجهاز التنفسي العلوي والسفلي (كالتهاب اللوزتين والجيوب الأنفية والالتهاب الرئوي)، بالإضافة لمعالجة التهابات الأذن والمسالك البولية وعدوى الأسنان.","قد يصاحبه إسهال أو اضطرابات هضمية خفيفة. يجب التوقف فوراً ومراجعة الطبيب إذا ظهر طفح جلدي كثيف أو تورم يشير لحساسية من البنسلين."
764,"Curam 1g Tablets","كيورام أقراص 1 جرام",Antibiotics,"تُستخدم كيورام أقراص 1 جرام كمضاد حيوي واسع المجال بتركيبة البنسلين، يُستخدم بفعالية فائقة للقضاء على الالتهابات البكتيرية في الجهاز التنفسي العلوي والسفلي (كالتهاب اللوزتين والجيوب الأنفية والالتهاب الرئوي)، بالإضافة لمعالجة التهابات الأذن والمسالك البولية وعدوى الأسنان.","قد يصاحبه إسهال أو اضطرابات هضمية خفيفة. يجب التوقف فوراً ومراجعة الطبيب إذا ظهر طفح جلدي كثيف أو تورم يشير لحساسية من البنسلين."
765,"E-Mox 500mg Capsules","إي-موكس كبسولات 500 مجم",Antibiotics,"تُستخدم إي-موكس كبسولات 500 مجم كمضاد حيوي واسع المجال بتركيبة البنسلين، يُستخدم بفعالية فائقة للقضاء على الالتهابات البكتيرية في الجهاز التنفسي العلوي والسفلي (كالتهاب اللوزتين والجيوب الأنفية والالتهاب الرئوي)، بالإضافة لمعالجة التهابات الأذن والمسالك البولية وعدوى الأسنان.","قد يصاحبه إسهال أو اضطرابات هضمية خفيفة. يجب التوقف فوراً ومراجعة الطبيب إذا ظهر طفح جلدي كثيف أو تورم يشير لحساسية من البنسلين."
766,"Amoxil 1g Tablets","أموكسيل أقراص 1 جرام",Antibiotics,"تُستخدم أموكسيل أقراص 1 جرام كمضاد حيوي واسع المجال بتركيبة البنسلين، يُستخدم بفعالية فائقة للقضاء على الالتهابات البكتيرية في الجهاز التنفسي العلوي والسفلي (كالتهاب اللوزتين والجيوب الأنفية والالتهاب الرئوي)، بالإضافة لمعالجة التهابات الأذن والمسالك البولية وعدوى الأسنان.","قد يصاحبه إسهال أو اضطرابات هضمية خفيفة. يجب التوقف فوراً ومراجعة الطبيب إذا ظهر طفح جلدي كثيف أو تورم يشير لحساسية من البنسلين."
767,"Bactrim 400/80mg Tablets","باكتريم أقراص",Antibiotics,"تُستخدم باكتريم أقراص كمضاد حيوي واسع المجال بتركيبة البنسلين، يُستخدم بفعالية فائقة للقضاء على الالتهابات البكتيرية في الجهاز التنفسي العلوي والسفلي (كالتهاب اللوزتين والجيوب الأنفية والالتهاب الرئوي)، بالإضافة لمعالجة التهابات الأذن والمسالك البولية وعدوى الأسنان.","قد يصاحبه إسهال أو اضطرابات هضمية خفيفة. يجب التوقف فوراً ومراجعة الطبيب إذا ظهر طفح جلدي كثيف أو تورم يشير لحساسية من البنسلين."
768,"Bactrim Suspension","باكتريم معلق",Antibiotics,"تُستخدم باكتريم معلق كمضاد حيوي واسع المجال بتركيبة البنسلين، يُستخدم بفعالية فائقة للقضاء على الالتهابات البكتيرية في الجهاز التنفسي العلوي والسفلي (كالتهاب اللوزتين والجيوب الأنفية والالتهاب الرئوي)، بالإضافة لمعالجة التهابات الأذن والمسالك البولية وعدوى الأسنان.","قد يصاحبه إسهال أو اضطرابات هضمية خفيفة. يجب التوقف فوراً ومراجعة الطبيب إذا ظهر طفح جلدي كثيف أو تورم يشير لحساسية من البنسلين."
769,"Septrim Tablets","سبترين أقراص",Antibiotics,"تُستخدم سبترين أقراص كمضاد حيوي واسع المجال بتركيبة البنسلين، يُستخدم بفعالية فائقة للقضاء على الالتهابات البكتيرية في الجهاز التنفسي العلوي والسفلي (كالتهاب اللوزتين والجيوب الأنفية والالتهاب الرئوي)، بالإضافة لمعالجة التهابات الأذن والمسالك البولية وعدوى الأسنان.","قد يصاحبه إسهال أو اضطرابات هضمية خفيفة. يجب التوقف فوراً ومراجعة الطبيب إذا ظهر طفح جلدي كثيف أو تورم يشير لحساسية من البنسلين."
770,"Suprax 400mg Capsules","سوبراكس كبسولات 400 مجم",Antibiotics,"تُستخدم سوبراكس كبسولات 400 مجم كمضاد حيوي آمن وفعال لعلاج التهابات الحلق، عدوى الجلد والأنسجة الرخوة، والتهابات الأذن الوسطى خصوصاً لدى الأطفال والمراهقين.","جيد التحمل عادةً، ولكنه قد يسبب اضطرابات خفيفة في المعدة كالإسهال أو ردود فعل تحسسية جلدية كالحكة."
771,"Suprax 100mg Suspension","سوبراكس معلق 100 مجم",Antibiotics,"تُستخدم سوبراكس معلق 100 مجم كمضاد حيوي آمن وفعال لعلاج التهابات الحلق، عدوى الجلد والأنسجة الرخوة، والتهابات الأذن الوسطى خصوصاً لدى الأطفال والمراهقين.","جيد التحمل عادةً، ولكنه قد يسبب اضطرابات خفيفة في المعدة كالإسهال أو ردود فعل تحسسية جلدية كالحكة."
772,"Azalide 500mg Tablets","أزاليد أقراص 500 مجم",Antibiotics,"تُستخدم أزاليد أقراص 500 مجم كمضاد حيوي واسع المجال بتركيبة البنسلين، يُستخدم بفعالية فائقة للقضاء على الالتهابات البكتيرية في الجهاز التنفسي العلوي والسفلي (كالتهاب اللوزتين والجيوب الأنفية والالتهاب الرئوي)، بالإضافة لمعالجة التهابات الأذن والمسالك البولية وعدوى الأسنان.","قد يصاحبه إسهال أو اضطرابات هضمية خفيفة. يجب التوقف فوراً ومراجعة الطبيب إذا ظهر طفح جلدي كثيف أو تورم يشير لحساسية من البنسلين."
773,"Zetamacin 500mg Tablets","زيتاماسين أقراص 500 مجم",Antibiotics,"تُستخدم زيتاماسين أقراص 500 مجم كمضاد حيوي واسع المجال بتركيبة البنسلين، يُستخدم بفعالية فائقة للقضاء على الالتهابات البكتيرية في الجهاز التنفسي العلوي والسفلي (كالتهاب اللوزتين والجيوب الأنفية والالتهاب الرئوي)، بالإضافة لمعالجة التهابات الأذن والمسالك البولية وعدوى الأسنان.","قد يصاحبه إسهال أو اضطرابات هضمية خفيفة. يجب التوقف فوراً ومراجعة الطبيب إذا ظهر طفح جلدي كثيف أو تورم يشير لحساسية من البنسلين."
774,"Cefzil 500mg Tablets","سيفزيل أقراص 500 مجم",Antibiotics,"تُستخدم سيفزيل أقراص 500 مجم كمضاد حيوي آمن وفعال لعلاج التهابات الحلق، عدوى الجلد والأنسجة الرخوة، والتهابات الأذن الوسطى خصوصاً لدى الأطفال والمراهقين.","جيد التحمل عادةً، ولكنه قد يسبب اضطرابات خفيفة في المعدة كالإسهال أو ردود فعل تحسسية جلدية كالحكة."
775,"Cefzil 250mg Suspension","سيفزيل معلق 250 مجم",Antibiotics,"تُستخدم سيفزيل معلق 250 مجم كمضاد حيوي آمن وفعال لعلاج التهابات الحلق، عدوى الجلد والأنسجة الرخوة، والتهابات الأذن الوسطى خصوصاً لدى الأطفال والمراهقين.","جيد التحمل عادةً، ولكنه قد يسبب اضطرابات خفيفة في المعدة كالإسهال أو ردود فعل تحسسية جلدية كالحكة."
776,"Duricef 1g Tablets","ديوريسيف أقراص 1 جرام",Antibiotics,"تُستخدم ديوريسيف أقراص 1 جرام كمضاد حيوي آمن وفعال لعلاج التهابات الحلق، عدوى الجلد والأنسجة الرخوة، والتهابات الأذن الوسطى خصوصاً لدى الأطفال والمراهقين.","جيد التحمل عادةً، ولكنه قد يسبب اضطرابات خفيفة في المعدة كالإسهال أو ردود فعل تحسسية جلدية كالحكة."
777,"Duricef 500mg Capsules","ديوريسيف كبسولات 500 مجم",Antibiotics,"تُستخدم ديوريسيف كبسولات 500 مجم كمضاد حيوي آمن وفعال لعلاج التهابات الحلق، عدوى الجلد والأنسجة الرخوة، والتهابات الأذن الوسطى خصوصاً لدى الأطفال والمراهقين.","جيد التحمل عادةً، ولكنه قد يسبب اضطرابات خفيفة في المعدة كالإسهال أو ردود فعل تحسسية جلدية كالحكة."
778,"Velosef 1g Tablets","فيلوسيف أقراص 1 جرام",Antibiotics,"تُستخدم فيلوسيف أقراص 1 جرام كمضاد حيوي آمن وفعال لعلاج التهابات الحلق، عدوى الجلد والأنسجة الرخوة، والتهابات الأذن الوسطى خصوصاً لدى الأطفال والمراهقين.","جيد التحمل عادةً، ولكنه قد يسبب اضطرابات خفيفة في المعدة كالإسهال أو ردود فعل تحسسية جلدية كالحكة."
779,"Velosef 250mg Suspension","فيلوسيف معلق 250 مجم",Antibiotics,"تُستخدم فيلوسيف معلق 250 مجم كمضاد حيوي آمن وفعال لعلاج التهابات الحلق، عدوى الجلد والأنسجة الرخوة، والتهابات الأذن الوسطى خصوصاً لدى الأطفال والمراهقين.","جيد التحمل عادةً، ولكنه قد يسبب اضطرابات خفيفة في المعدة كالإسهال أو ردود فعل تحسسية جلدية كالحكة."
780,"Keflex 250mg Suspension","كيفليكس معلق 250 مجم",Antibiotics,"تُستخدم كيفليكس معلق 250 مجم كمضاد حيوي آمن وفعال لعلاج التهابات الحلق، عدوى الجلد والأنسجة الرخوة، والتهابات الأذن الوسطى خصوصاً لدى الأطفال والمراهقين.","جيد التحمل عادةً، ولكنه قد يسبب اضطرابات خفيفة في المعدة كالإسهال أو ردود فعل تحسسية جلدية كالحكة."
781,"Maclar 500mg Tablets","ماكلار أقراص 500 مجم",Antibiotics,"تُستخدم ماكلار أقراص 500 مجم كمضاد حيوي قوي يُستخدم لعلاج التهابات الجهاز التنفسي الحادة، التهاب الشعب الهوائية المزمن، والتهابات الحلق لدى المرضى الذين يعانون من حساسية تجاه البنسلين، كما يعالج بعض أنواع العدوى الجلدية.","غثيان أو قيء بسيط مع إسهال، وفي حالات نادرة جداً قد يسبب تسارعاً في ضربات القلب أو تغيراً في حاسة التذوق."
782,"Garamycin 80mg Ampoules","جاراميسين أمبولات 80 مجم",Antibiotics,"تُستخدم جاراميسين أمبولات 80 مجم كدهان جلدي طبي قوي يحتوي على مركبات علاجية مكثفة تستخدم لعلاج الالتهابات الجلدية المريعة أو حب الشباب المستعصي والأكزيما، يخفف على الفور الاحمرار ويسرع التئام وتقشير نسيج الغشاء الخارجي لاستبداله بخلايا صحيحة قوية.","تحتاج لحذر، فالاستخدام العشوائي الدائم أو التعرض المباشر للشمس بعدها قد يُحدث ترققاً شديداً أو تمدداً في الجلد يتسبب في إحمرار وأوعية دموية مسلوخة وغير مقبولة أبداً."
783,"Amikin 500mg Ampoules","أميكين أمبولات 500 مجم",Antibiotics,"تُستخدم أميكين أمبولات 500 مجم كمضاد حيوي واسع المجال بتركيبة البنسلين، يُستخدم بفعالية فائقة للقضاء على الالتهابات البكتيرية في الجهاز التنفسي العلوي والسفلي (كالتهاب اللوزتين والجيوب الأنفية والالتهاب الرئوي)، بالإضافة لمعالجة التهابات الأذن والمسالك البولية وعدوى الأسنان.","قد يصاحبه إسهال أو اضطرابات هضمية خفيفة. يجب التوقف فوراً ومراجعة الطبيب إذا ظهر طفح جلدي كثيف أو تورم يشير لحساسية من البنسلين."
784,"Togamycin Ampoules","توجاميسين أمبولات",Antibiotics,"تُستخدم توجاميسين أمبولات كمضاد حيوي واسع المجال بتركيبة البنسلين، يُستخدم بفعالية فائقة للقضاء على الالتهابات البكتيرية في الجهاز التنفسي العلوي والسفلي (كالتهاب اللوزتين والجيوب الأنفية والالتهاب الرئوي)، بالإضافة لمعالجة التهابات الأذن والمسالك البولية وعدوى الأسنان.","قد يصاحبه إسهال أو اضطرابات هضمية خفيفة. يجب التوقف فوراً ومراجعة الطبيب إذا ظهر طفح جلدي كثيف أو تورم يشير لحساسية من البنسلين."
785,"Vancomycin 1g Vial","فانكوميسين فيال 1 جرام",Antibiotics,"تُستخدم فانكوميسين فيال 1 جرام كمضاد حيوي واسع المجال بتركيبة البنسلين، يُستخدم بفعالية فائقة للقضاء على الالتهابات البكتيرية في الجهاز التنفسي العلوي والسفلي (كالتهاب اللوزتين والجيوب الأنفية والالتهاب الرئوي)، بالإضافة لمعالجة التهابات الأذن والمسالك البولية وعدوى الأسنان.","قد يصاحبه إسهال أو اضطرابات هضمية خفيفة. يجب التوقف فوراً ومراجعة الطبيب إذا ظهر طفح جلدي كثيف أو تورم يشير لحساسية من البنسلين."
786,"Targocid 200mg Vial","تارجوسيد فيال 200 مجم",Antibiotics,"تُستخدم تارجوسيد فيال 200 مجم كمضاد حيوي واسع المجال بتركيبة البنسلين، يُستخدم بفعالية فائقة للقضاء على الالتهابات البكتيرية في الجهاز التنفسي العلوي والسفلي (كالتهاب اللوزتين والجيوب الأنفية والالتهاب الرئوي)، بالإضافة لمعالجة التهابات الأذن والمسالك البولية وعدوى الأسنان.","قد يصاحبه إسهال أو اضطرابات هضمية خفيفة. يجب التوقف فوراً ومراجعة الطبيب إذا ظهر طفح جلدي كثيف أو تورم يشير لحساسية من البنسلين."
787,"Tienam 500mg IV","تيينام حقن وريدي",Antibiotics,"تُستخدم تيينام حقن وريدي كمضاد حيوي واسع المجال بتركيبة البنسلين، يُستخدم بفعالية فائقة للقضاء على الالتهابات البكتيرية في الجهاز التنفسي العلوي والسفلي (كالتهاب اللوزتين والجيوب الأنفية والالتهاب الرئوي)، بالإضافة لمعالجة التهابات الأذن والمسالك البولية وعدوى الأسنان.","قد يصاحبه إسهال أو اضطرابات هضمية خفيفة. يجب التوقف فوراً ومراجعة الطبيب إذا ظهر طفح جلدي كثيف أو تورم يشير لحساسية من البنسلين."
788,"Meronem 1g IV","ميرونيم فيال 1 جرام",Antibiotics,"تُستخدم ميرونيم فيال 1 جرام كمضاد حيوي واسع المجال بتركيبة البنسلين، يُستخدم بفعالية فائقة للقضاء على الالتهابات البكتيرية في الجهاز التنفسي العلوي والسفلي (كالتهاب اللوزتين والجيوب الأنفية والالتهاب الرئوي)، بالإضافة لمعالجة التهابات الأذن والمسالك البولية وعدوى الأسنان.","قد يصاحبه إسهال أو اضطرابات هضمية خفيفة. يجب التوقف فوراً ومراجعة الطبيب إذا ظهر طفح جلدي كثيف أو تورم يشير لحساسية من البنسلين."
789,"Unictam 1500mg Vial","يونيكتام فيال 1.5 جرام",Antibiotics,"تُستخدم يونيكتام فيال 1.5 جرام كمضاد حيوي واسع المجال بتركيبة البنسلين، يُستخدم بفعالية فائقة للقضاء على الالتهابات البكتيرية في الجهاز التنفسي العلوي والسفلي (كالتهاب اللوزتين والجيوب الأنفية والالتهاب الرئوي)، بالإضافة لمعالجة التهابات الأذن والمسالك البولية وعدوى الأسنان.","قد يصاحبه إسهال أو اضطرابات هضمية خفيفة. يجب التوقف فوراً ومراجعة الطبيب إذا ظهر طفح جلدي كثيف أو تورم يشير لحساسية من البنسلين."
790,"Sultamicillin 375mg Tablets","سيلتاميسلين أقراص 375 مجم",Antibiotics,"تُستخدم سيلتاميسلين أقراص 375 مجم كمضاد حيوي واسع المجال بتركيبة البنسلين، يُستخدم بفعالية فائقة للقضاء على الالتهابات البكتيرية في الجهاز التنفسي العلوي والسفلي (كالتهاب اللوزتين والجيوب الأنفية والالتهاب الرئوي)، بالإضافة لمعالجة التهابات الأذن والمسالك البولية وعدوى الأسنان.","قد يصاحبه إسهال أو اضطرابات هضمية خفيفة. يجب التوقف فوراً ومراجعة الطبيب إذا ظهر طفح جلدي كثيف أو تورم يشير لحساسية من البنسلين."
791,"Epithro 500mg Tablets","إيبيثرو أقراص 500 مجم",Antibiotics,"تُستخدم إيبيثرو أقراص 500 مجم كمضاد حيوي واسع المجال بتركيبة البنسلين، يُستخدم بفعالية فائقة للقضاء على الالتهابات البكتيرية في الجهاز التنفسي العلوي والسفلي (كالتهاب اللوزتين والجيوب الأنفية والالتهاب الرئوي)، بالإضافة لمعالجة التهابات الأذن والمسالك البولية وعدوى الأسنان.","قد يصاحبه إسهال أو اضطرابات هضمية خفيفة. يجب التوقف فوراً ومراجعة الطبيب إذا ظهر طفح جلدي كثيف أو تورم يشير لحساسية من البنسلين."
792,"Cefobid 1g Vial","سيفوبيد فيال 1 جرام",Antibiotics,"تُستخدم سيفوبيد فيال 1 جرام كمضاد حيوي واسع المجال بتركيبة البنسلين، يُستخدم بفعالية فائقة للقضاء على الالتهابات البكتيرية في الجهاز التنفسي العلوي والسفلي (كالتهاب اللوزتين والجيوب الأنفية والالتهاب الرئوي)، بالإضافة لمعالجة التهابات الأذن والمسالك البولية وعدوى الأسنان.","قد يصاحبه إسهال أو اضطرابات هضمية خفيفة. يجب التوقف فوراً ومراجعة الطبيب إذا ظهر طفح جلدي كثيف أو تورم يشير لحساسية من البنسلين."
793,"Fortum 1g Vial","فورتوم فيال 1 جرام",Antibiotics,"تُستخدم فورتوم فيال 1 جرام كمضاد حيوي واسع المجال بتركيبة البنسلين، يُستخدم بفعالية فائقة للقضاء على الالتهابات البكتيرية في الجهاز التنفسي العلوي والسفلي (كالتهاب اللوزتين والجيوب الأنفية والالتهاب الرئوي)، بالإضافة لمعالجة التهابات الأذن والمسالك البولية وعدوى الأسنان.","قد يصاحبه إسهال أو اضطرابات هضمية خفيفة. يجب التوقف فوراً ومراجعة الطبيب إذا ظهر طفح جلدي كثيف أو تورم يشير لحساسية من البنسلين."
794,"Cefepime 1g Vial","سيفيبيم فيال 1 جرام",Antibiotics,"تُستخدم سيفيبيم فيال 1 جرام كمضاد حيوي واسع المجال بتركيبة البنسلين، يُستخدم بفعالية فائقة للقضاء على الالتهابات البكتيرية في الجهاز التنفسي العلوي والسفلي (كالتهاب اللوزتين والجيوب الأنفية والالتهاب الرئوي)، بالإضافة لمعالجة التهابات الأذن والمسالك البولية وعدوى الأسنان.","قد يصاحبه إسهال أو اضطرابات هضمية خفيفة. يجب التوقف فوراً ومراجعة الطبيب إذا ظهر طفح جلدي كثيف أو تورم يشير لحساسية من البنسلين."
795,"Tazocin 4.5g Vial","تازوسين فيال 4.5 جرام",Antibiotics,"تُستخدم تازوسين فيال 4.5 جرام كمضاد حيوي واسع المجال بتركيبة البنسلين، يُستخدم بفعالية فائقة للقضاء على الالتهابات البكتيرية في الجهاز التنفسي العلوي والسفلي (كالتهاب اللوزتين والجيوب الأنفية والالتهاب الرئوي)، بالإضافة لمعالجة التهابات الأذن والمسالك البولية وعدوى الأسنان.","قد يصاحبه إسهال أو اضطرابات هضمية خفيفة. يجب التوقف فوراً ومراجعة الطبيب إذا ظهر طفح جلدي كثيف أو تورم يشير لحساسية من البنسلين."
796,"Micardis 40mg Tablets","ميكارديس أقراص 40 مجم","Heart & BP","تُستخدم ميكارديس أقراص 40 مجم كموسع للشرايين ومخفض لضغط الدم يحمي عضلة القلب والكلى بمرور الوقت من الأضرار العنيفة لضغط الدم المرتفع ويقي المرضى من المضاعفات المستقبلية.","عائلة (ACE) كالزستريل كابوتين قد تصاحبها كأثر جانبي كحة وسعال جاف مزعج جداً تتطلب وقف الدواء بأمر الطبيب، بالإضافة لدوار عابر ملحوظ."
797,"Micardis Plus 80/12.5mg Tablets","ميكارديس بلس أقراص","Heart & BP","تُستخدم ميكارديس بلس أقراص كموسع للشرايين ومخفض لضغط الدم يحمي عضلة القلب والكلى بمرور الوقت من الأضرار العنيفة لضغط الدم المرتفع ويقي المرضى من المضاعفات المستقبلية.","عائلة (ACE) كالزستريل كابوتين قد تصاحبها كأثر جانبي كحة وسعال جاف مزعج جداً تتطلب وقف الدواء بأمر الطبيب، بالإضافة لدوار عابر ملحوظ."
798,"Exforge 5/160mg Tablets","إكسفورج أقراص","Heart & BP","تُستخدم إكسفورج أقراص كعلاج مفصلي لمرضى الضغط المرتفع يعمل كمرخي للأوعية الدموية المتشنجة لتسمح بسهولة تدفق وسريان الدم للقلب وبقية أعضاء الجسم بانسيابية متزنة دون ضغوط.","قد يسبب الاستخدام الدائم تورماً واضحاً جداً في الكاحلين والقدمين واحتباساً للماء تحت الجلد، وصداع الرأس العابر مع احمرار وبريق الوجه."
799,"Twynsta 80/5mg Tablets","توينستا أقراص 80/5 مجم","Heart & BP","تُستخدم توينستا أقراص 80/5 مجم كعلاج مفصلي لمرضى الضغط المرتفع يعمل كمرخي للأوعية الدموية المتشنجة لتسمح بسهولة تدفق وسريان الدم للقلب وبقية أعضاء الجسم بانسيابية متزنة دون ضغوط.","قد يسبب الاستخدام الدائم تورماً واضحاً جداً في الكاحلين والقدمين واحتباساً للماء تحت الجلد، وصداع الرأس العابر مع احمرار وبريق الوجه."
800,"Concor Plus 5/12.5mg Tablets","كونكور بلس أقراص 5/12.5 مجم","Heart & BP","تُستخدم كونكور بلس أقراص 5/12.5 مجم كحاصرات ذكية لمستقبلات بيتا، تعمل بشكل علمي لدعم عضلة القلب، وتقليل عبء الضربات المتسارعة المجهدة، بالإضافة لخفض ضغط الدم المرتفع والوقاية الفعالة من نوبات الذبحات الصدرية.","قد يشعر المريض بنوع من الدوار العابر المستمر وبطء ضربات القلب والشعور ببرودة واضحة في الأطراف، ولا يصلح لمرضى الربو الشديد."
801,"Selectol 200mg Tablets","سيلكتول أقراص 200 مجم","Heart & BP","تُستخدم سيلكتول أقراص 200 مجم كحاصرات ذكية لمستقبلات بيتا، تعمل بشكل علمي لدعم عضلة القلب، وتقليل عبء الضربات المتسارعة المجهدة، بالإضافة لخفض ضغط الدم المرتفع والوقاية الفعالة من نوبات الذبحات الصدرية.","قد يشعر المريض بنوع من الدوار العابر المستمر وبطء ضربات القلب والشعور ببرودة واضحة في الأطراف، ولا يصلح لمرضى الربو الشديد."
802,"Tenormin 50mg Tablets","تينورمين أقراص 50 مجم","Heart & BP","تُستخدم تينورمين أقراص 50 مجم كحاصرات ذكية لمستقبلات بيتا، تعمل بشكل علمي لدعم عضلة القلب، وتقليل عبء الضربات المتسارعة المجهدة، بالإضافة لخفض ضغط الدم المرتفع والوقاية الفعالة من نوبات الذبحات الصدرية.","قد يشعر المريض بنوع من الدوار العابر المستمر وبطء ضربات القلب والشعور ببرودة واضحة في الأطراف، ولا يصلح لمرضى الربو الشديد."
803,"Natrilix SR 1.5mg Tablets","ناتريليكس سي آر أقراص 1.5 مجم","Heart & BP","تُستخدم ناتريليكس سي آر أقراص 1.5 مجم كحاصرات ذكية لمستقبلات بيتا، تعمل بشكل علمي لدعم عضلة القلب، وتقليل عبء الضربات المتسارعة المجهدة، بالإضافة لخفض ضغط الدم المرتفع والوقاية الفعالة من نوبات الذبحات الصدرية.","قد يشعر المريض بنوع من الدوار العابر المستمر وبطء ضربات القلب والشعور ببرودة واضحة في الأطراف، ولا يصلح لمرضى الربو الشديد."
804,"Aldactide Tablets","ألداكتايد أقراص","Heart & BP","تُستخدم ألداكتايد أقراص كحاصرات ذكية لمستقبلات بيتا، تعمل بشكل علمي لدعم عضلة القلب، وتقليل عبء الضربات المتسارعة المجهدة، بالإضافة لخفض ضغط الدم المرتفع والوقاية الفعالة من نوبات الذبحات الصدرية.","قد يشعر المريض بنوع من الدوار العابر المستمر وبطء ضربات القلب والشعور ببرودة واضحة في الأطراف، ولا يصلح لمرضى الربو الشديد."
805,"Cardilol 25mg Tablets","كارديول أقراص 25 مجم","Heart & BP","تُستخدم كارديول أقراص 25 مجم كحاصرات ذكية لمستقبلات بيتا، تعمل بشكل علمي لدعم عضلة القلب، وتقليل عبء الضربات المتسارعة المجهدة، بالإضافة لخفض ضغط الدم المرتفع والوقاية الفعالة من نوبات الذبحات الصدرية.","قد يشعر المريض بنوع من الدوار العابر المستمر وبطء ضربات القلب والشعور ببرودة واضحة في الأطراف، ولا يصلح لمرضى الربو الشديد."
806,"Dilatrend 6.25mg Tablets","ديلاتيند أقراص 6.25 مجم","Heart & BP","تُستخدم ديلاتيند أقراص 6.25 مجم كحاصرات ذكية لمستقبلات بيتا، تعمل بشكل علمي لدعم عضلة القلب، وتقليل عبء الضربات المتسارعة المجهدة، بالإضافة لخفض ضغط الدم المرتفع والوقاية الفعالة من نوبات الذبحات الصدرية.","قد يشعر المريض بنوع من الدوار العابر المستمر وبطء ضربات القلب والشعور ببرودة واضحة في الأطراف، ولا يصلح لمرضى الربو الشديد."
807,"Betaloc Zok 50mg Tablets","بيتالوك زوك أقراص 50 مجم","Heart & BP","تُستخدم بيتالوك زوك أقراص 50 مجم كحاصرات ذكية لمستقبلات بيتا، تعمل بشكل علمي لدعم عضلة القلب، وتقليل عبء الضربات المتسارعة المجهدة، بالإضافة لخفض ضغط الدم المرتفع والوقاية الفعالة من نوبات الذبحات الصدرية.","قد يشعر المريض بنوع من الدوار العابر المستمر وبطء ضربات القلب والشعور ببرودة واضحة في الأطراف، ولا يصلح لمرضى الربو الشديد."
808,"Nitromak Retard 2.5mg Capsules","نيتروماك ريتارد كبسولات","Heart & BP","تُستخدم نيتروماك ريتارد كبسولات كحاصرات ذكية لمستقبلات بيتا، تعمل بشكل علمي لدعم عضلة القلب، وتقليل عبء الضربات المتسارعة المجهدة، بالإضافة لخفض ضغط الدم المرتفع والوقاية الفعالة من نوبات الذبحات الصدرية.","قد يشعر المريض بنوع من الدوار العابر المستمر وبطء ضربات القلب والشعور ببرودة واضحة في الأطراف، ولا يصلح لمرضى الربو الشديد."
809,"Effox 20mg Tablets","إيفوكس أقراص 20 مجم","Heart & BP","تُستخدم إيفوكس أقراص 20 مجم كحاصرات ذكية لمستقبلات بيتا، تعمل بشكل علمي لدعم عضلة القلب، وتقليل عبء الضربات المتسارعة المجهدة، بالإضافة لخفض ضغط الدم المرتفع والوقاية الفعالة من نوبات الذبحات الصدرية.","قد يشعر المريض بنوع من الدوار العابر المستمر وبطء ضربات القلب والشعور ببرودة واضحة في الأطراف، ولا يصلح لمرضى الربو الشديد."
810,"Mono-Mak 40mg Tablets","مونو-ماك أقراص 40 مجم","Heart & BP","تُستخدم مونو-ماك أقراص 40 مجم كحاصرات ذكية لمستقبلات بيتا، تعمل بشكل علمي لدعم عضلة القلب، وتقليل عبء الضربات المتسارعة المجهدة، بالإضافة لخفض ضغط الدم المرتفع والوقاية الفعالة من نوبات الذبحات الصدرية.","قد يشعر المريض بنوع من الدوار العابر المستمر وبطء ضربات القلب والشعور ببرودة واضحة في الأطراف، ولا يصلح لمرضى الربو الشديد."
811,"Angised 0.5mg Sublingual","أنجيسيد أقراص تحت اللسان","Heart & BP","تُستخدم أنجيسيد أقراص تحت اللسان كحاصرات ذكية لمستقبلات بيتا، تعمل بشكل علمي لدعم عضلة القلب، وتقليل عبء الضربات المتسارعة المجهدة، بالإضافة لخفض ضغط الدم المرتفع والوقاية الفعالة من نوبات الذبحات الصدرية.","قد يشعر المريض بنوع من الدوار العابر المستمر وبطء ضربات القلب والشعور ببرودة واضحة في الأطراف، ولا يصلح لمرضى الربو الشديد."
812,"Brilique 90mg Tablets","بريليك أقراص 90 مجم","Heart & BP","تُستخدم بريليك أقراص 90 مجم كحاصرات ذكية لمستقبلات بيتا، تعمل بشكل علمي لدعم عضلة القلب، وتقليل عبء الضربات المتسارعة المجهدة، بالإضافة لخفض ضغط الدم المرتفع والوقاية الفعالة من نوبات الذبحات الصدرية.","قد يشعر المريض بنوع من الدوار العابر المستمر وبطء ضربات القلب والشعور ببرودة واضحة في الأطراف، ولا يصلح لمرضى الربو الشديد."
813,"Ticlid 250mg Tablets","تيكليد أقراص 250 مجم","Heart & BP","تُستخدم تيكليد أقراص 250 مجم كحاصرات ذكية لمستقبلات بيتا، تعمل بشكل علمي لدعم عضلة القلب، وتقليل عبء الضربات المتسارعة المجهدة، بالإضافة لخفض ضغط الدم المرتفع والوقاية الفعالة من نوبات الذبحات الصدرية.","قد يشعر المريض بنوع من الدوار العابر المستمر وبطء ضربات القلب والشعور ببرودة واضحة في الأطراف، ولا يصلح لمرضى الربو الشديد."
814,"Pletal 100mg Tablets","بليتال أقراص 100 مجم","Heart & BP","تُستخدم بليتال أقراص 100 مجم كحاصرات ذكية لمستقبلات بيتا، تعمل بشكل علمي لدعم عضلة القلب، وتقليل عبء الضربات المتسارعة المجهدة، بالإضافة لخفض ضغط الدم المرتفع والوقاية الفعالة من نوبات الذبحات الصدرية.","قد يشعر المريض بنوع من الدوار العابر المستمر وبطء ضربات القلب والشعور ببرودة واضحة في الأطراف، ولا يصلح لمرضى الربو الشديد."
815,"Daflon 500mg Tablets","دافالون أقراص 500 مجم",Vascular,"تُستخدم دافالون أقراص 500 مجم كدواء علاجي متخصص يوصف من قِبل الطبيب المختص بناء على الحالة المرضية السريرية للوصول للمعدل المطلوب للشفاء واستقرار العلامات الحيوية للجسم.","متفاوتة من مريض لآخر حيث يستجيب الجسم للمادة الفعالة إما بانسجام وتسكين للآلام أو بظهور أعراض كالإرهاق العام أو الإضطرابات الهضمية العابرة."
816,"Diosmin 500mg Tablets","ديوسمين أقراص 500 مجم",Vascular,"تُستخدم ديوسمين أقراص 500 مجم كدواء علاجي متخصص يوصف من قِبل الطبيب المختص بناء على الحالة المرضية السريرية للوصول للمعدل المطلوب للشفاء واستقرار العلامات الحيوية للجسم.","متفاوتة من مريض لآخر حيث يستجيب الجسم للمادة الفعالة إما بانسجام وتسكين للآلام أو بظهور أعراض كالإرهاق العام أو الإضطرابات الهضمية العابرة."
817,"Venoruton 300mg Capsules","فينوروتون كبسولات 300 مجم",Vascular,"تُستخدم فينوروتون كبسولات 300 مجم كدواء علاجي متخصص يوصف من قِبل الطبيب المختص بناء على الحالة المرضية السريرية للوصول للمعدل المطلوب للشفاء واستقرار العلامات الحيوية للجسم.","متفاوتة من مريض لآخر حيث يستجيب الجسم للمادة الفعالة إما بانسجام وتسكين للآلام أو بظهور أعراض كالإرهاق العام أو الإضطرابات الهضمية العابرة."
818,"Reparil 40mg Tablets","ريباريل أقراص 40 مجم",Vascular,"تُستخدم ريباريل أقراص 40 مجم كمضاد التهاب ومسكن قوي لآلام العظام الشديدة، الهجمات الروماتيزمية الحادة، هشاشة العظام، وآلام ما بعد العمليات الجراحية الموضعية والكسور.","قد يسبب الاستخدام المطول ألماً في المعدة أو قرحة معدية، وارتفاعاً طفيفاً في ضغط الدم، ولا يُنصح باستخدامه لمرضى القلب دون استشارة طبيب."
819,"Reparil Gel","ريباريل جل",Vascular,"تُستخدم ريباريل جل كمضاد التهاب ومسكن قوي لآلام العظام الشديدة، الهجمات الروماتيزمية الحادة، هشاشة العظام، وآلام ما بعد العمليات الجراحية الموضعية والكسور.","قد يسبب الاستخدام المطول ألماً في المعدة أو قرحة معدية، وارتفاعاً طفيفاً في ضغط الدم، ولا يُنصح باستخدامه لمرضى القلب دون استشارة طبيب."
820,"Hemoclar Cream","هيموكلار كريم",Vascular,"تُستخدم هيموكلار كريم كدواء علاجي متخصص يوصف من قِبل الطبيب المختص بناء على الحالة المرضية السريرية للوصول للمعدل المطلوب للشفاء واستقرار العلامات الحيوية للجسم.","متفاوتة من مريض لآخر حيث يستجيب الجسم للمادة الفعالة إما بانسجام وتسكين للآلام أو بظهور أعراض كالإرهاق العام أو الإضطرابات الهضمية العابرة."
821,"Alpha Kadol Ointment","ألفا كادول مرهم",Vascular,"تُستخدم ألفا كادول مرهم كمسكن قوي وفعال لآلام الهيكل العظمي والمفاصل، وخافض سريع لحرارة الجسم المرتفعة (الحمى). يُستخدم بكفاءة لعلاج الصداع أو الصداع النصفي، آلام الدورة الشهرية لدى النساء، والتهابات الحلق المرافقة لنزلات البرد وتخفيف آلام الأسنان.","يعتبر آمناً جداً عند الاستخدام المعتدل، ولكن الجرعات الزائدة المتكررة قد تسبب إجهاداً شديداً لوظائف الكبد، وفي حالات نادرة قد يحدث طفح جلدي طفيف."
822,"Thrombophob Ointment","ثرومبوفوب مرهم",Vascular,"تُستخدم ثرومبوفوب مرهم كدواء علاجي متخصص يوصف من قِبل الطبيب المختص بناء على الحالة المرضية السريرية للوصول للمعدل المطلوب للشفاء واستقرار العلامات الحيوية للجسم.","متفاوتة من مريض لآخر حيث يستجيب الجسم للمادة الفعالة إما بانسجام وتسكين للآلام أو بظهور أعراض كالإرهاق العام أو الإضطرابات الهضمية العابرة."
823,"Hirudoid Cream","هيرودويد كريم",Vascular,"تُستخدم هيرودويد كريم كدواء علاجي متخصص يوصف من قِبل الطبيب المختص بناء على الحالة المرضية السريرية للوصول للمعدل المطلوب للشفاء واستقرار العلامات الحيوية للجسم.","متفاوتة من مريض لآخر حيث يستجيب الجسم للمادة الفعالة إما بانسجام وتسكين للآلام أو بظهور أعراض كالإرهاق العام أو الإضطرابات الهضمية العابرة."
824,"Actos 15mg Tablets","أكتوس أقراص 15 مجم",Diabetes,"تُستخدم أكتوس أقراص 15 مجم كمنظم حيوي وأساسي لسكر الدم يعمل على زيادة حساسية الجسم للإنسولين وتقليل إنتاج الكبد اللحظي للسكر. يعتبر طوق النجاة الأول عالمياً لمرضى السكري من النوع الثاني.","اضطرابات الجهاز الهضمي المؤقتة هي العرض الأشهر (الإسهال الشديد، ألآم البطن، والانتفاخ)، ويفضل تناوله في وسط الوجبات لتقليل هذا الأثر."
825,"Novonorm 1mg Tablets","نوفونورم أقراص 1 مجم",Diabetes,"تُستخدم نوفونورم أقراص 1 مجم كمحفز قوي للبنكرياس لإنتاج وضخ المزيد من الإنسولين في مجرى الدم للسيطرة المباشرة على مستويات السكر المرتفعة بعد الوجبات لمرضى النوع الثاني.","أكثر أعراضه الجانبية شيوعاً وخطراً هي نوبات هبوط السكر المفاجئ (الدوخة، التعرق، الرعشة) خصوصاً للمريض الذي يهمل وجبته بعد الدواء."
826,"Novonorm 2mg Tablets","نوفونورم أقراص 2 مجم",Diabetes,"تُستخدم نوفونورم أقراص 2 مجم كمحفز قوي للبنكرياس لإنتاج وضخ المزيد من الإنسولين في مجرى الدم للسيطرة المباشرة على مستويات السكر المرتفعة بعد الوجبات لمرضى النوع الثاني.","أكثر أعراضه الجانبية شيوعاً وخطراً هي نوبات هبوط السكر المفاجئ (الدوخة، التعرق، الرعشة) خصوصاً للمريض الذي يهمل وجبته بعد الدواء."
827,"Apidra SoloStar Pen","أبيدرا سولوستار قلم",Diabetes,"تُستخدم أبيدرا سولوستار قلم كعلاج هرموني بديل (أو محفز للبنكرياس) لمرضى السكري من النوع الأول المعتمدين لتنظيم جلوكوز الدم كلياً، ومُساعد قوي للنوع الثاني للتحكم بصعود السكر العنيف.","الصداع الملحوظ، هبوط وتدني مستويات السكر السريعة والتي ترافقها رجفة واختلال في التوازن، وزيادة الوزن المرتبطة بأخذ الإنسولين لمدد طويلة."
828,"Tresiba FlexTouch Pen","تريسيبا فليكستاوتش قلم",Diabetes,"تُستخدم تريسيبا فليكستاوتش قلم كعلاج هرموني بديل (أو محفز للبنكرياس) لمرضى السكري من النوع الأول المعتمدين لتنظيم جلوكوز الدم كلياً، ومُساعد قوي للنوع الثاني للتحكم بصعود السكر العنيف.","الصداع الملحوظ، هبوط وتدني مستويات السكر السريعة والتي ترافقها رجفة واختلال في التوازن، وزيادة الوزن المرتبطة بأخذ الإنسولين لمدد طويلة."
829,"Toujeo SoloStar Pen","توجيو سولوستار قلم",Diabetes,"تُستخدم توجيو سولوستار قلم كعلاج هرموني بديل (أو محفز للبنكرياس) لمرضى السكري من النوع الأول المعتمدين لتنظيم جلوكوز الدم كلياً، ومُساعد قوي للنوع الثاني للتحكم بصعود السكر العنيف.","الصداع الملحوظ، هبوط وتدني مستويات السكر السريعة والتي ترافقها رجفة واختلال في التوازن، وزيادة الوزن المرتبطة بأخذ الإنسولين لمدد طويلة."
830,"Gliclazide 80mg Tablets","جليكلازيد أقراص 80 مجم",Diabetes,"تُستخدم جليكلازيد أقراص 80 مجم كمنظم حيوي وأساسي لسكر الدم يعمل على زيادة حساسية الجسم للإنسولين وتقليل إنتاج الكبد اللحظي للسكر. يعتبر طوق النجاة الأول عالمياً لمرضى السكري من النوع الثاني.","اضطرابات الجهاز الهضمي المؤقتة هي العرض الأشهر (الإسهال الشديد، ألآم البطن، والانتفاخ)، ويفضل تناوله في وسط الوجبات لتقليل هذا الأثر."
831,"Glimaryl 1mg Tablets","جليماريل أقراص 1 مجم",Diabetes,"تُستخدم جليماريل أقراص 1 مجم كمحفز قوي للبنكرياس لإنتاج وضخ المزيد من الإنسولين في مجرى الدم للسيطرة المباشرة على مستويات السكر المرتفعة بعد الوجبات لمرضى النوع الثاني.","أكثر أعراضه الجانبية شيوعاً وخطراً هي نوبات هبوط السكر المفاجئ (الدوخة، التعرق، الرعشة) خصوصاً للمريض الذي يهمل وجبته بعد الدواء."
832,"Glimaryl 3mg Tablets","جليماريل أقراص 3 مجم",Diabetes,"تُستخدم جليماريل أقراص 3 مجم كمحفز قوي للبنكرياس لإنتاج وضخ المزيد من الإنسولين في مجرى الدم للسيطرة المباشرة على مستويات السكر المرتفعة بعد الوجبات لمرضى النوع الثاني.","أكثر أعراضه الجانبية شيوعاً وخطراً هي نوبات هبوط السكر المفاجئ (الدوخة، التعرق، الرعشة) خصوصاً للمريض الذي يهمل وجبته بعد الدواء."
833,"Janumet 50/850mg Tablets","جانوميت 50/850 مجم أقراص",Diabetes,"تُستخدم جانوميت 50/850 مجم أقراص كجيل حديث من أدوية السكري يعمل إما على منع تكسر الهرمونات المحفزة للإنسولين أو طرد الجلوكوز الزائد عن طريق البول، مما يحافظ على استقرار السكر ويحمي القلب والكلى.","المجموعة التي تعمل عبر البول (SGLT2) قد تسبب تكرار التبول وزيادة ملحوظة في خطر الإصابة بعدوى المسالك البولية الفطرية المتككرة."
834,"Trajenta 5mg Tablets","تراجينتا أقراص 5 مجم",Diabetes,"تُستخدم تراجينتا أقراص 5 مجم كجيل حديث من أدوية السكري يعمل إما على منع تكسر الهرمونات المحفزة للإنسولين أو طرد الجلوكوز الزائد عن طريق البول، مما يحافظ على استقرار السكر ويحمي القلب والكلى.","المجموعة التي تعمل عبر البول (SGLT2) قد تسبب تكرار التبول وزيادة ملحوظة في خطر الإصابة بعدوى المسالك البولية الفطرية المتككرة."
835,"Onglyza 5mg Tablets","أونجليزا أقراص 5 مجم",Diabetes,"تُستخدم أونجليزا أقراص 5 مجم كمنظم حيوي وأساسي لسكر الدم يعمل على زيادة حساسية الجسم للإنسولين وتقليل إنتاج الكبد اللحظي للسكر. يعتبر طوق النجاة الأول عالمياً لمرضى السكري من النوع الثاني.","اضطرابات الجهاز الهضمي المؤقتة هي العرض الأشهر (الإسهال الشديد، ألآم البطن، والانتفاخ)، ويفضل تناوله في وسط الوجبات لتقليل هذا الأثر."
836,"Eucreas 50/1000mg Tablets","يوكراس 50/1000 مجم أقراص",Diabetes,"تُستخدم يوكراس 50/1000 مجم أقراص كمنظم حيوي وأساسي لسكر الدم يعمل على زيادة حساسية الجسم للإنسولين وتقليل إنتاج الكبد اللحظي للسكر. يعتبر طوق النجاة الأول عالمياً لمرضى السكري من النوع الثاني.","اضطرابات الجهاز الهضمي المؤقتة هي العرض الأشهر (الإسهال الشديد، ألآم البطن، والانتفاخ)، ويفضل تناوله في وسط الوجبات لتقليل هذا الأثر."
837,"Vildagluse 50mg Tablets","فيلداجلوز أقراص 50 مجم",Diabetes,"تُستخدم فيلداجلوز أقراص 50 مجم كمنظم حيوي وأساسي لسكر الدم يعمل على زيادة حساسية الجسم للإنسولين وتقليل إنتاج الكبد اللحظي للسكر. يعتبر طوق النجاة الأول عالمياً لمرضى السكري من النوع الثاني.","اضطرابات الجهاز الهضمي المؤقتة هي العرض الأشهر (الإسهال الشديد، ألآم البطن، والانتفاخ)، ويفضل تناوله في وسط الوجبات لتقليل هذا الأثر."
838,"Nexium 40mg Packets","نيكسيوم أكياس 40 مجم","Stomach & GI","تُستخدم نيكسيوم أكياس 40 مجم كمثبط ذكي لمضخات البروتون لمنع إفراز حمض المعدة بقوة. وهو العلاج الأساسي والممتاز لحرقان فم المعدة، الارتجاع المريئي المتعب، والشفاء الموضعي لقرحة المعدة والإثنا عشر.","الاستعمال القصير غالباً آمن بلا أعراض سوى صداع خفيف أو إمساك. الاستخدام المستمر الطويل قد يقلل من امتصاص الجسم لفيتامين ب١٢ وأملاح الكالسيوم."
839,"Antodine 20mg Tablets","أنتودين أقراص 20 مجم","Stomach & GI","تُستخدم أنتودين أقراص 20 مجم لتخفيف حموضة المعدة الزائدة وعلاج عسر الهضم الحمضي، ويفضل استخدامه قبل وجبات الطعام لتجنب الارتجاع والحرقان المزعج.","آمن جداً وقليل الأعراض الجانبية، قد يسبب صداعاً عابراً أو دواراً بسيطاً لكبار السن."
840,"Antodine 40mg Tablets","أنتودين أقراص 40 مجم","Stomach & GI","تُستخدم أنتودين أقراص 40 مجم لتخفيف حموضة المعدة الزائدة وعلاج عسر الهضم الحمضي، ويفضل استخدامه قبل وجبات الطعام لتجنب الارتجاع والحرقان المزعج.","آمن جداً وقليل الأعراض الجانبية، قد يسبب صداعاً عابراً أو دواراً بسيطاً لكبار السن."
841,"Antodine Ampoules","أنتودين أمبولات","Stomach & GI","تُستخدم أنتودين أمبولات لتخفيف حموضة المعدة الزائدة وعلاج عسر الهضم الحمضي، ويفضل استخدامه قبل وجبات الطعام لتجنب الارتجاع والحرقان المزعج.","آمن جداً وقليل الأعراض الجانبية، قد يسبب صداعاً عابراً أو دواراً بسيطاً لكبار السن."
842,"Famotin 20mg Tablets","فاموتين أقراص 20 مجم","Stomach & GI","تُستخدم فاموتين أقراص 20 مجم لتخفيف حموضة المعدة الزائدة وعلاج عسر الهضم الحمضي، ويفضل استخدامه قبل وجبات الطعام لتجنب الارتجاع والحرقان المزعج.","آمن جداً وقليل الأعراض الجانبية، قد يسبب صداعاً عابراً أو دواراً بسيطاً لكبار السن."
843,"Omepak 20mg Capsules","أوميباك كبسولات 20 مجم","Stomach & GI","تُستخدم أوميباك كبسولات 20 مجم كمثبط ذكي لمضخات البروتون لمنع إفراز حمض المعدة بقوة. وهو العلاج الأساسي والممتاز لحرقان فم المعدة، الارتجاع المريئي المتعب، والشفاء الموضعي لقرحة المعدة والإثنا عشر.","الاستعمال القصير غالباً آمن بلا أعراض سوى صداع خفيف أو إمساك. الاستخدام المستمر الطويل قد يقلل من امتصاص الجسم لفيتامين ب١٢ وأملاح الكالسيوم."
844,"Pepticum 20mg Capsules","بيبتايكم كبسولات 20 مجم","Stomach & GI","تُستخدم بيبتايكم كبسولات 20 مجم كمثبط ذكي لمضخات البروتون لمنع إفراز حمض المعدة بقوة. وهو العلاج الأساسي والممتاز لحرقان فم المعدة، الارتجاع المريئي المتعب، والشفاء الموضعي لقرحة المعدة والإثنا عشر.","الاستعمال القصير غالباً آمن بلا أعراض سوى صداع خفيف أو إمساك. الاستخدام المستمر الطويل قد يقلل من امتصاص الجسم لفيتامين ب١٢ وأملاح الكالسيوم."
845,"Gasec 20mg Capsules","جاسيك كبسولات 20 مجم","Stomach & GI","تُستخدم جاسيك كبسولات 20 مجم كمثبط ذكي لمضخات البروتون لمنع إفراز حمض المعدة بقوة. وهو العلاج الأساسي والممتاز لحرقان فم المعدة، الارتجاع المريئي المتعب، والشفاء الموضعي لقرحة المعدة والإثنا عشر.","الاستعمال القصير غالباً آمن بلا أعراض سوى صداع خفيف أو إمساك. الاستخدام المستمر الطويل قد يقلل من امتصاص الجسم لفيتامين ب١٢ وأملاح الكالسيوم."
846,"Nizatidine 150mg Capsules","نيزاتيدين كبسولات 150 مجم","Stomach & GI","تُستخدم نيزاتيدين كبسولات 150 مجم كمثبط ذكي لمضخات البروتون لمنع إفراز حمض المعدة بقوة. وهو العلاج الأساسي والممتاز لحرقان فم المعدة، الارتجاع المريئي المتعب، والشفاء الموضعي لقرحة المعدة والإثنا عشر.","الاستعمال القصير غالباً آمن بلا أعراض سوى صداع خفيف أو إمساك. الاستخدام المستمر الطويل قد يقلل من امتصاص الجسم لفيتامين ب١٢ وأملاح الكالسيوم."
847,"Risek 20mg Capsules","رايسيك كبسولات 20 مجم","Stomach & GI","تُستخدم رايسيك كبسولات 20 مجم كمثبط ذكي لمضخات البروتون لمنع إفراز حمض المعدة بقوة. وهو العلاج الأساسي والممتاز لحرقان فم المعدة، الارتجاع المريئي المتعب، والشفاء الموضعي لقرحة المعدة والإثنا عشر.","الاستعمال القصير غالباً آمن بلا أعراض سوى صداع خفيف أو إمساك. الاستخدام المستمر الطويل قد يقلل من امتصاص الجسم لفيتامين ب١٢ وأملاح الكالسيوم."
848,"Dexilant 60mg Capsules","ديكسيلانت كبسولات 60 مجم","Stomach & GI","تُستخدم ديكسيلانت كبسولات 60 مجم كمثبط ذكي لمضخات البروتون لمنع إفراز حمض المعدة بقوة. وهو العلاج الأساسي والممتاز لحرقان فم المعدة، الارتجاع المريئي المتعب، والشفاء الموضعي لقرحة المعدة والإثنا عشر.","الاستعمال القصير غالباً آمن بلا أعراض سوى صداع خفيف أو إمساك. الاستخدام المستمر الطويل قد يقلل من امتصاص الجسم لفيتامين ب١٢ وأملاح الكالسيوم."
849,"Priet 20mg Tablets","باريت أقراص 20 مجم","Stomach & GI","تُستخدم باريت أقراص 20 مجم كمثبط ذكي لمضخات البروتون لمنع إفراز حمض المعدة بقوة. وهو العلاج الأساسي والممتاز لحرقان فم المعدة، الارتجاع المريئي المتعب، والشفاء الموضعي لقرحة المعدة والإثنا عشر.","الاستعمال القصير غالباً آمن بلا أعراض سوى صداع خفيف أو إمساك. الاستخدام المستمر الطويل قد يقلل من امتصاص الجسم لفيتامين ب١٢ وأملاح الكالسيوم."
850,"Mucogel Suspension","ميوكوجيل معلق","Stomach & GI","تُستخدم ميوكوجيل معلق كمعادل حموضة سريع ومهدئ فوري لحرقة المعدة وعسر الهضم، حيث يغلف جدار المعدة والمريء ليحميهما من ارتداد الحمض.","الإكثار منه قد يخل بتوازن وظائف الجهاز الهضمي ليسبب الإمساك (في المحتويات الغنية بالألومنيوم) أو الإسهال (في الغنية بالماغنسيوم)."
851,"Flatidyl Tablets","فلاتيديل أقراص","Stomach & GI","تُستخدم فلاتيديل أقراص كمثبط ذكي لمضخات البروتون لمنع إفراز حمض المعدة بقوة. وهو العلاج الأساسي والممتاز لحرقان فم المعدة، الارتجاع المريئي المتعب، والشفاء الموضعي لقرحة المعدة والإثنا عشر.","الاستعمال القصير غالباً آمن بلا أعراض سوى صداع خفيف أو إمساك. الاستخدام المستمر الطويل قد يقلل من امتصاص الجسم لفيتامين ب١٢ وأملاح الكالسيوم."
852,"Disflatyl Tablets","ديسفلاتيل أقراص","Stomach & GI","تُستخدم ديسفلاتيل أقراص كمثبط ذكي لمضخات البروتون لمنع إفراز حمض المعدة بقوة. وهو العلاج الأساسي والممتاز لحرقان فم المعدة، الارتجاع المريئي المتعب، والشفاء الموضعي لقرحة المعدة والإثنا عشر.","الاستعمال القصير غالباً آمن بلا أعراض سوى صداع خفيف أو إمساك. الاستخدام المستمر الطويل قد يقلل من امتصاص الجسم لفيتامين ب١٢ وأملاح الكالسيوم."
853,"Eucarbon Tablets","أوكاربون أقراص","Stomach & GI","تُستخدم أوكاربون أقراص كمثبط ذكي لمضخات البروتون لمنع إفراز حمض المعدة بقوة. وهو العلاج الأساسي والممتاز لحرقان فم المعدة، الارتجاع المريئي المتعب، والشفاء الموضعي لقرحة المعدة والإثنا عشر.","الاستعمال القصير غالباً آمن بلا أعراض سوى صداع خفيف أو إمساك. الاستخدام المستمر الطويل قد يقلل من امتصاص الجسم لفيتامين ب١٢ وأملاح الكالسيوم."
854,"Neo-Sensitival Tablets","نيو-سينسيتيفال أقراص",Psychiatry,"تُستخدم نيو-سينسيتيفال أقراص كدواء علاجي متخصص يوصف من قِبل الطبيب المختص بناء على الحالة المرضية السريرية للوصول للمعدل المطلوب للشفاء واستقرار العلامات الحيوية للجسم.","متفاوتة من مريض لآخر حيث يستجيب الجسم للمادة الفعالة إما بانسجام وتسكين للآلام أو بظهور أعراض كالإرهاق العام أو الإضطرابات الهضمية العابرة."
855,"Mebofac Tablets","ميبوفاك أقراص","Stomach & GI","تُستخدم ميبوفاك أقراص كمثبط ذكي لمضخات البروتون لمنع إفراز حمض المعدة بقوة. وهو العلاج الأساسي والممتاز لحرقان فم المعدة، الارتجاع المريئي المتعب، والشفاء الموضعي لقرحة المعدة والإثنا عشر.","الاستعمال القصير غالباً آمن بلا أعراض سوى صداع خفيف أو إمساك. الاستخدام المستمر الطويل قد يقلل من امتصاص الجسم لفيتامين ب١٢ وأملاح الكالسيوم."
856,"Mebeverine 135mg Tablets","ميبفيرين أقراص 135 مجم","Stomach & GI","تُستخدم ميبفيرين أقراص 135 مجم كمثبط ذكي لمضخات البروتون لمنع إفراز حمض المعدة بقوة. وهو العلاج الأساسي والممتاز لحرقان فم المعدة، الارتجاع المريئي المتعب، والشفاء الموضعي لقرحة المعدة والإثنا عشر.","الاستعمال القصير غالباً آمن بلا أعراض سوى صداع خفيف أو إمساك. الاستخدام المستمر الطويل قد يقلل من امتصاص الجسم لفيتامين ب١٢ وأملاح الكالسيوم."
857,"Gastrofait Tablets","جاستروفايت أقراص","Stomach & GI","تُستخدم جاستروفايت أقراص كمثبط ذكي لمضخات البروتون لمنع إفراز حمض المعدة بقوة. وهو العلاج الأساسي والممتاز لحرقان فم المعدة، الارتجاع المريئي المتعب، والشفاء الموضعي لقرحة المعدة والإثنا عشر.","الاستعمال القصير غالباً آمن بلا أعراض سوى صداع خفيف أو إمساك. الاستخدام المستمر الطويل قد يقلل من امتصاص الجسم لفيتامين ب١٢ وأملاح الكالسيوم."
858,"Ursofalk 250mg Capsules","أورسوفالك كبسولات 250 مجم",Liver,"تُستخدم أورسوفالك كبسولات 250 مجم كدواء علاجي متخصص يوصف من قِبل الطبيب المختص بناء على الحالة المرضية السريرية للوصول للمعدل المطلوب للشفاء واستقرار العلامات الحيوية للجسم.","متفاوتة من مريض لآخر حيث يستجيب الجسم للمادة الفعالة إما بانسجام وتسكين للآلام أو بظهور أعراض كالإرهاق العام أو الإضطرابات الهضمية العابرة."
859,"Rowachol Capsules","رواكول كبسولات",Liver,"تُستخدم رواكول كبسولات كدواء علاجي متخصص يوصف من قِبل الطبيب المختص بناء على الحالة المرضية السريرية للوصول للمعدل المطلوب للشفاء واستقرار العلامات الحيوية للجسم.","متفاوتة من مريض لآخر حيث يستجيب الجسم للمادة الفعالة إما بانسجام وتسكين للآلام أو بظهور أعراض كالإرهاق العام أو الإضطرابات الهضمية العابرة."
860,"Ganaton 50mg Tablets","جاناتون أقراص 50 مجم","Stomach & GI","تُستخدم جاناتون أقراص 50 مجم كمثبط ذكي لمضخات البروتون لمنع إفراز حمض المعدة بقوة. وهو العلاج الأساسي والممتاز لحرقان فم المعدة، الارتجاع المريئي المتعب، والشفاء الموضعي لقرحة المعدة والإثنا عشر.","الاستعمال القصير غالباً آمن بلا أعراض سوى صداع خفيف أو إمساك. الاستخدام المستمر الطويل قد يقلل من امتصاص الجسم لفيتامين ب١٢ وأملاح الكالسيوم."
861,"Mosapride 5mg Tablets","موزابريد أقراص 5 مجم","Stomach & GI","تُستخدم موزابريد أقراص 5 مجم كمثبط ذكي لمضخات البروتون لمنع إفراز حمض المعدة بقوة. وهو العلاج الأساسي والممتاز لحرقان فم المعدة، الارتجاع المريئي المتعب، والشفاء الموضعي لقرحة المعدة والإثنا عشر.","الاستعمال القصير غالباً آمن بلا أعراض سوى صداع خفيف أو إمساك. الاستخدام المستمر الطويل قد يقلل من امتصاص الجسم لفيتامين ب١٢ وأملاح الكالسيوم."
862,"Motilat 10mg Tablets","موتيلات أقراص 10 مجم","Stomach & GI","تُستخدم موتيلات أقراص 10 مجم كمثبط ذكي لمضخات البروتون لمنع إفراز حمض المعدة بقوة. وهو العلاج الأساسي والممتاز لحرقان فم المعدة، الارتجاع المريئي المتعب، والشفاء الموضعي لقرحة المعدة والإثنا عشر.","الاستعمال القصير غالباً آمن بلا أعراض سوى صداع خفيف أو إمساك. الاستخدام المستمر الطويل قد يقلل من امتصاص الجسم لفيتامين ب١٢ وأملاح الكالسيوم."
863,"Zofran Ampoules","زوفران أمبولات","Stomach & GI","تُستخدم زوفران أمبولات كمثبط ذكي لمضخات البروتون لمنع إفراز حمض المعدة بقوة. وهو العلاج الأساسي والممتاز لحرقان فم المعدة، الارتجاع المريئي المتعب، والشفاء الموضعي لقرحة المعدة والإثنا عشر.","الاستعمال القصير غالباً آمن بلا أعراض سوى صداع خفيف أو إمساك. الاستخدام المستمر الطويل قد يقلل من امتصاص الجسم لفيتامين ب١٢ وأملاح الكالسيوم."
864,"Navidoxine Tablets","نافيدوكسين أقراص",Pregnancy,"تُستخدم نافيدوكسين أقراص كدواء علاجي متخصص يوصف من قِبل الطبيب المختص بناء على الحالة المرضية السريرية للوصول للمعدل المطلوب للشفاء واستقرار العلامات الحيوية للجسم.","متفاوتة من مريض لآخر حيث يستجيب الجسم للمادة الفعالة إما بانسجام وتسكين للآلام أو بظهور أعراض كالإرهاق العام أو الإضطرابات الهضمية العابرة."
865,"Dicetel 50mg Tablets","ديسيتيل أقراص 50 مجم","Stomach & GI","تُستخدم ديسيتيل أقراص 50 مجم كمضاد فوري للتقلصات والتشنجات يعمل على إرخاء عضلات القولون والجهاز الهضمي الملساء. يعتبر خياراً فعّالاً لمرضى متلازمة القولون العصبي، والتخلص من المغص المعوي والانتفاخ الخانق.","التركيبات التي تدمج مهدئاً (مثل بعض أصناف القولون) تسبب النعاس الخفيف وجفاف الفم، والأصناف غير المهدئة آمنة جداً وتترك أثراً جانبياً نادراً يتمثل في دوخة بسيطة."
866,"Normacol Plus Granules","نورماكول بلس حبيبات","Stomach & GI","تُستخدم نورماكول بلس حبيبات كمطهر معوي ومعالج جذري لاضطرابات حركة الأمعاء، سواء بإيقاف حالات الإسهال الشديد الناتجة عن عدوى معوية، أو في أنواع أخرى لتحريك الأمعاء برفق لعلاج الإمساك المتحجر المستمر.","مضادات الإسهال قد تتسبب أحياناً في نتائج عكسية كالإمساك الدائم، بينما تسبب الملينات مغصاً ومغصاً معوياً مع كثرة الاستخدام."
867,"Agiolax Granules","أجيولاكس حبيبات","Stomach & GI","تُستخدم أجيولاكس حبيبات كمثبط ذكي لمضخات البروتون لمنع إفراز حمض المعدة بقوة. وهو العلاج الأساسي والممتاز لحرقان فم المعدة، الارتجاع المريئي المتعب، والشفاء الموضعي لقرحة المعدة والإثنا عشر.","الاستعمال القصير غالباً آمن بلا أعراض سوى صداع خفيف أو إمساك. الاستخدام المستمر الطويل قد يقلل من امتصاص الجسم لفيتامين ب١٢ وأملاح الكالسيوم."
868,"Picolax Drops","بيكولاكس نقط","Stomach & GI","تُستخدم بيكولاكس نقط كمثبط ذكي لمضخات البروتون لمنع إفراز حمض المعدة بقوة. وهو العلاج الأساسي والممتاز لحرقان فم المعدة، الارتجاع المريئي المتعب، والشفاء الموضعي لقرحة المعدة والإثنا عشر.","الاستعمال القصير غالباً آمن بلا أعراض سوى صداع خفيف أو إمساك. الاستخدام المستمر الطويل قد يقلل من امتصاص الجسم لفيتامين ب١٢ وأملاح الكالسيوم."
869,"Minilax Enema","مينيلاكس حقنة شرجية","Stomach & GI","تُستخدم مينيلاكس حقنة شرجية كمثبط ذكي لمضخات البروتون لمنع إفراز حمض المعدة بقوة. وهو العلاج الأساسي والممتاز لحرقان فم المعدة، الارتجاع المريئي المتعب، والشفاء الموضعي لقرحة المعدة والإثنا عشر.","الاستعمال القصير غالباً آمن بلا أعراض سوى صداع خفيف أو إمساك. الاستخدام المستمر الطويل قد يقلل من امتصاص الجسم لفيتامين ب١٢ وأملاح الكالسيوم."
870,"Enema Bifid","إنما بيفيد حقنة شرجية","Stomach & GI","تُستخدم إنما بيفيد حقنة شرجية كمثبط ذكي لمضخات البروتون لمنع إفراز حمض المعدة بقوة. وهو العلاج الأساسي والممتاز لحرقان فم المعدة، الارتجاع المريئي المتعب، والشفاء الموضعي لقرحة المعدة والإثنا عشر.","الاستعمال القصير غالباً آمن بلا أعراض سوى صداع خفيف أو إمساك. الاستخدام المستمر الطويل قد يقلل من امتصاص الجسم لفيتامين ب١٢ وأملاح الكالسيوم."
871,"Glycerin Suppositories Adult","جلسرين لبوس للكبار","Stomach & GI","تُستخدم جلسرين لبوس للكبار كمثبط ذكي لمضخات البروتون لمنع إفراز حمض المعدة بقوة. وهو العلاج الأساسي والممتاز لحرقان فم المعدة، الارتجاع المريئي المتعب، والشفاء الموضعي لقرحة المعدة والإثنا عشر.","الاستعمال القصير غالباً آمن بلا أعراض سوى صداع خفيف أو إمساك. الاستخدام المستمر الطويل قد يقلل من امتصاص الجسم لفيتامين ب١٢ وأملاح الكالسيوم."
872,"Glycerin Suppositories Infant","جلسرين لبوس أطفال","Stomach & GI","تُستخدم جلسرين لبوس أطفال كمثبط ذكي لمضخات البروتون لمنع إفراز حمض المعدة بقوة. وهو العلاج الأساسي والممتاز لحرقان فم المعدة، الارتجاع المريئي المتعب، والشفاء الموضعي لقرحة المعدة والإثنا عشر.","الاستعمال القصير غالباً آمن بلا أعراض سوى صداع خفيف أو إمساك. الاستخدام المستمر الطويل قد يقلل من امتصاص الجسم لفيتامين ب١٢ وأملاح الكالسيوم."
873,"Betnovate Cream","بتنوفيت كريم",Dermatology,"تُستخدم بتنوفيت كريم كدهان جلدي طبي قوي يحتوي على مركبات علاجية مكثفة تستخدم لعلاج الالتهابات الجلدية المريعة أو حب الشباب المستعصي والأكزيما، يخفف على الفور الاحمرار ويسرع التئام وتقشير نسيج الغشاء الخارجي لاستبداله بخلايا صحيحة قوية.","تحتاج لحذر، فالاستخدام العشوائي الدائم أو التعرض المباشر للشمس بعدها قد يُحدث ترققاً شديداً أو تمدداً في الجلد يتسبب في إحمرار وأوعية دموية مسلوخة وغير مقبولة أبداً."
874,"Betnovate Ointment","بتنوفيت مرهم",Dermatology,"تُستخدم بتنوفيت مرهم كدهان جلدي طبي قوي يحتوي على مركبات علاجية مكثفة تستخدم لعلاج الالتهابات الجلدية المريعة أو حب الشباب المستعصي والأكزيما، يخفف على الفور الاحمرار ويسرع التئام وتقشير نسيج الغشاء الخارجي لاستبداله بخلايا صحيحة قوية.","تحتاج لحذر، فالاستخدام العشوائي الدائم أو التعرض المباشر للشمس بعدها قد يُحدث ترققاً شديداً أو تمدداً في الجلد يتسبب في إحمرار وأوعية دموية مسلوخة وغير مقبولة أبداً."
875,"Betnovate Scalp Application","بتنوفيت لوشن فروة الرأس",Dermatology,"تُستخدم بتنوفيت لوشن فروة الرأس كدهان جلدي طبي قوي يحتوي على مركبات علاجية مكثفة تستخدم لعلاج الالتهابات الجلدية المريعة أو حب الشباب المستعصي والأكزيما، يخفف على الفور الاحمرار ويسرع التئام وتقشير نسيج الغشاء الخارجي لاستبداله بخلايا صحيحة قوية.","تحتاج لحذر، فالاستخدام العشوائي الدائم أو التعرض المباشر للشمس بعدها قد يُحدث ترققاً شديداً أو تمدداً في الجلد يتسبب في إحمرار وأوعية دموية مسلوخة وغير مقبولة أبداً."
876,"Locorten Vioform Ear Drops","لوكورتين فيوفورم نقط أذن","Ear Drops","تُستخدم لوكورتين فيوفورم نقط أذن كدواء علاجي متخصص يوصف من قِبل الطبيب المختص بناء على الحالة المرضية السريرية للوصول للمعدل المطلوب للشفاء واستقرار العلامات الحيوية للجسم.","متفاوتة من مريض لآخر حيث يستجيب الجسم للمادة الفعالة إما بانسجام وتسكين للآلام أو بظهور أعراض كالإرهاق العام أو الإضطرابات الهضمية العابرة."
877,"Locoid Lipocream","لوكويد لايبوكريم",Dermatology,"تُستخدم لوكويد لايبوكريم كدهان جلدي طبي قوي يحتوي على مركبات علاجية مكثفة تستخدم لعلاج الالتهابات الجلدية المريعة أو حب الشباب المستعصي والأكزيما، يخفف على الفور الاحمرار ويسرع التئام وتقشير نسيج الغشاء الخارجي لاستبداله بخلايا صحيحة قوية.","تحتاج لحذر، فالاستخدام العشوائي الدائم أو التعرض المباشر للشمس بعدها قد يُحدث ترققاً شديداً أو تمدداً في الجلد يتسبب في إحمرار وأوعية دموية مسلوخة وغير مقبولة أبداً."
878,"Eumovate Cream","يوموفيت كريم",Dermatology,"تُستخدم يوموفيت كريم كدهان جلدي طبي قوي يحتوي على مركبات علاجية مكثفة تستخدم لعلاج الالتهابات الجلدية المريعة أو حب الشباب المستعصي والأكزيما، يخفف على الفور الاحمرار ويسرع التئام وتقشير نسيج الغشاء الخارجي لاستبداله بخلايا صحيحة قوية.","تحتاج لحذر، فالاستخدام العشوائي الدائم أو التعرض المباشر للشمس بعدها قد يُحدث ترققاً شديداً أو تمدداً في الجلد يتسبب في إحمرار وأوعية دموية مسلوخة وغير مقبولة أبداً."
879,"Advantan Cream","أدفانتان كريم",Dermatology,"تُستخدم أدفانتان كريم كدهان جلدي طبي قوي يحتوي على مركبات علاجية مكثفة تستخدم لعلاج الالتهابات الجلدية المريعة أو حب الشباب المستعصي والأكزيما، يخفف على الفور الاحمرار ويسرع التئام وتقشير نسيج الغشاء الخارجي لاستبداله بخلايا صحيحة قوية.","تحتاج لحذر، فالاستخدام العشوائي الدائم أو التعرض المباشر للشمس بعدها قد يُحدث ترققاً شديداً أو تمدداً في الجلد يتسبب في إحمرار وأوعية دموية مسلوخة وغير مقبولة أبداً."
880,"Mometasone Cream","موميتازون كريم",Dermatology,"تُستخدم موميتازون كريم كدهان جلدي طبي قوي يحتوي على مركبات علاجية مكثفة تستخدم لعلاج الالتهابات الجلدية المريعة أو حب الشباب المستعصي والأكزيما، يخفف على الفور الاحمرار ويسرع التئام وتقشير نسيج الغشاء الخارجي لاستبداله بخلايا صحيحة قوية.","تحتاج لحذر، فالاستخدام العشوائي الدائم أو التعرض المباشر للشمس بعدها قد يُحدث ترققاً شديداً أو تمدداً في الجلد يتسبب في إحمرار وأوعية دموية مسلوخة وغير مقبولة أبداً."
881,"Elica Cream","إليكا كريم",Dermatology,"تُستخدم إليكا كريم كدهان جلدي طبي قوي يحتوي على مركبات علاجية مكثفة تستخدم لعلاج الالتهابات الجلدية المريعة أو حب الشباب المستعصي والأكزيما، يخفف على الفور الاحمرار ويسرع التئام وتقشير نسيج الغشاء الخارجي لاستبداله بخلايا صحيحة قوية.","تحتاج لحذر، فالاستخدام العشوائي الدائم أو التعرض المباشر للشمس بعدها قد يُحدث ترققاً شديداً أو تمدداً في الجلد يتسبب في إحمرار وأوعية دموية مسلوخة وغير مقبولة أبداً."
882,"Elica M Cream","إليكا إم كريم",Dermatology,"تُستخدم إليكا إم كريم كدهان جلدي طبي قوي يحتوي على مركبات علاجية مكثفة تستخدم لعلاج الالتهابات الجلدية المريعة أو حب الشباب المستعصي والأكزيما، يخفف على الفور الاحمرار ويسرع التئام وتقشير نسيج الغشاء الخارجي لاستبداله بخلايا صحيحة قوية.","تحتاج لحذر، فالاستخدام العشوائي الدائم أو التعرض المباشر للشمس بعدها قد يُحدث ترققاً شديداً أو تمدداً في الجلد يتسبب في إحمرار وأوعية دموية مسلوخة وغير مقبولة أبداً."
883,"Elica Ointment","إليكا مرهم",Dermatology,"تُستخدم إليكا مرهم كدهان جلدي طبي قوي يحتوي على مركبات علاجية مكثفة تستخدم لعلاج الالتهابات الجلدية المريعة أو حب الشباب المستعصي والأكزيما، يخفف على الفور الاحمرار ويسرع التئام وتقشير نسيج الغشاء الخارجي لاستبداله بخلايا صحيحة قوية.","تحتاج لحذر، فالاستخدام العشوائي الدائم أو التعرض المباشر للشمس بعدها قد يُحدث ترققاً شديداً أو تمدداً في الجلد يتسبب في إحمرار وأوعية دموية مسلوخة وغير مقبولة أبداً."
884,"Gynosporin Vaginal Cream","جينوسبورين كريم مهبلي","Women's Health","تُستخدم جينوسبورين كريم مهبلي كدواء علاجي متخصص يوصف من قِبل الطبيب المختص بناء على الحالة المرضية السريرية للوصول للمعدل المطلوب للشفاء واستقرار العلامات الحيوية للجسم.","متفاوتة من مريض لآخر حيث يستجيب الجسم للمادة الفعالة إما بانسجام وتسكين للآلام أو بظهور أعراض كالإرهاق العام أو الإضطرابات الهضمية العابرة."
885,"Candid Mouth Paint","كانديد مس للفم","Oral Care","تُستخدم كانديد مس للفم كمضاد فطري موضعي فعّال جداً (أو فموي للحالات المقاومة) مصمم لاستهداف والقضاء الجذري على الفطريات الجلدية الصعبة بكافة المسببات كأكزيما الفطريات، الثعلبة وتينيا القدم العنيدة والعدوى المهبلية والتخلص من روائح الفطريات المزعجة.","استجابته الجلدية آمنة في المجمل، لكن قد يحدث تهيج موضعي طفيف للمرهم أو حساسية وحكة مستمرة نتيجة ارتكاس الجلد للمادة الفعالة المُركّزة."
886,"Candid B Cream","كانديد بي كريم",Dermatology,"تُستخدم كانديد بي كريم كمضاد فطري موضعي فعّال جداً (أو فموي للحالات المقاومة) مصمم لاستهداف والقضاء الجذري على الفطريات الجلدية الصعبة بكافة المسببات كأكزيما الفطريات، الثعلبة وتينيا القدم العنيدة والعدوى المهبلية والتخلص من روائح الفطريات المزعجة.","استجابته الجلدية آمنة في المجمل، لكن قد يحدث تهيج موضعي طفيف للمرهم أو حساسية وحكة مستمرة نتيجة ارتكاس الجلد للمادة الفعالة المُركّزة."
887,"Travocort Cream","ترافوكورت كريم",Dermatology,"تُستخدم ترافوكورت كريم كدهان جلدي طبي قوي يحتوي على مركبات علاجية مكثفة تستخدم لعلاج الالتهابات الجلدية المريعة أو حب الشباب المستعصي والأكزيما، يخفف على الفور الاحمرار ويسرع التئام وتقشير نسيج الغشاء الخارجي لاستبداله بخلايا صحيحة قوية.","تحتاج لحذر، فالاستخدام العشوائي الدائم أو التعرض المباشر للشمس بعدها قد يُحدث ترققاً شديداً أو تمدداً في الجلد يتسبب في إحمرار وأوعية دموية مسلوخة وغير مقبولة أبداً."
888,"Terbinafine 1% Cream","تيربينافين كريم 1%",Dermatology,"تُستخدم تيربينافين كريم 1% كدهان جلدي طبي قوي يحتوي على مركبات علاجية مكثفة تستخدم لعلاج الالتهابات الجلدية المريعة أو حب الشباب المستعصي والأكزيما، يخفف على الفور الاحمرار ويسرع التئام وتقشير نسيج الغشاء الخارجي لاستبداله بخلايا صحيحة قوية.","تحتاج لحذر، فالاستخدام العشوائي الدائم أو التعرض المباشر للشمس بعدها قد يُحدث ترققاً شديداً أو تمدداً في الجلد يتسبب في إحمرار وأوعية دموية مسلوخة وغير مقبولة أبداً."
889,"Canesten 1% Cream","كانيستين كريم 1%",Dermatology,"تُستخدم كانيستين كريم 1% كمضاد فطري موضعي فعّال جداً (أو فموي للحالات المقاومة) مصمم لاستهداف والقضاء الجذري على الفطريات الجلدية الصعبة بكافة المسببات كأكزيما الفطريات، الثعلبة وتينيا القدم العنيدة والعدوى المهبلية والتخلص من روائح الفطريات المزعجة.","استجابته الجلدية آمنة في المجمل، لكن قد يحدث تهيج موضعي طفيف للمرهم أو حساسية وحكة مستمرة نتيجة ارتكاس الجلد للمادة الفعالة المُركّزة."
890,"Benzamyl Lotion","بنزاميل لوشن",Dermatology,"تُستخدم بنزاميل لوشن كدهان جلدي طبي قوي يحتوي على مركبات علاجية مكثفة تستخدم لعلاج الالتهابات الجلدية المريعة أو حب الشباب المستعصي والأكزيما، يخفف على الفور الاحمرار ويسرع التئام وتقشير نسيج الغشاء الخارجي لاستبداله بخلايا صحيحة قوية.","تحتاج لحذر، فالاستخدام العشوائي الدائم أو التعرض المباشر للشمس بعدها قد يُحدث ترققاً شديداً أو تمدداً في الجلد يتسبب في إحمرار وأوعية دموية مسلوخة وغير مقبولة أبداً."
891,"Akneroxid 5% Gel","أكنيروكسيد جل 5%",Dermatology,"تُستخدم أكنيروكسيد جل 5% كدهان جلدي طبي قوي يحتوي على مركبات علاجية مكثفة تستخدم لعلاج الالتهابات الجلدية المريعة أو حب الشباب المستعصي والأكزيما، يخفف على الفور الاحمرار ويسرع التئام وتقشير نسيج الغشاء الخارجي لاستبداله بخلايا صحيحة قوية.","تحتاج لحذر، فالاستخدام العشوائي الدائم أو التعرض المباشر للشمس بعدها قد يُحدث ترققاً شديداً أو تمدداً في الجلد يتسبب في إحمرار وأوعية دموية مسلوخة وغير مقبولة أبداً."
892,"Netlook 20mg Capsules","نتلوك كبسولات 20 مجم",Dermatology,"تُستخدم نتلوك كبسولات 20 مجم كدهان جلدي طبي قوي يحتوي على مركبات علاجية مكثفة تستخدم لعلاج الالتهابات الجلدية المريعة أو حب الشباب المستعصي والأكزيما، يخفف على الفور الاحمرار ويسرع التئام وتقشير نسيج الغشاء الخارجي لاستبداله بخلايا صحيحة قوية.","تحتاج لحذر، فالاستخدام العشوائي الدائم أو التعرض المباشر للشمس بعدها قد يُحدث ترققاً شديداً أو تمدداً في الجلد يتسبب في إحمرار وأوعية دموية مسلوخة وغير مقبولة أبداً."
893,"Netlook 40mg Capsules","نتلوك كبسولات 40 مجم",Dermatology,"تُستخدم نتلوك كبسولات 40 مجم كدهان جلدي طبي قوي يحتوي على مركبات علاجية مكثفة تستخدم لعلاج الالتهابات الجلدية المريعة أو حب الشباب المستعصي والأكزيما، يخفف على الفور الاحمرار ويسرع التئام وتقشير نسيج الغشاء الخارجي لاستبداله بخلايا صحيحة قوية.","تحتاج لحذر، فالاستخدام العشوائي الدائم أو التعرض المباشر للشمس بعدها قد يُحدث ترققاً شديداً أو تمدداً في الجلد يتسبب في إحمرار وأوعية دموية مسلوخة وغير مقبولة أبداً."
894,"Roaccutane 20mg Capsules","رواكيوتان كبسولات 20 مجم",Dermatology,"تُستخدم رواكيوتان كبسولات 20 مجم كدهان جلدي طبي قوي يحتوي على مركبات علاجية مكثفة تستخدم لعلاج الالتهابات الجلدية المريعة أو حب الشباب المستعصي والأكزيما، يخفف على الفور الاحمرار ويسرع التئام وتقشير نسيج الغشاء الخارجي لاستبداله بخلايا صحيحة قوية.","تحتاج لحذر، فالاستخدام العشوائي الدائم أو التعرض المباشر للشمس بعدها قد يُحدث ترققاً شديداً أو تمدداً في الجلد يتسبب في إحمرار وأوعية دموية مسلوخة وغير مقبولة أبداً."
895,"Zineryt Lotion","زينيريت لوشن",Dermatology,"تُستخدم زينيريت لوشن كدهان جلدي طبي قوي يحتوي على مركبات علاجية مكثفة تستخدم لعلاج الالتهابات الجلدية المريعة أو حب الشباب المستعصي والأكزيما، يخفف على الفور الاحمرار ويسرع التئام وتقشير نسيج الغشاء الخارجي لاستبداله بخلايا صحيحة قوية.","تحتاج لحذر، فالاستخدام العشوائي الدائم أو التعرض المباشر للشمس بعدها قد يُحدث ترققاً شديداً أو تمدداً في الجلد يتسبب في إحمرار وأوعية دموية مسلوخة وغير مقبولة أبداً."
896,"Clindasol Solution","كلينداسول محلول",Dermatology,"تُستخدم كلينداسول محلول كدهان جلدي طبي قوي يحتوي على مركبات علاجية مكثفة تستخدم لعلاج الالتهابات الجلدية المريعة أو حب الشباب المستعصي والأكزيما، يخفف على الفور الاحمرار ويسرع التئام وتقشير نسيج الغشاء الخارجي لاستبداله بخلايا صحيحة قوية.","تحتاج لحذر، فالاستخدام العشوائي الدائم أو التعرض المباشر للشمس بعدها قد يُحدث ترققاً شديداً أو تمدداً في الجلد يتسبب في إحمرار وأوعية دموية مسلوخة وغير مقبولة أبداً."
897,"Clindam Ointment","كليندام مرهم",Dermatology,"تُستخدم كليندام مرهم للقضاء القوي على البكتيريا اللاهوائية وعلاج عدوى العظام والمفاصل، وخراجات الأسنان العميقة، والعدوى الجلدية البكتيرية المقاومة.","قد تؤدي الجرعات العالية للإصابة بإسهال شديد ومستمر مما يستدعي التوقف ومراجعة الطبيب، وأحياناً اضطرابات في القولون."
898,"Eryfluid Lotion","إيريفلويد لوشن",Dermatology,"تُستخدم إيريفلويد لوشن كدهان جلدي طبي قوي يحتوي على مركبات علاجية مكثفة تستخدم لعلاج الالتهابات الجلدية المريعة أو حب الشباب المستعصي والأكزيما، يخفف على الفور الاحمرار ويسرع التئام وتقشير نسيج الغشاء الخارجي لاستبداله بخلايا صحيحة قوية.","تحتاج لحذر، فالاستخدام العشوائي الدائم أو التعرض المباشر للشمس بعدها قد يُحدث ترققاً شديداً أو تمدداً في الجلد يتسبب في إحمرار وأوعية دموية مسلوخة وغير مقبولة أبداً."
899,"Acnetin A 0.025% Cream","أكنيتين ايه كريم 0.025%",Dermatology,"تُستخدم أكنيتين ايه كريم 0.025% كدهان جلدي طبي قوي يحتوي على مركبات علاجية مكثفة تستخدم لعلاج الالتهابات الجلدية المريعة أو حب الشباب المستعصي والأكزيما، يخفف على الفور الاحمرار ويسرع التئام وتقشير نسيج الغشاء الخارجي لاستبداله بخلايا صحيحة قوية.","تحتاج لحذر، فالاستخدام العشوائي الدائم أو التعرض المباشر للشمس بعدها قد يُحدث ترققاً شديداً أو تمدداً في الجلد يتسبب في إحمرار وأوعية دموية مسلوخة وغير مقبولة أبداً."
900,"Acnetin A 0.05% Cream","أكنيتين ايه كريم 0.05%",Dermatology,"تُستخدم أكنيتين ايه كريم 0.05% كدهان جلدي طبي قوي يحتوي على مركبات علاجية مكثفة تستخدم لعلاج الالتهابات الجلدية المريعة أو حب الشباب المستعصي والأكزيما، يخفف على الفور الاحمرار ويسرع التئام وتقشير نسيج الغشاء الخارجي لاستبداله بخلايا صحيحة قوية.","تحتاج لحذر، فالاستخدام العشوائي الدائم أو التعرض المباشر للشمس بعدها قد يُحدث ترققاً شديداً أو تمدداً في الجلد يتسبب في إحمرار وأوعية دموية مسلوخة وغير مقبولة أبداً."
901,"Differin 0.1% Gel","ديفرين جل 0.1%",Dermatology,"تُستخدم ديفرين جل 0.1% كدهان جلدي طبي قوي يحتوي على مركبات علاجية مكثفة تستخدم لعلاج الالتهابات الجلدية المريعة أو حب الشباب المستعصي والأكزيما، يخفف على الفور الاحمرار ويسرع التئام وتقشير نسيج الغشاء الخارجي لاستبداله بخلايا صحيحة قوية.","تحتاج لحذر، فالاستخدام العشوائي الدائم أو التعرض المباشر للشمس بعدها قد يُحدث ترققاً شديداً أو تمدداً في الجلد يتسبب في إحمرار وأوعية دموية مسلوخة وغير مقبولة أبداً."
902,"Epiduo Gel","إبيديو جل",Dermatology,"تُستخدم إبيديو جل كدهان جلدي طبي قوي يحتوي على مركبات علاجية مكثفة تستخدم لعلاج الالتهابات الجلدية المريعة أو حب الشباب المستعصي والأكزيما، يخفف على الفور الاحمرار ويسرع التئام وتقشير نسيج الغشاء الخارجي لاستبداله بخلايا صحيحة قوية.","تحتاج لحذر، فالاستخدام العشوائي الدائم أو التعرض المباشر للشمس بعدها قد يُحدث ترققاً شديداً أو تمدداً في الجلد يتسبب في إحمرار وأوعية دموية مسلوخة وغير مقبولة أبداً."
903,"Skinoren 20% Cream","سكينورين كريم 20%",Dermatology,"تُستخدم سكينورين كريم 20% كدهان جلدي طبي قوي يحتوي على مركبات علاجية مكثفة تستخدم لعلاج الالتهابات الجلدية المريعة أو حب الشباب المستعصي والأكزيما، يخفف على الفور الاحمرار ويسرع التئام وتقشير نسيج الغشاء الخارجي لاستبداله بخلايا صحيحة قوية.","تحتاج لحذر، فالاستخدام العشوائي الدائم أو التعرض المباشر للشمس بعدها قد يُحدث ترققاً شديداً أو تمدداً في الجلد يتسبب في إحمرار وأوعية دموية مسلوخة وغير مقبولة أبداً."
904,"Azaderm Cream","أزاديرم كريم",Dermatology,"تُستخدم أزاديرم كريم كدهان جلدي طبي قوي يحتوي على مركبات علاجية مكثفة تستخدم لعلاج الالتهابات الجلدية المريعة أو حب الشباب المستعصي والأكزيما، يخفف على الفور الاحمرار ويسرع التئام وتقشير نسيج الغشاء الخارجي لاستبداله بخلايا صحيحة قوية.","تحتاج لحذر، فالاستخدام العشوائي الدائم أو التعرض المباشر للشمس بعدها قد يُحدث ترققاً شديداً أو تمدداً في الجلد يتسبب في إحمرار وأوعية دموية مسلوخة وغير مقبولة أبداً."
905,"Tritospot Cream","تريتوسبوت كريم",Dermatology,"تُستخدم تريتوسبوت كريم كدهان جلدي طبي قوي يحتوي على مركبات علاجية مكثفة تستخدم لعلاج الالتهابات الجلدية المريعة أو حب الشباب المستعصي والأكزيما، يخفف على الفور الاحمرار ويسرع التئام وتقشير نسيج الغشاء الخارجي لاستبداله بخلايا صحيحة قوية.","تحتاج لحذر، فالاستخدام العشوائي الدائم أو التعرض المباشر للشمس بعدها قد يُحدث ترققاً شديداً أو تمدداً في الجلد يتسبب في إحمرار وأوعية دموية مسلوخة وغير مقبولة أبداً."
906,"Unitone 4 Advanced Serum","يونيتون 4 أدفانسد سيروم",Cosmetics,"تُستخدم يونيتون 4 أدفانسد سيروم كدواء علاجي متخصص يوصف من قِبل الطبيب المختص بناء على الحالة المرضية السريرية للوصول للمعدل المطلوب للشفاء واستقرار العلامات الحيوية للجسم.","متفاوتة من مريض لآخر حيث يستجيب الجسم للمادة الفعالة إما بانسجام وتسكين للآلام أو بظهور أعراض كالإرهاق العام أو الإضطرابات الهضمية العابرة."
907,"Starville Acne Cream","ستارفيل أكني كريم",Cosmetics,"تُستخدم ستارفيل أكني كريم كدهان جلدي طبي قوي يحتوي على مركبات علاجية مكثفة تستخدم لعلاج الالتهابات الجلدية المريعة أو حب الشباب المستعصي والأكزيما، يخفف على الفور الاحمرار ويسرع التئام وتقشير نسيج الغشاء الخارجي لاستبداله بخلايا صحيحة قوية.","تحتاج لحذر، فالاستخدام العشوائي الدائم أو التعرض المباشر للشمس بعدها قد يُحدث ترققاً شديداً أو تمدداً في الجلد يتسبب في إحمرار وأوعية دموية مسلوخة وغير مقبولة أبداً."
908,"Starville Whitening Cream","ستارفيل وايتنينج كريم",Cosmetics,"تُستخدم ستارفيل وايتنينج كريم كدهان جلدي طبي قوي يحتوي على مركبات علاجية مكثفة تستخدم لعلاج الالتهابات الجلدية المريعة أو حب الشباب المستعصي والأكزيما، يخفف على الفور الاحمرار ويسرع التئام وتقشير نسيج الغشاء الخارجي لاستبداله بخلايا صحيحة قوية.","تحتاج لحذر، فالاستخدام العشوائي الدائم أو التعرض المباشر للشمس بعدها قد يُحدث ترققاً شديداً أو تمدداً في الجلد يتسبب في إحمرار وأوعية دموية مسلوخة وغير مقبولة أبداً."
909,"Garnier Micellar Water","غارنييه ميسيلار ووتر",Cosmetics,"تُستخدم غارنييه ميسيلار ووتر كدواء علاجي متخصص يوصف من قِبل الطبيب المختص بناء على الحالة المرضية السريرية للوصول للمعدل المطلوب للشفاء واستقرار العلامات الحيوية للجسم.","متفاوتة من مريض لآخر حيث يستجيب الجسم للمادة الفعالة إما بانسجام وتسكين للآلام أو بظهور أعراض كالإرهاق العام أو الإضطرابات الهضمية العابرة."
910,"Arcalion 200mg Tablets","أركاليون أقراص 200 مجم",Psychiatry,"تُستخدم أركاليون أقراص 200 مجم كدواء علاجي متخصص يوصف من قِبل الطبيب المختص بناء على الحالة المرضية السريرية للوصول للمعدل المطلوب للشفاء واستقرار العلامات الحيوية للجسم.","متفاوتة من مريض لآخر حيث يستجيب الجسم للمادة الفعالة إما بانسجام وتسكين للآلام أو بظهور أعراض كالإرهاق العام أو الإضطرابات الهضمية العابرة."
911,"Arcalion Forte 400mg Tablets","أركاليون فورت أقراص 400 مجم",Psychiatry,"تُستخدم أركاليون فورت أقراص 400 مجم كدواء علاجي متخصص يوصف من قِبل الطبيب المختص بناء على الحالة المرضية السريرية للوصول للمعدل المطلوب للشفاء واستقرار العلامات الحيوية للجسم.","متفاوتة من مريض لآخر حيث يستجيب الجسم للمادة الفعالة إما بانسجام وتسكين للآلام أو بظهور أعراض كالإرهاق العام أو الإضطرابات الهضمية العابرة."
912,"Nootropil 800mg Tablets","نوتروبيل أقراص 800 مجم",Neurology,"تُستخدم نوتروبيل أقراص 800 مجم كأدوية عصبية محورية وضرورية للغاية؛ لتنظيم التوازن اللحظي لكهرباء المخ ومهدئ نشط جداً لإشارات الألم العصبي. ناجزة لمرضى الصرع والاختلاجات السريعة وللتحكم بتهيج الخلايا العصبية الناتج عن الاكتئابات والقلق المفرط.","استقرار حيوي مقابل الشعور المحتمل المتواصل بالنعاس والدوار الذي يخل بالخفة، ويُمنع نهائياً ترك الدواء المفاجئ لتفادي التشنجات الارتدادية أو الهبوط المفاجئ للمرضى."
913,"Nootropil Syrup","نوتروبيل شراب",Neurology,"تُستخدم نوتروبيل شراب كأدوية عصبية محورية وضرورية للغاية؛ لتنظيم التوازن اللحظي لكهرباء المخ ومهدئ نشط جداً لإشارات الألم العصبي. ناجزة لمرضى الصرع والاختلاجات السريعة وللتحكم بتهيج الخلايا العصبية الناتج عن الاكتئابات والقلق المفرط.","استقرار حيوي مقابل الشعور المحتمل المتواصل بالنعاس والدوار الذي يخل بالخفة، ويُمنع نهائياً ترك الدواء المفاجئ لتفادي التشنجات الارتدادية أو الهبوط المفاجئ للمرضى."
914,"Cerebrolysin 10ml Ampoules","سيريبروليسين أمبولات 10 مل",Neurology,"تُستخدم سيريبروليسين أمبولات 10 مل كأدوية عصبية محورية وضرورية للغاية؛ لتنظيم التوازن اللحظي لكهرباء المخ ومهدئ نشط جداً لإشارات الألم العصبي. ناجزة لمرضى الصرع والاختلاجات السريعة وللتحكم بتهيج الخلايا العصبية الناتج عن الاكتئابات والقلق المفرط.","استقرار حيوي مقابل الشعور المحتمل المتواصل بالنعاس والدوار الذي يخل بالخفة، ويُمنع نهائياً ترك الدواء المفاجئ لتفادي التشنجات الارتدادية أو الهبوط المفاجئ للمرضى."
915,"Somazina 500mg Tablets","سومازينا أقراص 500 مجم",Neurology,"تُستخدم سومازينا أقراص 500 مجم كأدوية عصبية محورية وضرورية للغاية؛ لتنظيم التوازن اللحظي لكهرباء المخ ومهدئ نشط جداً لإشارات الألم العصبي. ناجزة لمرضى الصرع والاختلاجات السريعة وللتحكم بتهيج الخلايا العصبية الناتج عن الاكتئابات والقلق المفرط.","استقرار حيوي مقابل الشعور المحتمل المتواصل بالنعاس والدوار الذي يخل بالخفة، ويُمنع نهائياً ترك الدواء المفاجئ لتفادي التشنجات الارتدادية أو الهبوط المفاجئ للمرضى."
916,"Somazina Drops","سومازينا نقط",Neurology,"تُستخدم سومازينا نقط كأدوية عصبية محورية وضرورية للغاية؛ لتنظيم التوازن اللحظي لكهرباء المخ ومهدئ نشط جداً لإشارات الألم العصبي. ناجزة لمرضى الصرع والاختلاجات السريعة وللتحكم بتهيج الخلايا العصبية الناتج عن الاكتئابات والقلق المفرط.","استقرار حيوي مقابل الشعور المحتمل المتواصل بالنعاس والدوار الذي يخل بالخفة، ويُمنع نهائياً ترك الدواء المفاجئ لتفادي التشنجات الارتدادية أو الهبوط المفاجئ للمرضى."
917,"Betaserc 16mg Tablets","بيتاسيرك أقراص 16 مجم",Neurology,"تُستخدم بيتاسيرك أقراص 16 مجم كأدوية عصبية محورية وضرورية للغاية؛ لتنظيم التوازن اللحظي لكهرباء المخ ومهدئ نشط جداً لإشارات الألم العصبي. ناجزة لمرضى الصرع والاختلاجات السريعة وللتحكم بتهيج الخلايا العصبية الناتج عن الاكتئابات والقلق المفرط.","استقرار حيوي مقابل الشعور المحتمل المتواصل بالنعاس والدوار الذي يخل بالخفة، ويُمنع نهائياً ترك الدواء المفاجئ لتفادي التشنجات الارتدادية أو الهبوط المفاجئ للمرضى."
918,"Betaserc 24mg Tablets","بيتاسيرك أقراص 24 مجم",Neurology,"تُستخدم بيتاسيرك أقراص 24 مجم كأدوية عصبية محورية وضرورية للغاية؛ لتنظيم التوازن اللحظي لكهرباء المخ ومهدئ نشط جداً لإشارات الألم العصبي. ناجزة لمرضى الصرع والاختلاجات السريعة وللتحكم بتهيج الخلايا العصبية الناتج عن الاكتئابات والقلق المفرط.","استقرار حيوي مقابل الشعور المحتمل المتواصل بالنعاس والدوار الذي يخل بالخفة، ويُمنع نهائياً ترك الدواء المفاجئ لتفادي التشنجات الارتدادية أو الهبوط المفاجئ للمرضى."
919,"Microgynon 30 Tablets","ميكروجينون 30 أقراص","Women's Health","تُستخدم ميكروجينون 30 أقراص كدواء علاجي متخصص يوصف من قِبل الطبيب المختص بناء على الحالة المرضية السريرية للوصول للمعدل المطلوب للشفاء واستقرار العلامات الحيوية للجسم.","متفاوتة من مريض لآخر حيث يستجيب الجسم للمادة الفعالة إما بانسجام وتسكين للآلام أو بظهور أعراض كالإرهاق العام أو الإضطرابات الهضمية العابرة."
920,"Cerazette Tablets","سيرازيت أقراص","Women's Health","تُستخدم سيرازيت أقراص كدواء علاجي متخصص يوصف من قِبل الطبيب المختص بناء على الحالة المرضية السريرية للوصول للمعدل المطلوب للشفاء واستقرار العلامات الحيوية للجسم.","متفاوتة من مريض لآخر حيث يستجيب الجسم للمادة الفعالة إما بانسجام وتسكين للآلام أو بظهور أعراض كالإرهاق العام أو الإضطرابات الهضمية العابرة."
921,"Lactvion Tablets","لاكتفيون أقراص","Women's Health","تُستخدم لاكتفيون أقراص كدواء علاجي متخصص يوصف من قِبل الطبيب المختص بناء على الحالة المرضية السريرية للوصول للمعدل المطلوب للشفاء واستقرار العلامات الحيوية للجسم.","متفاوتة من مريض لآخر حيث يستجيب الجسم للمادة الفعالة إما بانسجام وتسكين للآلام أو بظهور أعراض كالإرهاق العام أو الإضطرابات الهضمية العابرة."
922,"Gynera Tablets","جينيري أقراص","Women's Health","تُستخدم جينيري أقراص كدواء علاجي متخصص يوصف من قِبل الطبيب المختص بناء على الحالة المرضية السريرية للوصول للمعدل المطلوب للشفاء واستقرار العلامات الحيوية للجسم.","متفاوتة من مريض لآخر حيث يستجيب الجسم للمادة الفعالة إما بانسجام وتسكين للآلام أو بظهور أعراض كالإرهاق العام أو الإضطرابات الهضمية العابرة."
923,Cyclo-Progynova,"سايكلو بروجينوفا","Women's Health","تُستخدم سايكلو بروجينوفا كدواء علاجي متخصص يوصف من قِبل الطبيب المختص بناء على الحالة المرضية السريرية للوصول للمعدل المطلوب للشفاء واستقرار العلامات الحيوية للجسم.","متفاوتة من مريض لآخر حيث يستجيب الجسم للمادة الفعالة إما بانسجام وتسكين للآلام أو بظهور أعراض كالإرهاق العام أو الإضطرابات الهضمية العابرة."
924,"Gonal-f 75 IU Pen","جونال إف قلم 75 وحدة","Women's Health","تُستخدم جونال إف قلم 75 وحدة كدواء علاجي متخصص يوصف من قِبل الطبيب المختص بناء على الحالة المرضية السريرية للوصول للمعدل المطلوب للشفاء واستقرار العلامات الحيوية للجسم.","متفاوتة من مريض لآخر حيث يستجيب الجسم للمادة الفعالة إما بانسجام وتسكين للآلام أو بظهور أعراض كالإرهاق العام أو الإضطرابات الهضمية العابرة."
925,"Menogon 75 IU Injection","مينوجون حقن 75 وحدة","Women's Health","تُستخدم مينوجون حقن 75 وحدة كدواء علاجي متخصص يوصف من قِبل الطبيب المختص بناء على الحالة المرضية السريرية للوصول للمعدل المطلوب للشفاء واستقرار العلامات الحيوية للجسم.","متفاوتة من مريض لآخر حيث يستجيب الجسم للمادة الفعالة إما بانسجام وتسكين للآلام أو بظهور أعراض كالإرهاق العام أو الإضطرابات الهضمية العابرة."
926,"Choriomon 5000 IU Injection","كوريومون حقن 5000 وحدة","Women's Health","تُستخدم كوريومون حقن 5000 وحدة كدواء علاجي متخصص يوصف من قِبل الطبيب المختص بناء على الحالة المرضية السريرية للوصول للمعدل المطلوب للشفاء واستقرار العلامات الحيوية للجسم.","متفاوتة من مريض لآخر حيث يستجيب الجسم للمادة الفعالة إما بانسجام وتسكين للآلام أو بظهور أعراض كالإرهاق العام أو الإضطرابات الهضمية العابرة."
927,"Ovitrelle 250 mcg Pen","أوفيتريل قلم 250 ميكروجرام","Women's Health","تُستخدم أوفيتريل قلم 250 ميكروجرام كدواء علاجي متخصص يوصف من قِبل الطبيب المختص بناء على الحالة المرضية السريرية للوصول للمعدل المطلوب للشفاء واستقرار العلامات الحيوية للجسم.","متفاوتة من مريض لآخر حيث يستجيب الجسم للمادة الفعالة إما بانسجام وتسكين للآلام أو بظهور أعراض كالإرهاق العام أو الإضطرابات الهضمية العابرة."
928,"Zoladex 3.6mg Implant","زولاديكس حقن 3.6 مجم",Oncology,"تُستخدم زولاديكس حقن 3.6 مجم كدواء علاجي متخصص يوصف من قِبل الطبيب المختص بناء على الحالة المرضية السريرية للوصول للمعدل المطلوب للشفاء واستقرار العلامات الحيوية للجسم.","متفاوتة من مريض لآخر حيث يستجيب الجسم للمادة الفعالة إما بانسجام وتسكين للآلام أو بظهور أعراض كالإرهاق العام أو الإضطرابات الهضمية العابرة."
929,"Decapeptyl 3.75mg Injection","ديكابيبتيل حقن 3.75 مجم",Oncology,"تُستخدم ديكابيبتيل حقن 3.75 مجم كدواء علاجي متخصص يوصف من قِبل الطبيب المختص بناء على الحالة المرضية السريرية للوصول للمعدل المطلوب للشفاء واستقرار العلامات الحيوية للجسم.","متفاوتة من مريض لآخر حيث يستجيب الجسم للمادة الفعالة إما بانسجام وتسكين للآلام أو بظهور أعراض كالإرهاق العام أو الإضطرابات الهضمية العابرة."
930,"Doxorubicin 50mg Vial","دوكسوروبيسين فيال 50 مجم",Oncology,"تُستخدم دوكسوروبيسين فيال 50 مجم كدواء علاجي متخصص يوصف من قِبل الطبيب المختص بناء على الحالة المرضية السريرية للوصول للمعدل المطلوب للشفاء واستقرار العلامات الحيوية للجسم.","متفاوتة من مريض لآخر حيث يستجيب الجسم للمادة الفعالة إما بانسجام وتسكين للآلام أو بظهور أعراض كالإرهاق العام أو الإضطرابات الهضمية العابرة."
931,"Taxol 30mg Vial","تاكسول فيال 30 مجم",Oncology,"تُستخدم تاكسول فيال 30 مجم كدواء علاجي متخصص يوصف من قِبل الطبيب المختص بناء على الحالة المرضية السريرية للوصول للمعدل المطلوب للشفاء واستقرار العلامات الحيوية للجسم.","متفاوتة من مريض لآخر حيث يستجيب الجسم للمادة الفعالة إما بانسجام وتسكين للآلام أو بظهور أعراض كالإرهاق العام أو الإضطرابات الهضمية العابرة."
932,"Endoxan 500mg Vial","إندوكسان فيال 500 مجم",Oncology,"تُستخدم إندوكسان فيال 500 مجم كدواء علاجي متخصص يوصف من قِبل الطبيب المختص بناء على الحالة المرضية السريرية للوصول للمعدل المطلوب للشفاء واستقرار العلامات الحيوية للجسم.","متفاوتة من مريض لآخر حيث يستجيب الجسم للمادة الفعالة إما بانسجام وتسكين للآلام أو بظهور أعراض كالإرهاق العام أو الإضطرابات الهضمية العابرة."
933,"Methotrexate 50mg Vial","ميثوتريكسات فيال 50 مجم",Oncology,"تُستخدم ميثوتريكسات فيال 50 مجم كدواء علاجي متخصص يوصف من قِبل الطبيب المختص بناء على الحالة المرضية السريرية للوصول للمعدل المطلوب للشفاء واستقرار العلامات الحيوية للجسم.","متفاوتة من مريض لآخر حيث يستجيب الجسم للمادة الفعالة إما بانسجام وتسكين للآلام أو بظهور أعراض كالإرهاق العام أو الإضطرابات الهضمية العابرة."
934,"Ebetrex 2.5mg Tablets","إيبيتريكس أقراص 2.5 مجم",Oncology,"تُستخدم إيبيتريكس أقراص 2.5 مجم كدواء علاجي متخصص يوصف من قِبل الطبيب المختص بناء على الحالة المرضية السريرية للوصول للمعدل المطلوب للشفاء واستقرار العلامات الحيوية للجسم.","متفاوتة من مريض لآخر حيث يستجيب الجسم للمادة الفعالة إما بانسجام وتسكين للآلام أو بظهور أعراض كالإرهاق العام أو الإضطرابات الهضمية العابرة."
935,"Purinethol 50mg Tablets","بيورينيثول أقراص 50 مجم",Oncology,"تُستخدم بيورينيثول أقراص 50 مجم كدواء علاجي متخصص يوصف من قِبل الطبيب المختص بناء على الحالة المرضية السريرية للوصول للمعدل المطلوب للشفاء واستقرار العلامات الحيوية للجسم.","متفاوتة من مريض لآخر حيث يستجيب الجسم للمادة الفعالة إما بانسجام وتسكين للآلام أو بظهور أعراض كالإرهاق العام أو الإضطرابات الهضمية العابرة."
936,"Xeloda 500mg Tablets","زيلودا أقراص 500 مجم",Oncology,"تُستخدم زيلودا أقراص 500 مجم كدواء علاجي متخصص يوصف من قِبل الطبيب المختص بناء على الحالة المرضية السريرية للوصول للمعدل المطلوب للشفاء واستقرار العلامات الحيوية للجسم.","متفاوتة من مريض لآخر حيث يستجيب الجسم للمادة الفعالة إما بانسجام وتسكين للآلام أو بظهور أعراض كالإرهاق العام أو الإضطرابات الهضمية العابرة."
937,"Gleevec 400mg Tablets","جليفيك أقراص 400 مجم",Oncology,"تُستخدم جليفيك أقراص 400 مجم كدواء علاجي متخصص يوصف من قِبل الطبيب المختص بناء على الحالة المرضية السريرية للوصول للمعدل المطلوب للشفاء واستقرار العلامات الحيوية للجسم.","متفاوتة من مريض لآخر حيث يستجيب الجسم للمادة الفعالة إما بانسجام وتسكين للآلام أو بظهور أعراض كالإرهاق العام أو الإضطرابات الهضمية العابرة."
938,"Glivec 100mg Tablets","جليفيك أقراص 100 مجم",Oncology,"تُستخدم جليفيك أقراص 100 مجم كدواء علاجي متخصص يوصف من قِبل الطبيب المختص بناء على الحالة المرضية السريرية للوصول للمعدل المطلوب للشفاء واستقرار العلامات الحيوية للجسم.","متفاوتة من مريض لآخر حيث يستجيب الجسم للمادة الفعالة إما بانسجام وتسكين للآلام أو بظهور أعراض كالإرهاق العام أو الإضطرابات الهضمية العابرة."
939,"Nexavar 200mg Tablets","نيكسافار أقراص 200 مجم",Oncology,"تُستخدم نيكسافار أقراص 200 مجم كدواء علاجي متخصص يوصف من قِبل الطبيب المختص بناء على الحالة المرضية السريرية للوصول للمعدل المطلوب للشفاء واستقرار العلامات الحيوية للجسم.","متفاوتة من مريض لآخر حيث يستجيب الجسم للمادة الفعالة إما بانسجام وتسكين للآلام أو بظهور أعراض كالإرهاق العام أو الإضطرابات الهضمية العابرة."
940,"Sutent 50mg Capsules","سوتينت كبسولات 50 مجم",Oncology,"تُستخدم سوتينت كبسولات 50 مجم كدواء علاجي متخصص يوصف من قِبل الطبيب المختص بناء على الحالة المرضية السريرية للوصول للمعدل المطلوب للشفاء واستقرار العلامات الحيوية للجسم.","متفاوتة من مريض لآخر حيث يستجيب الجسم للمادة الفعالة إما بانسجام وتسكين للآلام أو بظهور أعراض كالإرهاق العام أو الإضطرابات الهضمية العابرة."
941,"Revlimid 25mg Capsules","ريفيليميد كبسولات 25 مجم",Oncology,"تُستخدم ريفيليميد كبسولات 25 مجم كدواء علاجي متخصص يوصف من قِبل الطبيب المختص بناء على الحالة المرضية السريرية للوصول للمعدل المطلوب للشفاء واستقرار العلامات الحيوية للجسم.","متفاوتة من مريض لآخر حيث يستجيب الجسم للمادة الفعالة إما بانسجام وتسكين للآلام أو بظهور أعراض كالإرهاق العام أو الإضطرابات الهضمية العابرة."
942,"Imbruvica 140mg Capsules","إمبروفيكا كبسولات 140 مجم",Oncology,"تُستخدم إمبروفيكا كبسولات 140 مجم كدواء علاجي متخصص يوصف من قِبل الطبيب المختص بناء على الحالة المرضية السريرية للوصول للمعدل المطلوب للشفاء واستقرار العلامات الحيوية للجسم.","متفاوتة من مريض لآخر حيث يستجيب الجسم للمادة الفعالة إما بانسجام وتسكين للآلام أو بظهور أعراض كالإرهاق العام أو الإضطرابات الهضمية العابرة."
943,"Keytruda 100mg Vial","كيترودا فيال 100 مجم",Oncology,"تُستخدم كيترودا فيال 100 مجم كدواء علاجي متخصص يوصف من قِبل الطبيب المختص بناء على الحالة المرضية السريرية للوصول للمعدل المطلوب للشفاء واستقرار العلامات الحيوية للجسم.","متفاوتة من مريض لآخر حيث يستجيب الجسم للمادة الفعالة إما بانسجام وتسكين للآلام أو بظهور أعراض كالإرهاق العام أو الإضطرابات الهضمية العابرة."
944,"Opdivo 100mg Vial","أوبديفو فيال 100 مجم",Oncology,"تُستخدم أوبديفو فيال 100 مجم كدواء علاجي متخصص يوصف من قِبل الطبيب المختص بناء على الحالة المرضية السريرية للوصول للمعدل المطلوب للشفاء واستقرار العلامات الحيوية للجسم.","متفاوتة من مريض لآخر حيث يستجيب الجسم للمادة الفعالة إما بانسجام وتسكين للآلام أو بظهور أعراض كالإرهاق العام أو الإضطرابات الهضمية العابرة."
945,"Herceptin 440mg Vial","هيرسيبتين فيال 440 مجم",Oncology,"تُستخدم هيرسيبتين فيال 440 مجم كدواء علاجي متخصص يوصف من قِبل الطبيب المختص بناء على الحالة المرضية السريرية للوصول للمعدل المطلوب للشفاء واستقرار العلامات الحيوية للجسم.","متفاوتة من مريض لآخر حيث يستجيب الجسم للمادة الفعالة إما بانسجام وتسكين للآلام أو بظهور أعراض كالإرهاق العام أو الإضطرابات الهضمية العابرة."
946,"Avastin 400mg Vial","أفاستين فيال 400 مجم",Oncology,"تُستخدم أفاستين فيال 400 مجم كدواء علاجي متخصص يوصف من قِبل الطبيب المختص بناء على الحالة المرضية السريرية للوصول للمعدل المطلوب للشفاء واستقرار العلامات الحيوية للجسم.","متفاوتة من مريض لآخر حيث يستجيب الجسم للمادة الفعالة إما بانسجام وتسكين للآلام أو بظهور أعراض كالإرهاق العام أو الإضطرابات الهضمية العابرة."
947,"Rituxan 500mg Vial","ريتوكسان فيال 500 مجم",Oncology,"تُستخدم ريتوكسان فيال 500 مجم كدواء علاجي متخصص يوصف من قِبل الطبيب المختص بناء على الحالة المرضية السريرية للوصول للمعدل المطلوب للشفاء واستقرار العلامات الحيوية للجسم.","متفاوتة من مريض لآخر حيث يستجيب الجسم للمادة الفعالة إما بانسجام وتسكين للآلام أو بظهور أعراض كالإرهاق العام أو الإضطرابات الهضمية العابرة."
948,"Mabthera 500mg Vial","مابثيرا فيال 500 مجم",Oncology,"تُستخدم مابثيرا فيال 500 مجم كدواء علاجي متخصص يوصف من قِبل الطبيب المختص بناء على الحالة المرضية السريرية للوصول للمعدل المطلوب للشفاء واستقرار العلامات الحيوية للجسم.","متفاوتة من مريض لآخر حيث يستجيب الجسم للمادة الفعالة إما بانسجام وتسكين للآلام أو بظهور أعراض كالإرهاق العام أو الإضطرابات الهضمية العابرة."
949,"Neupogen 30MU Injection","نيوبوجين حقن 30 مليون وحدة",Oncology,"تُستخدم نيوبوجين حقن 30 مليون وحدة كدواء علاجي متخصص يوصف من قِبل الطبيب المختص بناء على الحالة المرضية السريرية للوصول للمعدل المطلوب للشفاء واستقرار العلامات الحيوية للجسم.","متفاوتة من مريض لآخر حيث يستجيب الجسم للمادة الفعالة إما بانسجام وتسكين للآلام أو بظهور أعراض كالإرهاق العام أو الإضطرابات الهضمية العابرة."
950,"Amikin 250mg Vial","أميكين فيال 250 مجم",Antibiotics,"تُستخدم أميكين فيال 250 مجم كمضاد حيوي واسع المجال بتركيبة البنسلين، يُستخدم بفعالية فائقة للقضاء على الالتهابات البكتيرية في الجهاز التنفسي العلوي والسفلي (كالتهاب اللوزتين والجيوب الأنفية والالتهاب الرئوي)، بالإضافة لمعالجة التهابات الأذن والمسالك البولية وعدوى الأسنان.","قد يصاحبه إسهال أو اضطرابات هضمية خفيفة. يجب التوقف فوراً ومراجعة الطبيب إذا ظهر طفح جلدي كثيف أو تورم يشير لحساسية من البنسلين."
951,"Neurontin 100mg Capsules","نيورونتين كبسولات 100 مجم",Neurology,"تُستخدم نيورونتين كبسولات 100 مجم كأدوية عصبية محورية وضرورية للغاية؛ لتنظيم التوازن اللحظي لكهرباء المخ ومهدئ نشط جداً لإشارات الألم العصبي. ناجزة لمرضى الصرع والاختلاجات السريعة وللتحكم بتهيج الخلايا العصبية الناتج عن الاكتئابات والقلق المفرط.","استقرار حيوي مقابل الشعور المحتمل المتواصل بالنعاس والدوار الذي يخل بالخفة، ويُمنع نهائياً ترك الدواء المفاجئ لتفادي التشنجات الارتدادية أو الهبوط المفاجئ للمرضى."
952,"Spiriva 18mcg Inhaler","سبيريفا بخاخ 18 ميكروجرام",Respiratory,"تُستخدم سبيريفا بخاخ 18 ميكروجرام كموسع فوري للقصبات والشعب الهوائية المتشنجة والضائقة، يستعمل لإنقاذ مرضى أزمات الربو التنفسية وداء الانسداد الرئوي من ضيق التنفس وصفير الصدر لعودة تدفق الأكسيجين.","من أهم آثاره الجانبية المعروفة حدوث رجفة ملاحظة وخفيفة في اليدين مع خفقان متسارع بالقلب وجفاف الفم، وتزول هذه الأعراض تدريجياً."
953,"Asacol 400mg Tablets","أساكول أقراص 400 مجم","Stomach & GI","تُستخدم أساكول أقراص 400 مجم كمثبط ذكي لمضخات البروتون لمنع إفراز حمض المعدة بقوة. وهو العلاج الأساسي والممتاز لحرقان فم المعدة، الارتجاع المريئي المتعب، والشفاء الموضعي لقرحة المعدة والإثنا عشر.","الاستعمال القصير غالباً آمن بلا أعراض سوى صداع خفيف أو إمساك. الاستخدام المستمر الطويل قد يقلل من امتصاص الجسم لفيتامين ب١٢ وأملاح الكالسيوم."
954,"Salofalk 500mg Tablets","سالوفالك أقراص 500 مجم","Stomach & GI","تُستخدم سالوفالك أقراص 500 مجم كمثبط ذكي لمضخات البروتون لمنع إفراز حمض المعدة بقوة. وهو العلاج الأساسي والممتاز لحرقان فم المعدة، الارتجاع المريئي المتعب، والشفاء الموضعي لقرحة المعدة والإثنا عشر.","الاستعمال القصير غالباً آمن بلا أعراض سوى صداع خفيف أو إمساك. الاستخدام المستمر الطويل قد يقلل من امتصاص الجسم لفيتامين ب١٢ وأملاح الكالسيوم."
955,"Pentasa 1g Suppositories","بينتاسا لبوس 1 جرام","Stomach & GI","تُستخدم بينتاسا لبوس 1 جرام كمثبط ذكي لمضخات البروتون لمنع إفراز حمض المعدة بقوة. وهو العلاج الأساسي والممتاز لحرقان فم المعدة، الارتجاع المريئي المتعب، والشفاء الموضعي لقرحة المعدة والإثنا عشر.","الاستعمال القصير غالباً آمن بلا أعراض سوى صداع خفيف أو إمساك. الاستخدام المستمر الطويل قد يقلل من امتصاص الجسم لفيتامين ب١٢ وأملاح الكالسيوم."
956,"Catafast 50mg Sachets","كتافاست أكياس 50 مجم",Painkillers,"تُستخدم كتافاست أكياس 50 مجم كمسكن قوي وفعال لآلام الهيكل العظمي والمفاصل، وخافض سريع لحرارة الجسم المرتفعة (الحمى). يُستخدم بكفاءة لعلاج الصداع أو الصداع النصفي، آلام الدورة الشهرية لدى النساء، والتهابات الحلق المرافقة لنزلات البرد وتخفيف آلام الأسنان.","يعتبر آمناً جداً عند الاستخدام المعتدل، ولكن الجرعات الزائدة المتكررة قد تسبب إجهاداً شديداً لوظائف الكبد، وفي حالات نادرة قد يحدث طفح جلدي طفيف."
957,"Aspirin Protect 100mg Tablets","أسبرين بروتكت أقراص 100 مجم","Heart & BP","تُستخدم أسبرين بروتكت أقراص 100 مجم كحاصرات ذكية لمستقبلات بيتا، تعمل بشكل علمي لدعم عضلة القلب، وتقليل عبء الضربات المتسارعة المجهدة، بالإضافة لخفض ضغط الدم المرتفع والوقاية الفعالة من نوبات الذبحات الصدرية.","قد يشعر المريض بنوع من الدوار العابر المستمر وبطء ضربات القلب والشعور ببرودة واضحة في الأطراف، ولا يصلح لمرضى الربو الشديد."
958,"Eltroxin 50mcg Tablets","إلتروكسين أقراص 50 ميكروجرام",Hormones,"تُستخدم إلتروكسين أقراص 50 ميكروجرام كدواء علاجي متخصص يوصف من قِبل الطبيب المختص بناء على الحالة المرضية السريرية للوصول للمعدل المطلوب للشفاء واستقرار العلامات الحيوية للجسم.","متفاوتة من مريض لآخر حيث يستجيب الجسم للمادة الفعالة إما بانسجام وتسكين للآلام أو بظهور أعراض كالإرهاق العام أو الإضطرابات الهضمية العابرة."
959,"Alphintern Tablets","ألفينتيرن أقراص",Painkillers,"تُستخدم ألفينتيرن أقراص كمسكن قوي وفعال لآلام الهيكل العظمي والمفاصل، وخافض سريع لحرارة الجسم المرتفعة (الحمى). يُستخدم بكفاءة لعلاج الصداع أو الصداع النصفي، آلام الدورة الشهرية لدى النساء، والتهابات الحلق المرافقة لنزلات البرد وتخفيف آلام الأسنان.","يعتبر آمناً جداً عند الاستخدام المعتدل، ولكن الجرعات الزائدة المتكررة قد تسبب إجهاداً شديداً لوظائف الكبد، وفي حالات نادرة قد يحدث طفح جلدي طفيف."
960,"Ambezym G Tablets","أمبيزيم جي أقراص",Painkillers,"تُستخدم أمبيزيم جي أقراص كمسكن قوي وفعال لآلام الهيكل العظمي والمفاصل، وخافض سريع لحرارة الجسم المرتفعة (الحمى). يُستخدم بكفاءة لعلاج الصداع أو الصداع النصفي، آلام الدورة الشهرية لدى النساء، والتهابات الحلق المرافقة لنزلات البرد وتخفيف آلام الأسنان.","يعتبر آمناً جداً عند الاستخدام المعتدل، ولكن الجرعات الزائدة المتكررة قد تسبب إجهاداً شديداً لوظائف الكبد، وفي حالات نادرة قد يحدث طفح جلدي طفيف."
961,"Daktacort Cream","داكتاكورت كريم",Dermatology,"تُستخدم داكتاكورت كريم كدهان جلدي طبي قوي يحتوي على مركبات علاجية مكثفة تستخدم لعلاج الالتهابات الجلدية المريعة أو حب الشباب المستعصي والأكزيما، يخفف على الفور الاحمرار ويسرع التئام وتقشير نسيج الغشاء الخارجي لاستبداله بخلايا صحيحة قوية.","تحتاج لحذر، فالاستخدام العشوائي الدائم أو التعرض المباشر للشمس بعدها قد يُحدث ترققاً شديداً أو تمدداً في الجلد يتسبب في إحمرار وأوعية دموية مسلوخة وغير مقبولة أبداً."
962,"Locasalen Ointment","لوكاسالين مرهم",Dermatology,"تُستخدم لوكاسالين مرهم كدهان جلدي طبي قوي يحتوي على مركبات علاجية مكثفة تستخدم لعلاج الالتهابات الجلدية المريعة أو حب الشباب المستعصي والأكزيما، يخفف على الفور الاحمرار ويسرع التئام وتقشير نسيج الغشاء الخارجي لاستبداله بخلايا صحيحة قوية.","تحتاج لحذر، فالاستخدام العشوائي الدائم أو التعرض المباشر للشمس بعدها قد يُحدث ترققاً شديداً أو تمدداً في الجلد يتسبب في إحمرار وأوعية دموية مسلوخة وغير مقبولة أبداً."
963,"Keralin Ointment","كيرالين مرهم",Dermatology,"تُستخدم كيرالين مرهم كدهان جلدي طبي قوي يحتوي على مركبات علاجية مكثفة تستخدم لعلاج الالتهابات الجلدية المريعة أو حب الشباب المستعصي والأكزيما، يخفف على الفور الاحمرار ويسرع التئام وتقشير نسيج الغشاء الخارجي لاستبداله بخلايا صحيحة قوية.","تحتاج لحذر، فالاستخدام العشوائي الدائم أو التعرض المباشر للشمس بعدها قد يُحدث ترققاً شديداً أو تمدداً في الجلد يتسبب في إحمرار وأوعية دموية مسلوخة وغير مقبولة أبداً."
964,"Vastarel MR 35mg Tablets","فاستاريل إم آر أقراص 35 مجم","Heart & BP","تُستخدم فاستاريل إم آر أقراص 35 مجم كحاصرات ذكية لمستقبلات بيتا، تعمل بشكل علمي لدعم عضلة القلب، وتقليل عبء الضربات المتسارعة المجهدة، بالإضافة لخفض ضغط الدم المرتفع والوقاية الفعالة من نوبات الذبحات الصدرية.","قد يشعر المريض بنوع من الدوار العابر المستمر وبطء ضربات القلب والشعور ببرودة واضحة في الأطراف، ولا يصلح لمرضى الربو الشديد."
965,"Preterax 5mg Tablets","بريتراكس أقراص 5 مجم","Heart & BP","تُستخدم بريتراكس أقراص 5 مجم كحاصرات ذكية لمستقبلات بيتا، تعمل بشكل علمي لدعم عضلة القلب، وتقليل عبء الضربات المتسارعة المجهدة، بالإضافة لخفض ضغط الدم المرتفع والوقاية الفعالة من نوبات الذبحات الصدرية.","قد يشعر المريض بنوع من الدوار العابر المستمر وبطء ضربات القلب والشعور ببرودة واضحة في الأطراف، ولا يصلح لمرضى الربو الشديد."
966,"Betadine Ointment","بيتادين مرهم",Dermatology,"تُستخدم بيتادين مرهم كدهان جلدي طبي قوي يحتوي على مركبات علاجية مكثفة تستخدم لعلاج الالتهابات الجلدية المريعة أو حب الشباب المستعصي والأكزيما، يخفف على الفور الاحمرار ويسرع التئام وتقشير نسيج الغشاء الخارجي لاستبداله بخلايا صحيحة قوية.","تحتاج لحذر، فالاستخدام العشوائي الدائم أو التعرض المباشر للشمس بعدها قد يُحدث ترققاً شديداً أو تمدداً في الجلد يتسبب في إحمرار وأوعية دموية مسلوخة وغير مقبولة أبداً."
967,"Betadine Surgical Scrub","بيتادين غسول جراحي",Dermatology,"تُستخدم بيتادين غسول جراحي كدهان جلدي طبي قوي يحتوي على مركبات علاجية مكثفة تستخدم لعلاج الالتهابات الجلدية المريعة أو حب الشباب المستعصي والأكزيما، يخفف على الفور الاحمرار ويسرع التئام وتقشير نسيج الغشاء الخارجي لاستبداله بخلايا صحيحة قوية.","تحتاج لحذر، فالاستخدام العشوائي الدائم أو التعرض المباشر للشمس بعدها قد يُحدث ترققاً شديداً أو تمدداً في الجلد يتسبب في إحمرار وأوعية دموية مسلوخة وغير مقبولة أبداً."
968,"Ibuprofen 400mg Tablets","إيبوبروفين أقراص 400 مجم",Painkillers,"تُستخدم إيبوبروفين أقراص 400 مجم كمسكن قوي وفعال لآلام الهيكل العظمي والمفاصل، وخافض سريع لحرارة الجسم المرتفعة (الحمى). يُستخدم بكفاءة لعلاج الصداع أو الصداع النصفي، آلام الدورة الشهرية لدى النساء، والتهابات الحلق المرافقة لنزلات البرد وتخفيف آلام الأسنان.","يعتبر آمناً جداً عند الاستخدام المعتدل، ولكن الجرعات الزائدة المتكررة قد تسبب إجهاداً شديداً لوظائف الكبد، وفي حالات نادرة قد يحدث طفح جلدي طفيف."
969,"Paracetamol 500mg Tablets","باراسيتامول أقراص 500 مجم",Painkillers,"تُستخدم باراسيتامول أقراص 500 مجم كمسكن قوي وفعال لآلام الهيكل العظمي والمفاصل، وخافض سريع لحرارة الجسم المرتفعة (الحمى). يُستخدم بكفاءة لعلاج الصداع أو الصداع النصفي، آلام الدورة الشهرية لدى النساء، والتهابات الحلق المرافقة لنزلات البرد وتخفيف آلام الأسنان.","يعتبر آمناً جداً عند الاستخدام المعتدل، ولكن الجرعات الزائدة المتكررة قد تسبب إجهاداً شديداً لوظائف الكبد، وفي حالات نادرة قد يحدث طفح جلدي طفيف."
970,"Zithrokan 500mg Capsules","زيثروكان كبسولات 500 مجم",Antibiotics,"تُستخدم زيثروكان كبسولات 500 مجم كمضاد حيوي واسع المجال بتركيبة البنسلين، يُستخدم بفعالية فائقة للقضاء على الالتهابات البكتيرية في الجهاز التنفسي العلوي والسفلي (كالتهاب اللوزتين والجيوب الأنفية والالتهاب الرئوي)، بالإضافة لمعالجة التهابات الأذن والمسالك البولية وعدوى الأسنان.","قد يصاحبه إسهال أو اضطرابات هضمية خفيفة. يجب التوقف فوراً ومراجعة الطبيب إذا ظهر طفح جلدي كثيف أو تورم يشير لحساسية من البنسلين."
971,"Pevaryl 1% Cream","بيفاريل كريم 1%",Dermatology,"تُستخدم بيفاريل كريم 1% كدهان جلدي طبي قوي يحتوي على مركبات علاجية مكثفة تستخدم لعلاج الالتهابات الجلدية المريعة أو حب الشباب المستعصي والأكزيما، يخفف على الفور الاحمرار ويسرع التئام وتقشير نسيج الغشاء الخارجي لاستبداله بخلايا صحيحة قوية.","تحتاج لحذر، فالاستخدام العشوائي الدائم أو التعرض المباشر للشمس بعدها قد يُحدث ترققاً شديداً أو تمدداً في الجلد يتسبب في إحمرار وأوعية دموية مسلوخة وغير مقبولة أبداً."
972,"Daktarin Powder","داكتارين بودرة",Dermatology,"تُستخدم داكتارين بودرة كمضاد فطري موضعي فعّال جداً (أو فموي للحالات المقاومة) مصمم لاستهداف والقضاء الجذري على الفطريات الجلدية الصعبة بكافة المسببات كأكزيما الفطريات، الثعلبة وتينيا القدم العنيدة والعدوى المهبلية والتخلص من روائح الفطريات المزعجة.","استجابته الجلدية آمنة في المجمل، لكن قد يحدث تهيج موضعي طفيف للمرهم أو حساسية وحكة مستمرة نتيجة ارتكاس الجلد للمادة الفعالة المُركّزة."
973,"Concor 2.5mg Tablets","كونكور أقراص 2.5 مجم","Heart & BP","تُستخدم كونكور أقراص 2.5 مجم كحاصرات ذكية لمستقبلات بيتا، تعمل بشكل علمي لدعم عضلة القلب، وتقليل عبء الضربات المتسارعة المجهدة، بالإضافة لخفض ضغط الدم المرتفع والوقاية الفعالة من نوبات الذبحات الصدرية.","قد يشعر المريض بنوع من الدوار العابر المستمر وبطء ضربات القلب والشعور ببرودة واضحة في الأطراف، ولا يصلح لمرضى الربو الشديد."
974,"Bisocard 5mg Tablets","بيسوكارد أقراص 5 مجم","Heart & BP","تُستخدم بيسوكارد أقراص 5 مجم كحاصرات ذكية لمستقبلات بيتا، تعمل بشكل علمي لدعم عضلة القلب، وتقليل عبء الضربات المتسارعة المجهدة، بالإضافة لخفض ضغط الدم المرتفع والوقاية الفعالة من نوبات الذبحات الصدرية.","قد يشعر المريض بنوع من الدوار العابر المستمر وبطء ضربات القلب والشعور ببرودة واضحة في الأطراف، ولا يصلح لمرضى الربو الشديد."
975,"Plavix 300mg Tablets","بلافيكس أقراص 300 مجم","Heart & BP","تُستخدم بلافيكس أقراص 300 مجم كأدوية مساندة لأداء الدورة الدموية، تستخدم إما كمدرات للبول للتخلص من السوائل المتجمعة في الرئة والأطراف السفلية، أو كمميعات قوية للدم لمنع حدوث التجلطات المفاجئة في الأوردة والشرايين المغذية.","مدرات البول قد تسبب الإجهاد العضلي لخسارة الأملاح (كالبوتاسيوم)، ومميعات الدم قد تزيد من خطر وطول مدة النزيف من الجروح أو الكدمات البسيطة."
976,"Brilinta 90mg Tablets","بريليتيا أقراص 90 مجم","Heart & BP","تُستخدم بريليتيا أقراص 90 مجم كحاصرات ذكية لمستقبلات بيتا، تعمل بشكل علمي لدعم عضلة القلب، وتقليل عبء الضربات المتسارعة المجهدة، بالإضافة لخفض ضغط الدم المرتفع والوقاية الفعالة من نوبات الذبحات الصدرية.","قد يشعر المريض بنوع من الدوار العابر المستمر وبطء ضربات القلب والشعور ببرودة واضحة في الأطراف، ولا يصلح لمرضى الربو الشديد."
977,"Lanoxin 0.125mg Tablets","لانوكسين أقراص 0.125 مجم","Heart & BP","تُستخدم لانوكسين أقراص 0.125 مجم كأدوية مساندة لأداء الدورة الدموية، تستخدم إما كمدرات للبول للتخلص من السوائل المتجمعة في الرئة والأطراف السفلية، أو كمميعات قوية للدم لمنع حدوث التجلطات المفاجئة في الأوردة والشرايين المغذية.","مدرات البول قد تسبب الإجهاد العضلي لخسارة الأملاح (كالبوتاسيوم)، ومميعات الدم قد تزيد من خطر وطول مدة النزيف من الجروح أو الكدمات البسيطة."
978,"Clopidogrel 75mg Tablets","كلوبيدوجريل أقراص 75 مجم","Heart & BP","تُستخدم كلوبيدوجريل أقراص 75 مجم كحاصرات ذكية لمستقبلات بيتا، تعمل بشكل علمي لدعم عضلة القلب، وتقليل عبء الضربات المتسارعة المجهدة، بالإضافة لخفض ضغط الدم المرتفع والوقاية الفعالة من نوبات الذبحات الصدرية.","قد يشعر المريض بنوع من الدوار العابر المستمر وبطء ضربات القلب والشعور ببرودة واضحة في الأطراف، ولا يصلح لمرضى الربو الشديد."
979,"Amlodipine 10mg Tablets","أملوديبين أقراص 10 مجم","Heart & BP","تُستخدم أملوديبين أقراص 10 مجم كعلاج مفصلي لمرضى الضغط المرتفع يعمل كمرخي للأوعية الدموية المتشنجة لتسمح بسهولة تدفق وسريان الدم للقلب وبقية أعضاء الجسم بانسيابية متزنة دون ضغوط.","قد يسبب الاستخدام الدائم تورماً واضحاً جداً في الكاحلين والقدمين واحتباساً للماء تحت الجلد، وصداع الرأس العابر مع احمرار وبريق الوجه."
980,"Lisinopril 10mg Tablets","ليزينوبريل أقراص 10 مجم","Heart & BP","تُستخدم ليزينوبريل أقراص 10 مجم كحاصرات ذكية لمستقبلات بيتا، تعمل بشكل علمي لدعم عضلة القلب، وتقليل عبء الضربات المتسارعة المجهدة، بالإضافة لخفض ضغط الدم المرتفع والوقاية الفعالة من نوبات الذبحات الصدرية.","قد يشعر المريض بنوع من الدوار العابر المستمر وبطء ضربات القلب والشعور ببرودة واضحة في الأطراف، ولا يصلح لمرضى الربو الشديد."
981,"Atorvastatin 20mg Tablets","أتورفاستاتين أقراص 20 مجم","Heart & BP","تُستخدم أتورفاستاتين أقراص 20 مجم لتثبيط إنتاج الكبد المفرط للكوليسترول الضار والدهون الثلاثية الخبيثة، مما يحمي الشرايين بشكل فعال من التصلب والانسداد المفاجئ ويحافظ على صحة القلب الممتازة.","العمليات الحيوية للقلب قوية ولكن الدواء بجرعات زائدة قد يسبب ألماً وارهاقاً متواصلاً في بعض العضلات الرئيسية ومفصل الساق يتطلب الانتباه."
982,"Rosuvastatin 10mg Tablets","روسوفاستاتين أقراص 10 مجم","Heart & BP","تُستخدم روسوفاستاتين أقراص 10 مجم كحاصرات ذكية لمستقبلات بيتا، تعمل بشكل علمي لدعم عضلة القلب، وتقليل عبء الضربات المتسارعة المجهدة، بالإضافة لخفض ضغط الدم المرتفع والوقاية الفعالة من نوبات الذبحات الصدرية.","قد يشعر المريض بنوع من الدوار العابر المستمر وبطء ضربات القلب والشعور ببرودة واضحة في الأطراف، ولا يصلح لمرضى الربو الشديد."
983,"Simvastatin 20mg Tablets","سيمفاستاتين أقراص 20 مجم","Heart & BP","تُستخدم سيمفاستاتين أقراص 20 مجم كحاصرات ذكية لمستقبلات بيتا، تعمل بشكل علمي لدعم عضلة القلب، وتقليل عبء الضربات المتسارعة المجهدة، بالإضافة لخفض ضغط الدم المرتفع والوقاية الفعالة من نوبات الذبحات الصدرية.","قد يشعر المريض بنوع من الدوار العابر المستمر وبطء ضربات القلب والشعور ببرودة واضحة في الأطراف، ولا يصلح لمرضى الربو الشديد."
984,"Fenofibrate 200mg Capsules","فينوفيبرات كبسولات 200 مجم","Heart & BP","تُستخدم فينوفيبرات كبسولات 200 مجم كحاصرات ذكية لمستقبلات بيتا، تعمل بشكل علمي لدعم عضلة القلب، وتقليل عبء الضربات المتسارعة المجهدة، بالإضافة لخفض ضغط الدم المرتفع والوقاية الفعالة من نوبات الذبحات الصدرية.","قد يشعر المريض بنوع من الدوار العابر المستمر وبطء ضربات القلب والشعور ببرودة واضحة في الأطراف، ولا يصلح لمرضى الربو الشديد."
985,"Ezetrol 10mg Tablets","إيزيترول أقراص 10 مجم","Heart & BP","تُستخدم إيزيترول أقراص 10 مجم كحاصرات ذكية لمستقبلات بيتا، تعمل بشكل علمي لدعم عضلة القلب، وتقليل عبء الضربات المتسارعة المجهدة، بالإضافة لخفض ضغط الدم المرتفع والوقاية الفعالة من نوبات الذبحات الصدرية.","قد يشعر المريض بنوع من الدوار العابر المستمر وبطء ضربات القلب والشعور ببرودة واضحة في الأطراف، ولا يصلح لمرضى الربو الشديد."
986,"Vytorin 10/20mg Tablets","فيتورين أقراص 10/20 مجم","Heart & BP","تُستخدم فيتورين أقراص 10/20 مجم كحاصرات ذكية لمستقبلات بيتا، تعمل بشكل علمي لدعم عضلة القلب، وتقليل عبء الضربات المتسارعة المجهدة، بالإضافة لخفض ضغط الدم المرتفع والوقاية الفعالة من نوبات الذبحات الصدرية.","قد يشعر المريض بنوع من الدوار العابر المستمر وبطء ضربات القلب والشعور ببرودة واضحة في الأطراف، ولا يصلح لمرضى الربو الشديد."
987,"Diamicron MR 60mg Tablets","دياميكرون إم آر أقراص 60 مجم",Diabetes,"تُستخدم دياميكرون إم آر أقراص 60 مجم كمحفز قوي للبنكرياس لإنتاج وضخ المزيد من الإنسولين في مجرى الدم للسيطرة المباشرة على مستويات السكر المرتفعة بعد الوجبات لمرضى النوع الثاني.","أكثر أعراضه الجانبية شيوعاً وخطراً هي نوبات هبوط السكر المفاجئ (الدوخة، التعرق، الرعشة) خصوصاً للمريض الذي يهمل وجبته بعد الدواء."
988,"Amaryl M 2/500mg Tablets","أماريل إم 2/500 مجم",Diabetes,"تُستخدم أماريل إم 2/500 مجم كمحفز قوي للبنكرياس لإنتاج وضخ المزيد من الإنسولين في مجرى الدم للسيطرة المباشرة على مستويات السكر المرتفعة بعد الوجبات لمرضى النوع الثاني.","أكثر أعراضه الجانبية شيوعاً وخطراً هي نوبات هبوط السكر المفاجئ (الدوخة، التعرق، الرعشة) خصوصاً للمريض الذي يهمل وجبته بعد الدواء."
989,"Galvus Met 50/1000mg Tablets","جالفوس مت أقراص 50/1000",Diabetes,"تُستخدم جالفوس مت أقراص 50/1000 كجيل حديث من أدوية السكري يعمل إما على منع تكسر الهرمونات المحفزة للإنسولين أو طرد الجلوكوز الزائد عن طريق البول، مما يحافظ على استقرار السكر ويحمي القلب والكلى.","المجموعة التي تعمل عبر البول (SGLT2) قد تسبب تكرار التبول وزيادة ملحوظة في خطر الإصابة بعدوى المسالك البولية الفطرية المتككرة."
990,"Synjardy 12.5/1000mg Tablets","سينجاردي أقراص 12.5/1000",Diabetes,"تُستخدم سينجاردي أقراص 12.5/1000 كجيل حديث من أدوية السكري يعمل إما على منع تكسر الهرمونات المحفزة للإنسولين أو طرد الجلوكوز الزائد عن طريق البول، مما يحافظ على استقرار السكر ويحمي القلب والكلى.","المجموعة التي تعمل عبر البول (SGLT2) قد تسبب تكرار التبول وزيادة ملحوظة في خطر الإصابة بعدوى المسالك البولية الفطرية المتككرة."
991,"Victoza 18mg Pen","فيكتوزا قلم 18 مجم",Diabetes,"تُستخدم فيكتوزا قلم 18 مجم كعلاج هرموني بديل (أو محفز للبنكرياس) لمرضى السكري من النوع الأول المعتمدين لتنظيم جلوكوز الدم كلياً، ومُساعد قوي للنوع الثاني للتحكم بصعود السكر العنيف.","الصداع الملحوظ، هبوط وتدني مستويات السكر السريعة والتي ترافقها رجفة واختلال في التوازن، وزيادة الوزن المرتبطة بأخذ الإنسولين لمدد طويلة."
992,"Ozempic 0.5mg Pen","أوزمبك قلم 0.5 مجم",Diabetes,"تُستخدم أوزمبك قلم 0.5 مجم كعلاج هرموني بديل (أو محفز للبنكرياس) لمرضى السكري من النوع الأول المعتمدين لتنظيم جلوكوز الدم كلياً، ومُساعد قوي للنوع الثاني للتحكم بصعود السكر العنيف.","الصداع الملحوظ، هبوط وتدني مستويات السكر السريعة والتي ترافقها رجفة واختلال في التوازن، وزيادة الوزن المرتبطة بأخذ الإنسولين لمدد طويلة."
993,"Ozempic 1mg Pen","أوزمبك قلم 1 مجم",Diabetes,"تُستخدم أوزمبك قلم 1 مجم كعلاج هرموني بديل (أو محفز للبنكرياس) لمرضى السكري من النوع الأول المعتمدين لتنظيم جلوكوز الدم كلياً، ومُساعد قوي للنوع الثاني للتحكم بصعود السكر العنيف.","الصداع الملحوظ، هبوط وتدني مستويات السكر السريعة والتي ترافقها رجفة واختلال في التوازن، وزيادة الوزن المرتبطة بأخذ الإنسولين لمدد طويلة."
994,"Mounjaro 5mg Pen","مونجارو قلم 5 مجم",Diabetes,"تُستخدم مونجارو قلم 5 مجم كمنظم حيوي وأساسي لسكر الدم يعمل على زيادة حساسية الجسم للإنسولين وتقليل إنتاج الكبد اللحظي للسكر. يعتبر طوق النجاة الأول عالمياً لمرضى السكري من النوع الثاني.","اضطرابات الجهاز الهضمي المؤقتة هي العرض الأشهر (الإسهال الشديد، ألآم البطن، والانتفاخ)، ويفضل تناوله في وسط الوجبات لتقليل هذا الأثر."
995,"Insulatard FlexPen","إنسولاتارد فليكس بن",Diabetes,"تُستخدم إنسولاتارد فليكس بن كمنظم حيوي وأساسي لسكر الدم يعمل على زيادة حساسية الجسم للإنسولين وتقليل إنتاج الكبد اللحظي للسكر. يعتبر طوق النجاة الأول عالمياً لمرضى السكري من النوع الثاني.","اضطرابات الجهاز الهضمي المؤقتة هي العرض الأشهر (الإسهال الشديد، ألآم البطن، والانتفاخ)، ويفضل تناوله في وسط الوجبات لتقليل هذا الأثر."
996,"Apidra 100IU/ml Vial","أبيدرا 100 وحدة فيال",Diabetes,"تُستخدم أبيدرا 100 وحدة فيال كعلاج هرموني بديل (أو محفز للبنكرياس) لمرضى السكري من النوع الأول المعتمدين لتنظيم جلوكوز الدم كلياً، ومُساعد قوي للنوع الثاني للتحكم بصعود السكر العنيف.","الصداع الملحوظ، هبوط وتدني مستويات السكر السريعة والتي ترافقها رجفة واختلال في التوازن، وزيادة الوزن المرتبطة بأخذ الإنسولين لمدد طويلة."
997,"RyzoDeg FlexTouch","ريزوديج فليكستاوتش",Diabetes,"تُستخدم ريزوديج فليكستاوتش كمنظم حيوي وأساسي لسكر الدم يعمل على زيادة حساسية الجسم للإنسولين وتقليل إنتاج الكبد اللحظي للسكر. يعتبر طوق النجاة الأول عالمياً لمرضى السكري من النوع الثاني.","اضطرابات الجهاز الهضمي المؤقتة هي العرض الأشهر (الإسهال الشديد، ألآم البطن، والانتفاخ)، ويفضل تناوله في وسط الوجبات لتقليل هذا الأثر."
998,"Xigduo XR 10/1000mg","زيجدو إكس آر أقراص",Diabetes,"تُستخدم زيجدو إكس آر أقراص كجيل حديث من أدوية السكري يعمل إما على منع تكسر الهرمونات المحفزة للإنسولين أو طرد الجلوكوز الزائد عن طريق البول، مما يحافظ على استقرار السكر ويحمي القلب والكلى.","المجموعة التي تعمل عبر البول (SGLT2) قد تسبب تكرار التبول وزيادة ملحوظة في خطر الإصابة بعدوى المسالك البولية الفطرية المتككرة."
999,"Kombiglyze XR 5/1000","كومبيجلايز أقراص إكس آر",Diabetes,"تُستخدم كومبيجلايز أقراص إكس آر كمنظم حيوي وأساسي لسكر الدم يعمل على زيادة حساسية الجسم للإنسولين وتقليل إنتاج الكبد اللحظي للسكر. يعتبر طوق النجاة الأول عالمياً لمرضى السكري من النوع الثاني.","اضطرابات الجهاز الهضمي المؤقتة هي العرض الأشهر (الإسهال الشديد، ألآم البطن، والانتفاخ)، ويفضل تناوله في وسط الوجبات لتقليل هذا الأثر."
1000,"Dapagliflozin 10mg Tablets","داباجليفلوزين أقراص 10 مجم",Diabetes,"تُستخدم داباجليفلوزين أقراص 10 مجم كمنظم حيوي وأساسي لسكر الدم يعمل على زيادة حساسية الجسم للإنسولين وتقليل إنتاج الكبد اللحظي للسكر. يعتبر طوق النجاة الأول عالمياً لمرضى السكري من النوع الثاني.","اضطرابات الجهاز الهضمي المؤقتة هي العرض الأشهر (الإسهال الشديد، ألآم البطن، والانتفاخ)، ويفضل تناوله في وسط الوجبات لتقليل هذا الأثر."
